park_name,postcode,website,staticcaravanparks_url,telephone,no_pitches,pitch_fees,season_pitches_box_found,data_source,county,town,region,region_fallback_used,status,chain
Abbey Farm Holiday Park,L40 5TX,https://www.harrisonholidays.com,https://www.staticcaravanparks.co.uk/parks/lancashire/abbey-farm-caravan-park,01695 572 686,,,False,original 643-park reference table,Lancashire,"West Lancashire, unparished area",North West,no,listings,Harrison Holidays
Abbot's Salford,WR11 8UN,https://allenscaravans.co.uk,https://www.staticcaravanparks.co.uk/parks/warwickshire/abbots-salford-caravan-park,01386 870 244,,,False,original 643-park reference table,Warwickshire,Salford Priors,Central England,no,listings,Allens Caravans
Aber Bay,SY23 3DT,https://www.clarachbay.com,https://www.staticcaravanparks.co.uk/parks/wales/bay-caravan-park,02920 707 512,,,False,original 643-park reference table,Ceredigion,Tirymynach,South Wales,no,listings,Vale Holiday Parks
Aberconwy Resort & Spa,LL32 8GA,https://darwinescapes.co.uk,https://www.staticcaravanparks.co.uk/parks/wales/aberconwy-park-and-country-club,01492 572 002,,,False,original 643-park reference table,Conwy,Conwy,North Wales,no,listings,Darwin Escapes
Addlethorpe Golf & Country Club,PE24 4TG,https://www.coastfields.co.uk,https://www.staticcaravanparks.co.uk/parks/lincolnshire/thorpe-park-holiday-centre,08714 680 496,,,False,original 643-park reference table,Lincolnshire,Addlethorpe,Central England,yes,listings,Coastfields Leisure
Akebar Park,DL8 5LY,http://www.akebarpark.com,https://www.staticcaravanparks.co.uk/parks/yorkshire/akebar-park,01677 450 201,180.0,,False,original 643-park reference table,North Yorkshire,Akebar,Yorkshire and Humber,no,listings,
Alberta Holiday Park,CT5 4BJ,https://www.parkholidays.com,https://www.staticcaravanparks.co.uk/parks/kent/alberta-holiday-park,08458 159771,,,False,original 643-park reference table,Kent,"Canterbury, unparished area",South East,yes,listings,Park Holidays
Allensford Holiday Park,DH8 9BA,http://www.allensfordcaravanpark.com,https://www.staticcaravanparks.co.uk/parks/county-durham/allensford-caravan-and-country-park,07584633 850,89.0,,False,original 643-park reference table,County Durham,"County Durham, unparished area",North East,no,listings,
Alnwick Springs,NE66 2FR,https://alnwicksprings.co.uk,https://www.staticcaravanparks.co.uk/parks/worcestershire/the-springs,01386 861 851,,,False,original 643-park reference table,Northumberland,Denwick,North East,no,listings,
Amble Links,NE65 0SD,https://www.parkleisure.co.uk/amble-links/,https://www.staticcaravanparks.co.uk/parks/northumberland/amble-links-coastal-retreat-holiday-park,0808 231 5572,,,False,original 643-park reference table,Northumberland,Amble by the Sea,North East,yes,listings,Park Leisure
Amble Links Coastal Holiday Park,NE65 0SD,https://www.parkleisure.co.uk/amble-links/,https://www.staticcaravanparks.co.uk/parks/northumberland/amble-links-coastal-retreat-holiday-park,0808 231 5572,,,False,original 643-park reference table,Northumberland,Amble by the Sea,North East,yes,listings,Park Leisure
Andrewshayes Holiday Park,EX13 7DY,https://www.andrewshayes.co.uk,https://www.staticcaravanparks.co.uk/parks/northern-ireland/hayes-caravan-park,02820 762905,,,False,original 643-park reference table,Devon,Dalwood,South West,no,listings,
Angrove Country Park,TS9 6RN,https://leisureresorts.co.uk,https://www.staticcaravanparks.co.uk/parks/wales/the-grove-caravan-park,,,,False,original 643-park reference table,North Yorkshire,Great Ayton,North East,no,listings,Leisure Resorts
Appletree Country Park,PE20 3QX,https://www.awayresorts.co.uk,,,,,False,original 643-park reference table,Lincolnshire,Holland Fen with Brothertoft,Central England,no,listings,Away Resorts
Arrow Bank Holiday Park,HR6 9BG,https://www.discoverparks.co.uk,https://www.staticcaravanparks.co.uk/parks/herefordshire/arrow-bank-holiday-park,01544 388 312,,,False,original 643-park reference table,"Herefordshire, County of",Eardisland,Central England,no,listings,Discover Parks
Ashbourne Heights Country  Leisure Park,DE6 1LE,https://www.parkholidays.com,https://www.staticcaravanparks.co.uk/parks/derbyshire/ashbourne-heights-park,01335 350228,,,False,original 643-park reference table,Derbyshire,Fenny Bentley,Central England,no,listings,Park Holidays
Ashby Park,LN9 5PP,https://www.ashbypark.co.uk,https://www.staticcaravanparks.co.uk/parks/lincolnshire/ashby-park,01507 527 966,,,False,original 643-park reference table,Lincolnshire,West Ashby,Central England,no,listings,
Ashley Heath Caravan Park,BH24 2EL,https://islandmeadow.co.uk,https://www.staticcaravanparks.co.uk/parks/dorset/ashley-heath-caravan-park,01425 473672,,,False,original 643-park reference table,Dorset,St. Leonards and St. Ives,South West,no,listings,Island Meadow
Azure Seas Holiday Village,NR32 5HN,http://azureseas.co.uk/,https://www.staticcaravanparks.co.uk/parks/suffolk/azure-seas-caravan-park,01502 731 403,95.0,2500.0,True,original 643-park reference table,Suffolk,Corton,General East,no,listings,
Bablock Hythe (Oxfordshire),OX29 5AT,https://greenwoodparks.net,https://www.staticcaravanparks.co.uk/parks/oxfordshire/bablock-hythe-caravan-park,01865 882 236,300.0,2454.0,True,original 643-park reference table,Oxfordshire,Northmoor,South East,no,listings,Green Wood Parks
Badgers Retreat Holiday Park,DL10 7RF,https://wyldecrestholidayparks.co.uk,https://www.staticcaravanparks.co.uk/parks/wales/badgers-glade-caravan-park,01650 521 767,50.0,,False,original 643-park reference table,North Yorkshire,Tunstall,Yorkshire and Humber,no,listings,Wyldecrest Holiday Parks
Ballintuim,PH10 7NH,http://ballintuimpark.co.uk/,https://www.staticcaravanparks.co.uk/parks/scotland/ballintuim-caravan-park,01250 886276,,,False,original 643-park reference table,Perth and Kinross,Perth and Kinross,Scotland,no,listings,
Banchory Lodge Caravan Park,AB31 5HT,https://www.banchorylodgecaravanpark.co.uk/,https://www.staticcaravanparks.co.uk/parks/scotland/banchory-lodge-caravan-park,01330 822246,,,False,original 643-park reference table,Aberdeenshire,Aberdeenshire,Scotland,no,listings,
Barmoor Castle Country Park,TD15 2TR,http://barmoorcastle.co.uk/,https://www.staticcaravanparks.co.uk/parks/northumberland/barmoor-castle-country-park,01289 388 376,,,False,original 643-park reference table,Northumberland,Lowick,North East,no,listings,
Barmouth Bay Holiday Park,LL43 2BJ,https://www.awayresorts.co.uk,https://www.staticcaravanparks.co.uk/parks/wales/barmouth-bay-holiday-village,01341 247 350,,,False,original 643-park reference table,Gwynedd,Dyffryn Ardudwy,North Wales,no,listings,Away Resorts
Barmston Beach Holiday Park,YO25 8PJ,https://www.parkdeanresorts.co.uk/,https://www.staticcaravanparks.co.uk/parks/yorkshire/barmston-beach-holiday-park,01262 468 202,,,True,original 643-park reference table,East Riding of Yorkshire,Barmston,Yorkshire and Humber,no,listings,Parkdean
Bay View,LA5 9TN,https://www.holgates.co.uk,https://www.staticcaravanparks.co.uk/parks/wales/bay-view,,,,False,original 643-park reference table,Lancashire,Bolton-le-Sands,North West,no,listings,Holgates
Beachside Holiday Park,TA8 2QZ,https://www.beachside.co.uk,https://www.staticcaravanparks.co.uk/parks/lincolnshire/beachside-holiday-estate,01754 872 261,,,False,original 643-park reference table,Somerset,Berrow,South West,no,listings,
Beauport,TN37 7PP,https://www.parkholidays.com,https://www.staticcaravanparks.co.uk/parks/sussex/beauport-holiday-village,08458 159 777,,,False,original 643-park reference table,East Sussex,"Hastings, unparished area",South East,no,listings,Park Holidays
Beetham,LA7 7BS,https://www.holgates.co.uk,https://www.staticcaravanparks.co.uk/parks/cumbria/beetham-holiday-homes,,,,False,original 643-park reference table,Westmorland and Furness,Beetham,North West,no,listings,Holgates
Belle Aire Holiday Park,NR29 4HZ,http://www.hemsbybelleaire.co.uk/,https://www.staticcaravanparks.co.uk/parks/norfolk/belle-aire-caravan-park,01493 731 164,,,False,original 643-park reference table,Norfolk,Hemsby,General East,no,listings,
Berthlwyd Hall Holiday Park,LL32 8DQ,https://www.stdavidsleisure.com,https://www.staticcaravanparks.co.uk/parks/wales/berthlwydd-hall-park,01492 592 270,,,False,original 643-park reference table,Conwy,Henryd,North Wales,no,listings,St David's Leisure
Berwick Holiday Park,TD15 1NE,https://www.haven.com/parks/northumberland/berwick,,01289 307138,,,False,original 643-park reference table,Northumberland,Berwick-upon-Tweed,North East,no,listings,Haven
Betws-y-Coed,LL24 0AL,https://www.morris-leisure.co.uk,https://www.staticcaravanparks.co.uk/parks/wales/riverside-caravan-park,01873 810 397,,,False,original 643-park reference table,Conwy,Betws-y-Coed,North Wales,no,listings,Morris Leisure
Beverley Bay Holiday Park,TQ4 7JE,https://www.beverleyholidayhomes.co.uk,https://www.staticcaravanparks.co.uk/parks/devon/beverley-park,01803 843887,,,False,original 643-park reference table,Torbay,"Torbay, unparished area",South West,no,listings,
Beverley Parks (Paignton),TQ4 7JE,https://www.beverleyholidayhomes.co.uk,https://www.staticcaravanparks.co.uk/parks/devon/beverley-park,01803 843887,,,False,original 643-park reference table,Torbay,"Torbay, unparished area",South West,no,listings,
Bideford Bay Holiday Park,EX39 5DU,https://www.parkdeanresorts.co.uk,https://www.staticcaravanparks.co.uk/parks/devon/bideford-bay-holiday-park,01237 431 331,,,True,original 643-park reference table,Devon,Woolfardisworthy,South West,no,listings,Parkdean
Billing Aquadrome,NN3 9DA,https://www.billingaquadrome.com,https://www.staticcaravanparks.co.uk/parks/northamptonshire/billing-aquadrome,01604 408 181,,,False,original 643-park reference table,West Northamptonshire,Northampton,Central England,no,listings,
Birchington Vale Holiday Park,CT7 0HD,https://www.parkholidays.com,https://www.staticcaravanparks.co.uk/parks/kent/birchington-vale,01843841068,571.0,,False,original 643-park reference table,Kent,Manston,South East,no,listings,Park Holidays
Bishop's Castle,SY9 5EF,https://www.morris-leisure.co.uk,,,,,False,original 643-park reference table,Shropshire,Wentnor,Central England,no,listings,Morris Leisure
Black Beck,LA12 8JN,https://www.partingtons.com,https://www.staticcaravanparks.co.uk/parks/cumbria/black-beck-caravan-park,01253 879911,,,False,original 643-park reference table,Westmorland and Furness,Colton,North West,no,listings,Partington's
Blairgowrie,PH10 7AL,https://www.woodleisure.co.uk,https://www.staticcaravanparks.co.uk/parks/scotland/blairgowrie-holiday-park,01250 878 123,,,True,original 643-park reference table,Perth and Kinross,Perth and Kinross,Scotland,no,listings,Wood Leisure
Blakemere Holiday Park,CW8 2EB,https://stayatblakemere.co.uk,https://www.staticcaravanparks.co.uk/parks/cheshire/blakemere-touring-holiday-park,,,,False,original 643-park reference table,Cheshire West and Chester,Cuddington (Weaver and Cuddington Ward),North West,no,listings,
Blue Dolphin Holiday Park,YO14 9PU,https://www.haven.com/parks/yorkshire-filey/blue-dolphin,https://www.staticcaravanparks.co.uk/parks/kent/blue-dolphin-park,01723 515155,,,False,original 643-park reference table,North Yorkshire,Gristhorpe,Yorkshire and Humber,yes,listings,Haven
Bockenfield Country Park,NE65 9QJ,http://wyldecrestholidayparks.co.uk/property_location/bockenfield-country-park/,https://www.staticcaravanparks.co.uk/parks/northumberland/bockenfield-country-park,01524811357,,,False,original 643-park reference table,Northumberland,Thirston,North East,no,listings,Wyldecrest Holiday Parks
Bovisand Lodge Estate,PL9 0AA,https://bovisand.com,https://www.staticcaravanparks.co.uk/parks/devon/bovisand-lodge-estate,01752 403 554,,,False,original 643-park reference table,Devon,Wembury,South West,no,listings,
Bow House Country Park,SY9 5HY,https://www.morris-leisure.co.uk,https://www.staticcaravanparks.co.uk/parks/shropshire/bow-house-caravan-park,01588 638179,,,False,original 643-park reference table,Shropshire,Lydbury North,Central England,no,listings,Morris Leisure
Bowland Fell,BD23 4SD,https://www.parkholidays.com,https://www.staticcaravanparks.co.uk/parks/yorkshire/bowland-fell-park,01729 840 278,,,False,original 643-park reference table,North Yorkshire,Wigglesworth,North West,no,listings,Park Holidays
Bowleaze Cove Holiday Park  Spa,DT3 6PP,https://watersideholidaygroup.co.uk,https://www.staticcaravanparks.co.uk/parks/dorset/cove-holiday-park,01305 821286,,,False,original 643-park reference table,Dorset,Weymouth,South West,no,listings,Waterside Holiday Group
Bradgate Park,LE6 0HE,http://wyldecrestholidayparks.co.uk/property_location/bradgate-park/,https://www.staticcaravanparks.co.uk/parks/kent/bradgate-caravan-park,01843 823 207,,,False,original 643-park reference table,Leicestershire,Newtown Linford,Central England,no,listings,Wyldecrest Holiday Parks
Bradley Burn Caravan Park,DL13 3JH,https://www.bradleyburn.co.uk,https://www.staticcaravanparks.co.uk/parks/county-durham/bradley-mill-caravan-park,01388 527 285,110.0,,False,original 643-park reference table,County Durham,Wolsingham,North East,no,listings,
Braidhaugh Holiday Park,PH7 4DH,http://www.largoleisure.co.uk/holiday-parks/braidhaugh/park-overview,https://www.staticcaravanparks.co.uk/parks/scotland/braidhaugh-caravan-park,01764 652951,,,False,original 643-park reference table,Perth and Kinross,Perth and Kinross,Scotland,no,listings,Largo Leisure
Bredon View Holiday Park Estate,WR10 3DY,https://www.allenscaravans.co.uk,https://www.staticcaravanparks.co.uk/parks/somerset/country-view-caravan-park,01934 627595,,,False,original 643-park reference table,Worcestershire,Great Comberton,Central England,no,listings,Allens Caravans
Breydon Water Holiday Park,NR31 9QB,https://www.parkdeanresorts.co.uk,https://www.staticcaravanparks.co.uk/parks/norfolk/breydon-water-holiday-park,01493 780 357,,,True,original 643-park reference table,Norfolk,Burgh Castle,General East,yes,listings,Parkdean
Bridge Country Park,LA12 8NF,https://jamesparkestates.co.uk,https://www.staticcaravanparks.co.uk/parks/kent/bridge-country-leisure-club,,,,False,original 643-park reference table,Westmorland and Furness,Staveley-in-Cartmel,North West,no,listings,James Park Estates
Broadland Sands,NR32 5LQ,https://www.parkholidays.com,https://www.staticcaravanparks.co.uk/parks/suffolk/broadland-sands-caravan-park,01502 730 939,,,False,original 643-park reference table,Suffolk,Corton,General East,no,listings,Park Holidays
Broadlands Park & Marina,NR33 9JY,https://tingdeneholidayparks.com,https://www.staticcaravanparks.co.uk/parks/suffolk/broadlands-park-and-marina,01502 573 033,42.0,2952.0,True,original 643-park reference table,Suffolk,Oulton Broad,General East,no,listings,Tingdene Holiday Parks
Broadwater,FY7 8JX,https://www.partingtons.com,https://www.staticcaravanparks.co.uk/parks/lancashire/broadwater-caravan-park,01253 872796,,,False,original 643-park reference table,Lancashire,Fleetwood,North West,no,listings,Partington's
Brokerswood,BA13 4EH,https://haulfrynholidays.co.uk,,,,,False,original 643-park reference table,Wiltshire,North Bradley,South West,no,listings,Haulfryn
Brompton on Swale Caravan Park,DL10 7EZ,https://meridianparks.co.uk,https://www.staticcaravanparks.co.uk/parks/yorkshire/brompton-on-swale-caravan-park,,177.0,,False,original 643-park reference table,North Yorkshire,Easby,Yorkshire and Humber,no,listings,Meridian Parks
Brooklyn Holiday Park,PR9 8BU,https://harrisonholidays.com,https://www.staticcaravanparks.co.uk/parks/lancashire/brooklyn-caravan-park,01704 228 534,,,False,original 643-park reference table,Lancashire,North Meols,North West,no,listings,Harrison Holidays
Brookside Holiday Camp Limited,BN17 7QE,https://www.brooksideuk.com,https://www.staticcaravanparks.co.uk/parks/kent/brookside-leisure-caravan-park,,,,False,original 643-park reference table,West Sussex,Lyminster and Crossbush,South East,no,listings,
Brynowen Holiday Park,SY24 5LS,https://www.parkdeanresorts.co.uk/,https://www.staticcaravanparks.co.uk/parks/wales/brynowen-holiday-park,01970871366,,,True,original 643-park reference table,Ceredigion,Borth,North Wales,no,listings,Parkdean
Brynteg Country  Leisure Retreat,LL55 4RF,https://www.parkleisure.co.uk,https://www.staticcaravanparks.co.uk/parks/wales/brynteg-caravan-park,01286 873100,,,False,original 643-park reference table,Gwynedd,Llanrug,North Wales,no,listings,Park Leisure
Brynteg Holiday Park,LL55 4RF,https://www.parkleisure.co.uk,https://www.staticcaravanparks.co.uk/parks/wales/brynteg-caravan-park,01286 873100,,,False,original 643-park reference table,Gwynedd,Llanrug,North Wales,no,listings,Park Leisure
Bude Holiday Resort,EX23 9EE,https://www.awayresorts.co.uk,https://www.staticcaravanparks.co.uk/parks/cornwall/bude-holiday-resort,,,,False,original 643-park reference table,Cornwall,Bude-Stratton,South West,no,listings,Away Resorts
Burghead Holiday Park,IV30 5RP,https://www.parkholidays.com,https://www.staticcaravanparks.co.uk/parks/scotland/burghead-beach-holiday-park,01343 830 084,,,False,original 643-park reference table,Moray,Moray,Scotland,yes,listings,Park Holidays
Burnham On Sea Holiday Park,TA8 1LA,https://www.haven.com/parks/somerset/burnham-on-sea,https://www.staticcaravanparks.co.uk/parks/somerset/holiday-village-caravan-park,01278 783391,,,False,original 643-park reference table,Somerset,Burnham-on-Sea and Highbridge,South West,yes,listings,Haven
Burtree Lakes Holiday Home & Touring Park,DL8 1LB,https://meridianparks.co.uk,https://www.staticcaravanparks.co.uk/parks/yorkshire/burtree-lakes-caravan-park,01677 422 833,,,False,original 643-park reference table,North Yorkshire,Crakehall,Yorkshire and Humber,no,listings,Meridian Parks
Butlins Skegness,PE25 1NJ,https://www.butlins.com,https://www.staticcaravanparks.co.uk/parks/lincolnshire/butlins-skyline-caravan-park,08450 704 750,,,False,original 643-park reference table,Lincolnshire,Ingoldmells,Central England,yes,listings,
Lyons Caerelwan Holiday Park,LL43 2AX,https://lyonsholidayparks.co.uk,https://www.staticcaravanparks.co.uk/parks/wales/parc-caerelwan,,,,False,original 643-park reference table,Gwynedd,Dyffryn Ardudwy,North Wales,no,listings,Lyons Holiday Parks
Caister Holiday Park,NR30 5NQ,https://www.haven.com/parks/norfolk/caister-on-sea,https://www.staticcaravanparks.co.uk/parks/norfolk/caister-holiday-park,01493 720851,,,False,original 643-park reference table,Norfolk,Caister-on-Sea,General East,no,listings,Haven
Cakes and Ale Holiday Park,IP16 4TE,http://www.cakesandale.co.uk/,https://www.staticcaravanparks.co.uk/parks/suffolk/cakes-and-ale-caravan-park,,,,False,original 643-park reference table,Suffolk,Leiston,General East,no,listings,
Cala Gran Holiday Home Park,FY7 8JY,https://www.haven.com/parks/blackpool/cala-gran,https://www.staticcaravanparks.co.uk/parks/lancashire/ocean-edge-caravan-park,01253 872555,,,False,original 643-park reference table,Lancashire,Fleetwood,North West,yes,listings,Haven
Tingdene Caldecott Hall Country Park,NR31 9EY,https://tingdeneholidayparks.com,,,,,False,original 643-park reference table,Norfolk,Fritton and St. Olaves,General East,yes,listings,Tingdene Holiday Parks
California Cliffs Holiday Park,NR29 3QU,https://www.parkdeanresorts.co.uk,https://www.staticcaravanparks.co.uk/parks/norfolk/california-cliffs-holiday-park,01493 730 584,,,True,original 643-park reference table,Norfolk,Ormesby St. Margaret with Scratby,General East,no,listings,Parkdean
Callander Woods,FK17 8LE,https://www.woodleisure.co.uk,https://www.staticcaravanparks.co.uk/parks/scotland/callander-woods-holiday-park,01250 878123,120.0,,True,original 643-park reference table,Stirling,Stirling,Scotland,no,listings,Wood Leisure
Camber Sands Holiday Park,TN31 7RT,https://www.parkdeanresorts.co.uk,https://www.staticcaravanparks.co.uk/parks/sussex/camber-sands-holiday-park,01797 222 000,1129.0,,True,original 643-park reference table,East Sussex,Camber,South East,yes,listings,Parkdean
Campsie Glen Holiday Park,G63 0LP,https://www.woodleisure.co.uk/our-parks/campsie-glen/,https://www.staticcaravanparks.co.uk/parks/scotland/campsie-glen-holiday-park,01250 878123,,,True,original 643-park reference table,Stirling,Stirling,Scotland,no,listings,Wood Leisure
Cardigan Bay Holiday Park,SA43 3LW,https://www.johnfowlerholidays.com,https://www.staticcaravanparks.co.uk/parks/wales/cardigan-bay-holiday-park,01239 615 614,,,False,original 643-park reference table,Pembrokeshire,St. Dogmaels,South Wales,yes,listings,John Fowler Holidays
Cardigan View Holiday Park,LL49 9YA,https://www.haven.com,https://www.staticcaravanparks.co.uk/parks/somerset/country-view-caravan-park,01934 627595,,,False,original 643-park reference table,Gwynedd,Porthmadog,North Wales,yes,listings,Haven
Carlton Meres,IP17 2QP,https://www.parkholidays.com,https://www.staticcaravanparks.co.uk/parks/suffolk/carlton-meres-country-park,,,,False,original 643-park reference table,Suffolk,Kelsale cum Carlton,General East,no,listings,Park Holidays
Carmarthen Bay Holiday Park,SA17 5HQ,https://www.parkdeanresorts.co.uk/location/wales/carmarthen-bay/,https://www.staticcaravanparks.co.uk/parks/wales/carmarthen-bay-holiday-park,01267267511,,,True,original 643-park reference table,Carmarthenshire,St. Ishmael,South Wales,yes,listings,Parkdean
Castle View Caravan Park,LA6 1FE,https://www.castleviewpark.co.uk,https://www.staticcaravanparks.co.uk/parks/lancashire/castle-view-caravan-park,,,,False,original 643-park reference table,Lancashire,Over Kellet,North West,no,listings,
Causey Hill,NE46 2JN,http://www.causeyhillpark.co.uk/about-us,https://www.staticcaravanparks.co.uk/parks/northumberland/causey-hill-caravan-park,01434 602 834,,,False,original 643-park reference table,Northumberland,Hexham,North East,no,listings,Daly Parks
Cayton Bay Holiday Park,YO11 3NJ,http://www.parkdeanresorts.co.uk,https://www.staticcaravanparks.co.uk/parks/yorkshire/cayton-bay-holiday-park,01723 583 111,,,True,original 643-park reference table,North Yorkshire,Cayton,Yorkshire and Humber,no,listings,Parkdean
Cenarth Falls Resort,SA38 9JS,https://www.cenarthfalls.co.uk,https://www.staticcaravanparks.co.uk/parks/wales/cenarth-falls-holiday-park,01239 710 345,,,False,original 643-park reference table,Ceredigion,Beulah,South Wales,no,listings,
Centre Meadows Holiday Park,YO25 8TP,https://www.larkhamleisure.com,https://www.staticcaravanparks.co.uk/parks/lincolnshire/country-meadows-holiday-park,01754 874455,,,False,original 643-park reference table,East Riding of Yorkshire,Ulrome,Yorkshire and Humber,no,listings,Larkham Leisure
Challaborough Bay Holiday Park,TQ7 4HU,https://www.parkdeanresorts.co.uk,https://www.staticcaravanparks.co.uk/parks/devon/challaborough-bay-holiday-park,01548 810 771,,,True,original 643-park reference table,Devon,Ringmore,South West,no,listings,Parkdean
Chantry Country  Leisure Park,DL8 4NA,https://www.parkleisure.co.uk/our-parks/yorkshire/chantry,https://www.staticcaravanparks.co.uk/parks/yorkshire/chantry-country-retreat,01969 622 372,,,False,original 643-park reference table,North Yorkshire,West Witton,Yorkshire and Humber,no,listings,Park Leisure
Cheddar Woods Resort & Spa,BS27 3DB,https://darwinescapes.co.uk,https://www.staticcaravanparks.co.uk/parks/somerset/cheddar-woods-resort-spa,,,,False,original 643-park reference table,Somerset,Cheddar,South West,no,listings,Darwin Escapes
Cherry Tree Holiday Park,NR31 9QR,https://www.parkdeanresorts.co.uk,https://www.staticcaravanparks.co.uk/parks/norfolk/cherry-tree-holiday-park,01493780229,,,True,original 643-park reference table,Norfolk,Burgh Castle,General East,yes,listings,Parkdean
Chesil Beach Holiday Park,DT4 9AG,https://watersideholidaygroup.co.uk,https://www.staticcaravanparks.co.uk/parks/lincolnshire/the-beach-caravan-park,,,,False,original 643-park reference table,Dorset,Weymouth,South West,no,listings,Waterside Holiday Group
Chichester Lakeside,PO20 1QH,https://www.parkholidays.com,https://www.staticcaravanparks.co.uk/parks/sussex/chichester-lakeside-caravan-park,,,,False,original 643-park reference table,West Sussex,North Mundham,South East,no,listings,Park Holidays
Church Farm Holiday Village,PO21 4NR,https://www.haven.com/parks/sussex/church-farm,,01243 262635,,,False,original 643-park reference table,West Sussex,Pagham,South East,no,listings,Haven
Church Point Holiday Park,NE64 6DP,https://www.parkdeanresorts.co.uk,https://www.staticcaravanparks.co.uk/parks/northumberland/church-point-holiday-park,01670 817 433,,,True,original 643-park reference table,Northumberland,Newbiggin by the Sea,North East,yes,listings,Parkdean
Clarach Bay Holiday Village,SY23 3DT,https://www.clarachbay.com,https://www.staticcaravanparks.co.uk/parks/wales/clarach-bay-holiday-village,,,,False,original 643-park reference table,Ceredigion,Tirymynach,South Wales,no,listings,Vale Holiday Parks
Clea Hall Holiday Park,CA7 8NQ,https://www.cleahall.co.uk,https://www.staticcaravanparks.co.uk/parks/cumbria/clea-hall-holiday-park,01697 342 880,,,False,original 643-park reference table,Cumberland,Westward,North West,no,listings,
Cleethorpes Beach,DN36 4ET,https://www.haven.com/parks/lincolnshire/cleethorpes-beach,https://www.staticcaravanparks.co.uk/parks/lincolnshire/beachcomber-holiday-centre,01472 813395,,,False,original 643-park reference table,North East Lincolnshire,Humberston,Yorkshire and Humber,no,listings,Haven
Cleethorpes Pearl,DN36 4ET,https://www.awayresorts.co.uk,https://www.staticcaravanparks.co.uk/parks/lincolnshire/beachcomber-holiday-centre,01472 812 666,,,False,original 643-park reference table,North East Lincolnshire,Humberston,Yorkshire and Humber,no,listings,Away Resorts
Clifftop Holiday Park,NE68 7XY,https://www.northumbrianleisure.co.uk,https://www.staticcaravanparks.co.uk/parks/yorkshire/clifftop-holiday-park,,,,False,original 643-park reference table,Northumberland,North Sunderland,North East,no,listings,Northumbrian Leisure
Coast View Holiday Park,TQ14 0BG,https://www.coastview.co.uk,https://www.staticcaravanparks.co.uk/parks/devon/coast-view-holiday-park,01626 818 350,,,False,original 643-park reference table,Devon,Shaldon,South West,no,listings,
Coastfields Holiday Village,PE25 1JU,https://www.coastfields.co.uk,https://www.staticcaravanparks.co.uk/parks/lincolnshire/coastfield-leisure-village,01754 872592,,,False,original 643-park reference table,Lincolnshire,Ingoldmells,Central England,yes,listings,Coastfields Leisure
Cockburnspath Holiday Park,TD13 5YH,https://www.verdantleisure.co.uk,https://www.staticcaravanparks.co.uk/parks/scotland/cockburnspath-park,01368 830 433,,,False,original 643-park reference table,Scottish Borders,Scottish Borders,Scotland,no,listings,Verdant Leisure
Cockerham Sands,LA2 0BB,https://www.pure-leisure.co.uk,https://www.staticcaravanparks.co.uk/parks/lancashire/cockerham-sands-country-park,01524 751387,,,False,original 643-park reference table,Lancashire,Cockerham,North West,yes,listings,Pure Leisure
Coed Helen Holiday Park,LL54 5RS,https://www.stdavidsleisure.com,https://www.staticcaravanparks.co.uk/parks/wales/coed-helen-holiday-park,01286 672 852,,,False,original 643-park reference table,Gwynedd,Caernarfon,North Wales,yes,listings,St David's Leisure
Coghurst Hall Holiday Park,TN35 4NP,https://www.parkholidays.com,https://www.staticcaravanparks.co.uk/parks/sussex/coghurst-hall-holiday-park,08458 159 781,,,False,original 643-park reference table,East Sussex,Guestling,South East,no,listings,Park Holidays
Coldingham Bay Holiday Park,TD14 5NT,https://www.verdantleisure.co.uk,https://www.staticcaravanparks.co.uk/parks/wales/bay-caravan-park,02920 707 512,,,False,original 643-park reference table,Scottish Borders,Scottish Borders,Scotland,no,listings,Verdant Leisure
Combe Haven Holiday Park,TN38 8BZ,https://www.haven.com/parks/sussex/combe-haven,https://www.staticcaravanparks.co.uk/parks/dorset/haven-caravan-park,01424 427891,,,False,original 643-park reference table,East Sussex,"Hastings, unparished area",South East,no,listings,Haven
Coopers Beach Holiday Park,CO5 8TN,https://www.parkdeanresorts.co.uk,https://www.staticcaravanparks.co.uk/parks/essex/coopers-beach-holiday-park,01206 383 236,,,True,original 643-park reference table,Essex,East Mersea,General East,yes,listings,Parkdean
Cornish Meadows,TR27 5HA,https://lovatparks.com,https://www.staticcaravanparks.co.uk/parks/lincolnshire/country-meadows-holiday-park,01754 874455,,,False,original 643-park reference table,Cornwall,Gwinear-Gwithian,South West,no,listings,Lovat Parks
Corriefodly,PH10 7JG,https://www.woodleisure.co.uk,https://www.staticcaravanparks.co.uk/parks/scotland/corriefodly-holiday-park,01250 878 123,,,True,original 643-park reference table,Perth and Kinross,Perth and Kinross,Scotland,no,listings,Wood Leisure
Cowden Holiday Park,HU11 4UD,https://www.larkhamleisure.com,https://www.staticcaravanparks.co.uk/parks/yorkshire/cowden-caravan-park,01964 527393,,,False,original 643-park reference table,East Riding of Yorkshire,Mappleton,Yorkshire and Humber,no,listings,Larkham Leisure
Craig Tara Holiday Park,KA7 4LB,https://www.haven.com/parks/scotland/craig-tara,https://www.staticcaravanparks.co.uk/parks/scotland/craig-tara-holiday-park,01292 265141,,,False,original 643-park reference table,South Ayrshire,South Ayrshire,Scotland,no,listings,Haven
Cresswell Towers Holiday Park,NE61 5JT,https://www.parkdeanresorts.co.uk,https://www.staticcaravanparks.co.uk/parks/northumberland/cresswell-towers-holiday-park,01670 860 411,,,True,original 643-park reference table,Northumberland,Cresswell,North East,no,listings,Parkdean
Crimdon Dene Holiday Park,TS27 4BN,https://www.parkdeanresorts.co.uk/location/northumberland-county-durham/crimdon-dene/,https://www.staticcaravanparks.co.uk/parks/tyne-and-wear/crimdon-dene-holiday-park,01429267801,796.0,,True,original 643-park reference table,County Durham,Monk Hesleden,North East,no,listings,Parkdean
Croft Farm Holiday Park,PL30 5EH,https://www.croftfarm.co.uk,https://www.staticcaravanparks.co.uk/parks/cornwall/croft-farm-holiday-park,01726 850 228,,,False,original 643-park reference table,Cornwall,Luxulyan,South West,no,listings,
Crofthead Holiday Park,KA6 6EN,https://harrisonholidays.com,https://www.staticcaravanparks.co.uk/parks/scotland/crofthead-caravan-park,01292 263516,,,False,original 643-park reference table,South Ayrshire,South Ayrshire,Scotland,no,listings,Harrison Holidays
Crook Farm Holiday Park,BD17 5ED,https://meridianparks.co.uk,https://www.staticcaravanparks.co.uk/parks/yorkshire/crook-farm-caravan-park-ltd,01274 584 339,,,False,original 643-park reference table,Bradford,Baildon,Yorkshire and Humber,no,listings,Meridian Parks
Crook O Lune Holiday Park,LA2 9HP,https://www.pure-leisure.co.uk,https://www.staticcaravanparks.co.uk/parks/lancashire/crook-o-lune-caravan-park,,,,False,original 643-park reference table,Lancashire,Quernmore,North West,no,listings,Pure Leisure
Dalton Meadows Country Park,DL2 2PT,https://horizonholidayparks.co.uk/dalton-meadows-country-park/,https://www.staticcaravanparks.co.uk/parks/lincolnshire/country-meadows-holiday-park,01754 874455,36.0,,False,original 643-park reference table,North Yorkshire,North Cowton,Yorkshire and Humber,no,enquire,Horizon Holiday Parks
Dartmoor View,EX20 2QL,https://haulfrynholidays.co.uk,https://www.staticcaravanparks.co.uk/parks/devon/dartmoor-view-holiday-park,01347 231 545,,,False,original 643-park reference table,Devon,Drewsteignton,South West,no,listings,Haulfryn
Dawlish Sands,EX7 0PG,https://www.parkholidays.com,https://www.staticcaravanparks.co.uk/parks/devon/dawlish-sands,01626 862038,,,False,original 643-park reference table,Devon,Dawlish,South West,no,listings,Park Holidays
Deeside,AB12 5FX,https://www.woodleisure.co.uk,https://www.staticcaravanparks.co.uk/parks/scotland/deeside-holiday-park,01250 878 123,,,True,original 643-park reference table,Aberdeenshire,Aberdeenshire,Scotland,no,listings,Wood Leisure
Delamere Lake Sailing &amp; Holiday Park,CW8 2JL,https://haulfrynholidays.co.uk,,,,,False,original 643-park reference table,Cheshire West and Chester,Delamere and Oakmere,North West,no,listings,Haulfryn
Devon Cliffs Holiday Park,EX8 5BT,https://www.haven.com/parks/devon/devon-cliffs,https://www.staticcaravanparks.co.uk/parks/devon/devon-cliffs-holiday-park,01395 224066,,,False,original 643-park reference table,Devon,Exmouth,South West,no,listings,Haven
Devon Hills,TQ4 7PW,https://haulfrynholidays.co.uk,https://www.staticcaravanparks.co.uk/parks/devon/devon-hills-holiday-village,01803666930,,,False,original 643-park reference table,Torbay,"Torbay, unparished area",South West,no,listings,Haulfryn
Dinas Country Club  Holiday Park,SA42 0UN,https://dinascountryclub.co.uk,https://www.staticcaravanparks.co.uk/parks/wales/dinas-country-club-and-leisure-park,01348 811260,,,False,original 643-park reference table,Pembrokeshire,Dinas Cross,South Wales,yes,listings,
Doniford Bay Holiday Park,TA23 0TJ,https://www.haven.com/parks/somerset/doniford-bay,https://www.staticcaravanparks.co.uk/parks/somerset/doniford-bay-holiday-park,01984 632423,,,False,original 643-park reference table,Somerset,Williton,South West,no,listings,Haven
Dovercourt Caravan Park,CO12 3TZ,https://www.parkholidays.com,https://www.staticcaravanparks.co.uk/parks/essex/dovercourt-holiday-park,01255 442 435,,,False,original 643-park reference table,Essex,Harwich,General East,yes,listings,Park Holidays
Eastern Beach Holiday Park,NR30 5HH,https://thefamilyparksgroup.co.uk,https://www.staticcaravanparks.co.uk/parks/suffolk/eastern-beach-caravan-park,,,,False,original 643-park reference table,Norfolk,Caister-on-Sea,General East,yes,listings,The Family Parks Group
Eastland Meadows Country Park,CM0 7PP,https://eastlandmeadows.co.uk,https://www.staticcaravanparks.co.uk/parks/essex/eastlands-meadows-country-park,,,,False,original 643-park reference table,Essex,Bradwell-on-Sea,General East,no,listings,
Elliotts (Hayling Island in Hampshire),PO11 9RX,https://greenwoodparks.net,https://www.staticcaravanparks.co.uk/parks/hampshire/elliotts-caravan-park,02392 466991,200.0,2304.0,True,original 643-park reference table,Hampshire,"Havant, unparished area",South East,yes,listings,Green Wood Parks
Elm Bank Coastal Park,TD15 2QR,https://elmbankcoastalpark.co.uk,https://www.staticcaravanparks.co.uk/parks/northumberland/elm-bank-coastal-park,01289 306 629,,,True,original 643-park reference table,Northumberland,Berwick-upon-Tweed,North East,yes,listings,Daly Parks
Erigmore Holiday Park,PH8 0BJ,https://www.verdantleisure.co.uk,https://www.staticcaravanparks.co.uk/parks/scotland/the-erigmore-estate,01350 727236,,,False,original 643-park reference table,Perth and Kinross,Perth and Kinross,Scotland,no,listings,Verdant Leisure
Eryl Hall Holiday Park,LL17 0EW,https://lyonsholidayparks.co.uk,https://www.staticcaravanparks.co.uk/parks/wales/eryl-hall-caravan-park,01745 582 255,,,False,original 643-park reference table,Denbighshire,Cefnmeiriadog,North Wales,no,listings,Lyons Holiday Parks
Eyemouth Holiday Park,TD14 5BE,https://www.parkdeanresorts.co.uk/location/scotland/eyemouth/#park-content,https://www.staticcaravanparks.co.uk/parks/scotland/eyemouth-holiday-park,01890 751 050,,,True,original 643-park reference table,Scottish Borders,Scottish Borders,Scotland,yes,listings,Parkdean
Fallbarrow,LA23 3DL,https://www.parkdeanresorts.co.uk/,https://www.staticcaravanparks.co.uk/parks/cumbria/fallbarrow-park,01539 444422,,,False,original 643-park reference table,Westmorland and Furness,Windermere and Bowness,North West,no,listings,Parkdean
Far Arnside,LA5 0SL,https://www.holgates.co.uk,https://www.staticcaravanparks.co.uk/parks/cumbria/stoney-gap-caravan-park,,,,False,original 643-park reference table,Westmorland and Furness,Arnside,North West,no,listings,Holgates
Far Grange Holiday Park,YO25 8SY,https://www.haven.com/parks/yorkshire-filey/far-grange,https://www.staticcaravanparks.co.uk/parks/yorkshire/far-grange-caravan-park,01262 468247,,,False,original 643-park reference table,East Riding of Yorkshire,Skipsea,Yorkshire and Humber,no,listings,Haven
Faskally Woods,PH16 5LD,https://www.woodleisure.co.uk,https://www.staticcaravanparks.co.uk/parks/scotland/the-woods-caravan-park,,,,False,original 643-park reference table,Perth and Kinross,Perth and Kinross,Scotland,no,listings,Wood Leisure
Felixstowe Beach Holiday Park,IP11 2HA,https://www.parkholidays.com,https://www.staticcaravanparks.co.uk/parks/suffolk/felixstowe-beach-holiday-village,01394 283393,,,False,original 643-park reference table,Suffolk,Felixstowe,General East,no,listings,Park Holidays
Fell End Caravan Park,LA7 7BS,https://www.pure-leisure.co.uk,https://www.staticcaravanparks.co.uk/parks/cumbria/fell-end-caravan-park,01524781453,,,False,original 643-park reference table,Westmorland and Furness,Beetham,North West,no,listings,Pure Leisure
Felmoor Holiday Park,NE65 9QH,https://wyldecrestholidayparks.co.uk,https://www.staticcaravanparks.co.uk/parks/northumberland/fellmoor-park,01670 787790,,,False,original 643-park reference table,Northumberland,Thirston,North East,no,listings,Wyldecrest Holiday Parks
Ferryfields Caravan Park,TN36 4JU,https://thefamilyparksgroup.co.uk,https://www.staticcaravanparks.co.uk/parks/sussex/ferryfields-park,,70.0,,False,original 643-park reference table,East Sussex,Icklesham,South East,no,listings,The Family Parks Group
Fineburn Caravan Park,DL13 2SY,https://meridianparks.co.uk,https://www.staticcaravanparks.co.uk/parks/county-durham/fineburn-caravan-park,07917 841539,,,False,original 643-park reference table,County Durham,Stanhope,North East,no,listings,Meridian Parks
Finlake Holiday Park,TQ13 0EJ,https://haulfrynholidays.co.uk,https://www.staticcaravanparks.co.uk/parks/devon/finlake-holiday-park,01626 853833,,,False,original 643-park reference table,Devon,Hennock,South West,no,listings,Haulfryn
Fishguard Bay Resort,SA65 9ET,http://www.fishguardbay.com,https://www.staticcaravanparks.co.uk/parks/wales/fishguard-bay-caravan-park,01348 811 415,,,False,original 643-park reference table,Pembrokeshire,Dinas Cross,South Wales,yes,listings,
Fishguard Holiday Park,SA65 9JH,https://www.valeholidayparks.com,https://www.staticcaravanparks.co.uk/parks/wales/fishguard-bay-caravan-park,01348 811 415,,,False,original 643-park reference table,Pembrokeshire,Fishguard and Goodwick,South Wales,no,listings,Vale Holiday Parks
Forest Edge Holiday Park,BH24 2SD,https://www.shorefield.co.uk,https://www.staticcaravanparks.co.uk/parks/dorset/forest-edge-holiday-park,01590 648 331,,,False,original 643-park reference table,Dorset,St. Leonards and St. Ives,South West,no,listings,Shorefield Holidays
Forget Me Not,NE65 8QY,https://maguirescountryparks.co.uk,https://www.staticcaravanparks.co.uk/parks/northumberland/forget-me-not-country-park,01670 788 364,,,False,original 643-park reference table,Northumberland,Nunnykirk,North East,no,listings,Maguires Country Parks
Fox Hill Holiday Park,YO60 7RX,https://www.larkhamleisure.com,,,,,False,original 643-park reference table,North Yorkshire,Claxton,Yorkshire and Humber,no,listings,Larkham Leisure
Foxhall,DL11 7JZ,https://maguirescountryparks.co.uk,https://www.staticcaravanparks.co.uk/parks/yorkshire/fox-hall-caravan-park,,,,False,original 643-park reference table,North Yorkshire,Ravensworth,Yorkshire and Humber,no,listings,Maguires Country Parks
Freshwater Beach Holiday Park,DT6 4PT,https://freshwaterbeach.co.uk,https://www.staticcaravanparks.co.uk/parks/dorset/freshwater-beach-holiday-park,01308 897317,,,False,original 643-park reference table,Dorset,Burton Bradstock,South West,no,listings,
Garreg Wen Holiday Park,LL49 9YF,https://www.haven.com,https://www.staticcaravanparks.co.uk/parks/wales/garreg-wen-holiday-park,,,,False,original 643-park reference table,Gwynedd,Porthmadog,North Wales,yes,listings,Haven
Gatebeck Holiday Park,LA8 0HL,https://www.parkdeanresorts.co.uk/,https://www.staticcaravanparks.co.uk/parks/cumbria/gatebeck-caravan-park,,,,False,original 643-park reference table,Westmorland and Furness,Preston Richard,North West,no,listings,Parkdean
Gayton (Main Showground),PE32 1QJ,https://www.mcdonnellcaravans.co.uk,,,,,False,original 643-park reference table,Norfolk,Gayton,General East,no,listings,McDonnell Caravans
Glendale,CA7 5DJ,https://www.parkholidays.com,https://www.staticcaravanparks.co.uk/parks/cumbria/cottage-and-glendale-caravan-park,016973 51317,,,False,original 643-park reference table,Cumberland,Bowness,North West,no,listings,Park Holidays
Glendevon,FK14 7JY,https://www.awayresorts.co.uk,https://www.staticcaravanparks.co.uk/parks/lancashire/glen-caravan-park,,,,False,original 643-park reference table,Perth and Kinross,Perth and Kinross,Scotland,no,listings,Away Resorts
Glororum Holiday Park,NE69 7AW,https://www.northumbrianleisure.co.uk,https://www.staticcaravanparks.co.uk/parks/northumberland/glororum-caravan-park,,,,False,original 643-park reference table,Northumberland,Bamburgh,North East,no,listings,Northumbrian Leisure
Golden Beach Caravan Park,NR12 0AL,https://www.golden-beach.co.uk,https://www.staticcaravanparks.co.uk/parks/lincolnshire/golden-beach-holiday-park,01754 873 000,,,False,original 643-park reference table,Norfolk,Sea Palling,General East,yes,listings,Golden Beach
Golden Cap,DT6 6JX,https://wdlh.co.uk,https://www.staticcaravanparks.co.uk/parks/dorset/golden-cap-holiday-park,01297 489 341,,,False,original 643-park reference table,Dorset,Chideock,South West,no,listings,WDLH
Golden Coast Holiday Park,EX34 7HW,https://www.valeholidayparks.com,https://www.staticcaravanparks.co.uk/parks/norfolk/gold-coast-caravan-park,01263 513 626,,,False,original 643-park reference table,Devon,Mortehoe,South West,no,listings,Vale Holiday Parks
Golden Gate Holiday Park,LL22 9HU,https://www.northwalescaravans.co.uk,https://www.staticcaravanparks.co.uk/parks/wales/golden-gate-holiday-centre,01745 833048,,,False,original 643-park reference table,Conwy,Kinmel Bay and Towyn,North Wales,yes,listings,
Golden Leas Holiday Park,ME12 4JF,https://www.ploughleisurecaravanpark.com,https://www.staticcaravanparks.co.uk/parks/kent/golden-leas-holiday-park,01795 874 874,,,False,original 643-park reference table,Kent,Minster-on-Sea,South East,no,listings,
Golden Sands,EX7 0LZ,https://www.parkholidays.com,https://www.staticcaravanparks.co.uk/parks/cornwall/golden-sands-park,0843 178 7070,,,False,original 643-park reference table,Devon,Dawlish,South West,yes,listings,Park Holidays
Golden Sands Holiday Park Rhyl,LL18 5NA,https://www.parkholidays.com,,,,,False,original 643-park reference table,Conwy,Kinmel Bay and Towyn,North Wales,yes,listings,Park Holidays
Grange Leisure Park,LN12 1NE,https://www.coastfields.co.uk,https://www.staticcaravanparks.co.uk/parks/hampshire/grange-park,01489 783 895,,,False,original 643-park reference table,Lincolnshire,Mablethorpe and Sutton,Central England,no,listings,Coastfields Leisure
Grannie`S Heilan` Hame Holiday Park,IV25 3QD,https://www.parkdeanresorts.co.uk/,https://www.staticcaravanparks.co.uk/parks/scotland/grannies-heilan-hame-holiday-park,,,,False,original 643-park reference table,Highland,Highland,Scotland,yes,listings,Parkdean
Graston Copse,DT6 4QP,https://wdlh.co.uk,https://www.staticcaravanparks.co.uk/parks/dorset/graston-copse-holiday-park,,,,False,original 643-park reference table,Dorset,Burton Bradstock,South West,no,listings,WDLH
Green Hill Farm,SP5 2AZ,https://lovatparks.com,https://www.staticcaravanparks.co.uk/parks/county-durham/village-green-caravan-park,01434 604 720,,,False,original 643-park reference table,Wiltshire,Landford,South East,no,listings,Lovat Parks
Greenacres Holiday Park,LL49 9YF,https://www.haven.com/parks/north-wales/greenacres,,01766 512781,,,False,original 643-park reference table,Gwynedd,Porthmadog,North Wales,yes,listings,Haven
Greenways Of Gower Leisure Park,SA3 1LY,https://www.premierleisureparks.com,https://www.staticcaravanparks.co.uk/parks/wales/greenways-holiday-park,,,,False,original 643-park reference table,Swansea,Penrice,South Wales,yes,listings,Premier Leisure Parks
Greenwood Leghe Caravan Park,LA6 3DP,https://www.greenwoodleghe.co.uk,https://www.staticcaravanparks.co.uk/parks/yorkshire/greenwood-leghe-caravan-park,01524 241 511,,,False,original 643-park reference table,North Yorkshire,Ingleton,Yorkshire and Humber,no,enquire,Greenwood Leghe
Grey Tower (East Sussex),BN24 6DP,https://greenwoodparks.net,https://www.staticcaravanparks.co.uk/parks/sussex/grey-tower-caravan-park,01323 762 402,83.0,2370.0,True,original 643-park reference table,East Sussex,Pevensey,South East,no,listings,Green Wood Parks
Grondre Holiday Park,SA66 7HD,https://www.valeholidayparks.com,https://www.staticcaravanparks.co.uk/parks/wales/grondre-holiday-park,,,,False,original 643-park reference table,Pembrokeshire,Llawhaden,South Wales,no,listings,Vale Holiday Parks
Hafan Y Mor Holiday Park,LL53 6HX,https://www.haven.com/parks/north-wales/hafan-y-mor,https://www.staticcaravanparks.co.uk/parks/wales/hafan-y-mor-holiday-park,01758 612112,,,False,original 643-park reference table,Gwynedd,Llanystumdwy,North Wales,no,listings,Haven
Haggerston Castle Holiday Park,TD15 2PA,https://www.haven.com/parks/northumberland/haggerston-castle,https://www.staticcaravanparks.co.uk/parks/northumberland/haggerston-castle-holiday-park,01289 381333,,,False,original 643-park reference table,Northumberland,Ancroft,North East,no,listings,Haven
Hareshaw Linn Caravan Park,NE48 2ED,https://horizonholidayparks.co.uk/hareshaw-linn-caravan-park/,https://www.staticcaravanparks.co.uk/parks/northumberland/hareshaw-linn-caravan-park,01434 220342,,,False,original 643-park reference table,Northumberland,Bellingham,North East,no,enquire,Horizon Holiday Parks
Harts,ME12 4RG,https://www.parkholidays.com,https://www.staticcaravanparks.co.uk/parks/kent/harts-holiday-village,01795 510 225,,,False,original 643-park reference table,Kent,Leysdown,South East,no,listings,Park Holidays
Haw Wood Farm Caravans & Camping,IP17 3QT,https://www.parkholidays.com,https://www.staticcaravanparks.co.uk/parks/suffolk/haw-wood-farm-caravan-park,01986 784248,,,False,original 643-park reference table,Suffolk,Blythburgh,General East,no,listings,Park Holidays
Hawkchurch Resort & Spa,EX13 5UL,https://darwinescapes.co.uk,https://www.staticcaravanparks.co.uk/parks/devon/hawkchurch-country-park,,,,False,original 643-park reference table,Devon,Hawkchurch,South West,no,listings,Darwin Escapes
Hawthorn Farm - Dover,CT15 5LA,https://keatfarm.co.uk,https://www.staticcaravanparks.co.uk/parks/kent/hawthorn-farm-holiday-park,01227 374 381,,,False,original 643-park reference table,Kent,Langdon,South East,no,listings,Keat Farm
Hayling Island Holiday Park,PO11 0QS,https://meadowbay.com,https://www.staticcaravanparks.co.uk/parks/hampshire/hayling-island-caravan-park,,,,False,original 643-park reference table,Hampshire,"Havant, unparished area",South East,yes,listings,Meadow Bay
Heacham (The Meadows) (Plot 1),PE31 7LA,https://www.mcdonnellcaravans.co.uk,https://www.staticcaravanparks.co.uk/parks/lincolnshire/country-meadows-holiday-park,01754 874455,,,False,original 643-park reference table,Norfolk,Heacham,General East,no,listings,McDonnell Caravans
Heacham Beach Holiday Park,PE31 7BD,https://www.parkdeanresorts.co.uk,https://www.staticcaravanparks.co.uk/parks/norfolk/heacham-beach-holiday-park,01485570270,,,True,original 643-park reference table,Norfolk,Heacham,General East,no,listings,Parkdean
Heather View Holiday Park,DL13 2PS,https://www.verdantleisure.co.uk,https://www.staticcaravanparks.co.uk/parks/county-durham/heather-view-leisure-park,01388 528 728,296.0,,False,original 643-park reference table,County Durham,Stanhope,North East,no,listings,Verdant Leisure
Hedley Wood Holiday Park,EX22 7ED,https://www.parkholidays.com,https://www.staticcaravanparks.co.uk/parks/devon/hedley-wood-caravan-park,01288 381 404,,,False,original 643-park reference table,Devon,Bridgerule,South West,no,listings,Park Holidays
Helsey Farm,PE24 5PE,https://www.coastfields.co.uk,,,,,False,original 643-park reference table,Lincolnshire,Mumby,Central England,no,listings not scraped,Coastfields Leisure
Herefordshire,HR2 0SF,https://www.morris-leisure.co.uk,https://www.staticcaravanparks.co.uk/parks/herefordshire/poston-mill-caravan-park,01981 550 225,,,False,original 643-park reference table,"Herefordshire, County of",Peterchurch,Central England,no,listings,Morris Leisure
High Farm Holiday Park,HU17 9SL,https://www.larkhamleisure.com,https://www.staticcaravanparks.co.uk/parks/yorkshire/high-farm-holiday-park,01964 542 929,,,False,original 643-park reference table,East Riding of Yorkshire,Routh,Yorkshire and Humber,no,listings,Larkham Leisure
High Hermitage,NE42 6HH,https://maguirescountryparks.co.uk,https://www.staticcaravanparks.co.uk/parks/northumberland/the-high-hermitage-caravan-park,01661 832 250,,,False,original 643-park reference table,Northumberland,Ovingham,North East,no,listings,Maguires Country Parks
Highfield Holiday Park,CO16 9QY,https://www.highfieldcaravanpark.co.uk,https://www.staticcaravanparks.co.uk/parks/yorkshire/highfield-caravan-park,01964 612 233,,,False,original 643-park reference table,Essex,"Tendring, unparished area",General East,no,listings,Highfield Caravan Park
Highlands End,DT6 6AR,https://wdlh.co.uk,https://www.staticcaravanparks.co.uk/parks/dorset/highlands-end-holiday-park,01308 422 139,,,False,original 643-park reference table,Dorset,Symondsbury,South West,no,listings,WDLH
Highview Caravan Park,TD14 5TX,https://horizonholidayparks.co.uk,https://www.staticcaravanparks.co.uk/parks/scotland/highview-caravan-park,,,,False,original 643-park reference table,Scottish Borders,Scottish Borders,Scotland,no,listings,Horizon Holiday Parks
Hill Of Oaks Park,LA12 8NR,https://www.hillofoaks.co.uk,https://www.staticcaravanparks.co.uk/parks/cumbria/hill-of-oaks-and-blake-holme-caravan-est,01539 531 578,,,False,original 643-park reference table,Westmorland and Furness,Cartmel Fell,North West,no,listings,
Hillcrest Park,DL11 7UD,https://meridianparks.co.uk,https://www.staticcaravanparks.co.uk/parks/worcestershire/hillcrest-park,01564 823 084,,,False,original 643-park reference table,County Durham,Barforth,North East,no,listings,Meridian Parks
Hoburne Bashley,BH25 5QR,https://www.hoburne.com,https://www.staticcaravanparks.co.uk/parks/hampshire/hoburne-bashley,01425 612 340,,,False,original 643-park reference table,Hampshire,New Milton,South East,no,listings,Hoburne
Hoburne Blue Anchor,TA24 6JT,https://www.hoburne.com,https://www.staticcaravanparks.co.uk/parks/somerset/hoburne-blue-anchor,01643 821 360,,,False,original 643-park reference table,Somerset,Carhampton,South West,no,listings,Hoburne
Hoburne Cotswold,GL7 5UQ,https://www.hoburne.com,https://www.staticcaravanparks.co.uk/parks/gloucestershire/hoburne-cotswold,01285 860216,,,False,original 643-park reference table,Gloucestershire,South Cerney,South West,no,listings,Hoburne
Hoburne Devon Bay,TQ4 7JP,https://www.hoburne.com,https://www.staticcaravanparks.co.uk/parks/devon/hoburne-torbay-grange-court,01803 558010,,,False,original 643-park reference table,Torbay,"Torbay, unparished area",South West,no,listings,Hoburne
Hoburne Naish,BH25 7RE,https://www.hoburne.com,https://www.staticcaravanparks.co.uk/parks/hampshire/hoburne-naish,01425 273586,,,False,original 643-park reference table,Hampshire,New Milton,South East,yes,listings,Hoburne
Hoburne Park,BH25 7RE,https://www.hoburne.com,https://www.staticcaravanparks.co.uk/parks/dorset/hoburne-park,01425 273379,,,False,original 643-park reference table,Hampshire,New Milton,South East,yes,listings,Hoburne
Holdens Caravan Park,PO20 8JG,https://islandmeadow.co.uk,https://www.staticcaravanparks.co.uk/parks/sussex/holdens-farm-caravan-park,01243 670 207,,,False,original 643-park reference table,West Sussex,East Wittering,South East,no,listings,Island Meadow
Holiday Homes For Sale - Whitstable,CT5 4BU,https://homingpark.co.uk,,,,,False,original 643-park reference table,Kent,"Canterbury, unparished area",South East,yes,listings,
Holmans Wood,TQ13 0DZ,https://haulfrynholidays.co.uk,https://www.staticcaravanparks.co.uk/parks/devon/holmans-wood-caravan-park,01626 853785,,,False,original 643-park reference table,Devon,Chudleigh,South West,no,listings,Haulfryn
Holme-Next-The-Sea (The White Horse) (Plot 10),PE36 6LH,https://www.mcdonnellcaravans.co.uk,https://www.staticcaravanparks.co.uk/parks/cumbria/white-horse-caravan-park,01931 714 226,,,False,original 643-park reference table,Norfolk,Holme next the Sea,General East,yes,listings,McDonnell Caravans
Homing Park Holiday Park,CT5 4BU,https://homingpark.co.uk,https://www.staticcaravanparks.co.uk/parks/kent/homing-leisure-park,01227 771 777,,,False,original 643-park reference table,Kent,"Canterbury, unparished area",South East,yes,listings,
Honeybridge Caravan Park,RH13 8NX,https://islandmeadow.co.uk,https://www.staticcaravanparks.co.uk/parks/sussex/honeybridge-park-campsites,01403 710 923,,,False,original 643-park reference table,West Sussex,West Grinstead,South East,no,listings,Island Meadow
Hopton Holiday Village,NR31 9BW,https://www.haven.com/parks/norfolk/hopton,https://www.staticcaravanparks.co.uk/parks/norfolk/hopton-holiday-village,01493 664211,,,False,original 643-park reference table,Norfolk,Hopton-on-Sea,General East,no,listings,Haven
Hurworth Springs,DL2 1PY,https://maguirescountryparks.co.uk,https://www.staticcaravanparks.co.uk/parks/worcestershire/the-springs,01386 861 851,,,False,original 643-park reference table,Darlington,Hurworth,North East,no,listings,Maguires Country Parks
Hutton Bonville,DL7 0NR,https://maguirescountryparks.co.uk,https://www.staticcaravanparks.co.uk/parks/yorkshire/hutton-bonville-caravan-park,01609 881 416,,,False,original 643-park reference table,North Yorkshire,Hutton Bonville,Yorkshire and Humber,no,listings,Maguires Country Parks
Itchenor (West Sussex),PO20 7BZ,https://greenwoodparks.net,https://www.staticcaravanparks.co.uk/parks/sussex/itchenor-caravan-park,01243 514433,180.0,3630.0,True,original 643-park reference table,West Sussex,West Wittering,South East,no,listings,Green Wood Parks
Jamie's Cragg Holiday Park,YO60 7EW,https://www.larkhamleisure.com,https://www.staticcaravanparks.co.uk/parks/yorkshire/jamies-cragg-caravan-park,01653 618735,,,False,original 643-park reference table,North Yorkshire,Welburn (Sheriff Hutton & Derwent Ward),Yorkshire and Humber,no,listings,Larkham Leisure
Juliots Well Holiday Park,PL32 9RF,http://www.southwestholidayparks.co.uk,https://www.staticcaravanparks.co.uk/parks/cornwall/juliots-well-holiday-park,01840 213 302,,,False,original 643-park reference table,Cornwall,Camelford,South West,no,listings,South West Holiday Parks
Keat Farm Showground - Herne Bay,CT6 6SR,https://keatfarm.co.uk,https://www.staticcaravanparks.co.uk/parks/wales/bay-caravan-park,02920 707 512,,,False,original 643-park reference table,Kent,"Canterbury, unparished area",South East,yes,listings,Keat Farm
Kent Coast Holiday Park,ME3 9QD,https://www.haven.com/parks/kent/kent-coast,,01634 270385,,,False,original 643-park reference table,Medway,Allhallows,South East,yes,listings,Haven
Kessingland Beach Holiday Park,NR33 7RW,https://www.parkdeanresorts.co.uk,https://www.staticcaravanparks.co.uk/parks/suffolk/kessingland-beach-holiday-park,01502 740 636,,,True,original 643-park reference table,Suffolk,Kessingland,General East,yes,listings,Parkdean
Keswick Reach Lodge Retreat,CA13 9SY,https://darwinescapes.co.uk/keswick-reach-lodge-retreat/,https://www.staticcaravanparks.co.uk/parks/cumbria/north-lakes-caravan-park,,,,False,original 643-park reference table,Cumberland,Bewaldeth and Snittlegarth,North West,no,listings,Darwin Escapes
Killigarth Manor Holiday Park,PL13 2HT,https://www.johnfowlerholidays.com,https://www.staticcaravanparks.co.uk/parks/cornwall/killigarth-manor-holiday-park,01271 866 766,,,False,original 643-park reference table,Cornwall,Polperro,South West,no,listings,John Fowler Holidays
Kiln Park Holiday Centre,SA70 7RA,https://www.haven.com/parks/south-wales/kiln-park,https://www.staticcaravanparks.co.uk/parks/wales/penally-court-kiln-park,01834 842565,,,False,original 643-park reference table,Pembrokeshire,Penally,South Wales,no,listings,Haven
Kingfisher,HG5 9JB,https://www.parkholidays.com,https://www.staticcaravanparks.co.uk/parks/county-durham/kingfisher-leisure-park,01388 527 230,,,False,original 643-park reference table,North Yorkshire,Scotton,Yorkshire and Humber,no,listings,Park Holidays
Kippford Holiday Park,DG5 4LF,https://www.hoeysleisure.co.uk,https://www.staticcaravanparks.co.uk/parks/scotland/kippford-holiday-park,01556 620 636,,,False,original 643-park reference table,Dumfries and Galloway,Dumfries and Galloway,Scotland,no,listings,Hoey's Leisure
Ladram Bay,EX9 7BX,https://www.ladrambay.co.uk,https://www.staticcaravanparks.co.uk/parks/devon/ladram-bay-holiday-centre,01395 568 398,,,False,original 643-park reference table,Devon,Otterton,South West,no,listings,
Lady's Mile Holiday Park,EX7 0LX,https://ladysmile.co.uk,https://www.staticcaravanparks.co.uk/parks/devon/ladys-mile-holiday-park,,,,False,original 643-park reference table,Devon,Dawlish,South West,no,listings,Ladysmile
Lakeland Leisure Park,LA11 7LT,https://www.haven.com/parks/lake-district/lakeland,https://www.staticcaravanparks.co.uk/parks/cumbria/lakeland-leisure-park,01539 558251,,,False,original 643-park reference table,Westmorland and Furness,Lower Allithwaite,North West,no,listings,Haven
Lakeside Holiday Park,PO20 1QH,https://www.thornleyleisure.co.uk,https://www.staticcaravanparks.co.uk/parks/cheshire/lakeside-caravan-park,01606 861 043,460.0,,False,original 643-park reference table,West Sussex,North Mundham,South East,no,listings,Thornley Leisure
Lakesway Holiday Home And Lodge Park,LA8 8EQ,https://leisureresorts.co.uk,https://www.staticcaravanparks.co.uk/parks/cumbria/lakesway-holiday-home-lodge-park,,,,False,original 643-park reference table,Westmorland and Furness,Levens,North West,no,listings,Leisure Resorts
Lanyon Holiday Park,TR16 6LP,https://lanyonholidaypark.co.uk,https://www.staticcaravanparks.co.uk/parks/cornwall/lanyon-holiday-park,01209 313474,,,False,original 643-park reference table,Cornwall,Carn Brea,South West,no,listings,
Larkfield,DT6 4ND,https://wdlh.co.uk,https://www.staticcaravanparks.co.uk/parks/dorset/larkfield-caravan-park,01308 422 139,,,False,original 643-park reference table,Dorset,Burton Bradstock,South West,no,listings,WDLH
Lenchford Meadow Park,WR6 6TB,https://www.lenchfordmeadowpark.co.uk,https://www.staticcaravanparks.co.uk/parks/worcestershire/lenchford-meadow-park,01905 620246,,,False,original 643-park reference table,Worcestershire,Shrawley,Central England,no,listings,
Letham Feus Holiday Park,KY8 5NT,http://largoleisureholidays.co.uk,https://www.staticcaravanparks.co.uk/parks/scotland/letham-feus-park,01333 351 900,,,False,original 643-park reference table,Fife,Fife,Scotland,no,listings,Largo Leisure
Lido Beach Holiday Park,LL19 7EU,https://lyonsholidayparks.co.uk,https://www.staticcaravanparks.co.uk/parks/wales/lido-beach-holiday-park,01745 855626,,,False,original 643-park reference table,Denbighshire,Prestatyn,North Wales,yes,listings,Lyons Holiday Parks
Lido Leisure Park,HG5 8LR,https://meridianparks.co.uk,https://www.staticcaravanparks.co.uk/parks/yorkshire/lido-leisure-park,01423 865169,,,False,original 643-park reference table,North Yorkshire,Knaresborough,Yorkshire and Humber,no,listings,Meridian Parks
Limefitt Holiday Park,LA23 1PA,https://www.parkdeanresorts.co.uk/,https://www.staticcaravanparks.co.uk/parks/cumbria/limefitt-park,01539 432300,,,False,original 643-park reference table,Westmorland and Furness,Lakes,North West,no,listings,Parkdean
Liskey Hill Holiday Park,TR6 0BB,https://www.valeholidayparks.com,https://www.staticcaravanparks.co.uk/parks/cornwall/liskey-hill-holiday-park,01872 572057,,,False,original 643-park reference table,Cornwall,Perranzabuloe,South West,no,listings,Vale Holiday Parks
Little Satmar - Folkestone,CT18 7JF,https://keatfarm.co.uk,https://www.staticcaravanparks.co.uk/parks/kent/little-satmar-holiday-park,01303 251 188,,,False,original 643-park reference table,Kent,Capel-le-Ferne,South East,no,listings,Keat Farm
Littlesea Holiday Park,DT4 9DT,https://www.haven.com/parks/dorset/littlesea,https://www.staticcaravanparks.co.uk/parks/dorset/littlesea-holiday-park,01305 784414,,,False,original 643-park reference table,Dorset,Chickerell,South West,no,listings,Haven
Littondale (North Yorkshire),BD23 5PX,https://www.parkleisure.co.uk,https://www.staticcaravanparks.co.uk/parks/yorkshire/littondale-country-and-leisure-park,01756 770226,,,False,original 643-park reference table,North Yorkshire,Hawkswick,Yorkshire and Humber,no,listings,Park Leisure
Lizard Lane Holiday Park,NE34 7AB,https://meridianparks.co.uk,https://www.staticcaravanparks.co.uk/parks/tyne-and-wear/lizard-lane-caravan-park,0191 4544982,,,False,original 643-park reference table,South Tyneside,"South Tyneside, unparished area",North East,yes,listings,Meridian Parks
Lizard Point Holiday Park,TR12 7LJ,https://www.parkdeanresorts.co.uk,https://www.staticcaravanparks.co.uk/parks/cornwall/mullion-holiday-park,01326240428,,,True,original 643-park reference table,Cornwall,Grade-Ruan,South West,no,listings,Parkdean
Llanrhidian Holiday Park,SA3 1EU,https://www.johnfowlerholidays.com,https://www.staticcaravanparks.co.uk/parks/wales/llanrhidian-holiday-park,,,,False,original 643-park reference table,Swansea,Llanrhidian Lower,South Wales,no,listings,John Fowler Holidays
Lomond Woods,G83 8QP,https://www.woodleisure.co.uk,https://www.staticcaravanparks.co.uk/parks/scotland/lomond-woods-holiday-park,01250 878 123,,,True,original 643-park reference table,West Dunbartonshire,West Dunbartonshire,Scotland,no,listings,Wood Leisure
Long Ashes Park,BD23 5PN,https://www.longashespark.co.uk,https://www.staticcaravanparks.co.uk/parks/yorkshire/long-ashes-park,01756 752 261,,,False,original 643-park reference table,North Yorkshire,Threshfield,Yorkshire and Humber,no,listings,
Longbeach Leisure Park,HU18 1TL,https://www.longbeach-leisure.co.uk,https://www.staticcaravanparks.co.uk/parks/yorkshire/longbeach-leisure-park,01964 532 506,,,False,original 643-park reference table,East Riding of Yorkshire,Hornsea,Yorkshire and Humber,no,listings,
Longframlington Holiday Park,NE65 8AJ,https://meridianparks.co.uk,,,,,False,original 643-park reference table,Northumberland,Longframlington,North East,no,listings,Meridian Parks
Looe Bay Holiday Park,PL13 1NX,https://www.parkdeanresorts.co.uk,https://www.staticcaravanparks.co.uk/parks/cornwall/looe-bay-holiday-park,01503263737,,,True,original 643-park reference table,Cornwall,Looe,South West,yes,listings,Parkdean
Lossiemouth,IV31 6SP,https://www.parkholidays.com,https://www.staticcaravanparks.co.uk/parks/scotland/lossiemouth-bay-caravan-park,01343813980,,,False,original 643-park reference table,Moray,Moray,Scotland,no,listings,Park Holidays
Low Bridge Holiday Park,HG5 8HY,https://meridianparks.co.uk,https://www.staticcaravanparks.co.uk/parks/yorkshire/low-bridge-park,01423 866 264,,,False,original 643-park reference table,North Yorkshire,Knaresborough,Yorkshire and Humber,no,listings,Meridian Parks
Lower Hyde Holiday Park,PO37 7LL,https://www.parkdeanresorts.co.uk,https://www.staticcaravanparks.co.uk/parks/isle-of-wight/lower-hyde-holiday-park,01983 866 131,,,True,original 643-park reference table,Isle of Wight,Shanklin,South East,no,listings,Parkdean
Ludlow Touring and Holiday Home Park,SY8 4AD,https://www.morris-leisure.co.uk,https://www.staticcaravanparks.co.uk/parks/shropshire/ludlow-touring-park,01584 878788,,,False,original 643-park reference table,Shropshire,Richard's Castle (Shropshire),Central England,no,listings,Morris Leisure
Lydstep Beach Holiday Village,SA70 7SA,https://www.haven.com/parks/south-wales/lydstep-beach,https://www.staticcaravanparks.co.uk/parks/wales/lydstep-beach-holiday-park,01834 871871,,,False,original 643-park reference table,Pembrokeshire,Penally,South Wales,no,listings,Haven
Lynmouth Holiday Retreat,EX35 6LD,https://coastandcountryparks.co.uk,https://www.staticcaravanparks.co.uk/parks/devon/channel-view-caravan-and-camping-park,01598753349,,,False,original 643-park reference table,Devon,Lynton and Lynmouth,South West,yes,listings,Coast & Country Parks
Lyons Kingsley Holiday Park,LL22 7PR,https://lyonsholidayparks.co.uk,https://www.staticcaravanparks.co.uk/parks/wales/kingsley-caravan-park,01745 832 202,,,False,original 643-park reference table,Conwy,Abergele,North Wales,no,listings,Lyons Holiday Parks
Lyons Manor House Holiday Park,CA15 6RA,https://lyonsholidayparks.co.uk,https://www.staticcaravanparks.co.uk/parks/cumbria/manor-house-caravan-park,01900 881 236,,,False,original 643-park reference table,Cumberland,Holme St Cuthbert,North West,no,listings,Lyons Holiday Parks
Lyons Oakfield Holiday Park,LL18 5LH,https://lyonsholidayparks.co.uk,https://www.staticcaravanparks.co.uk/parks/wales/oakfield-caravan-park-ltd,01745 342 455,,,False,original 643-park reference table,Conwy,Kinmel Bay and Towyn,North Wales,yes,listings,Lyons Holiday Parks
Lyons Pendyffryn Holiday Park,LL34 6UF,https://lyonsholidayparks.co.uk,https://www.staticcaravanparks.co.uk/parks/wales/lyons-pendyffryn-hall,,,,False,original 643-park reference table,Conwy,Penmaenmawr,North Wales,no,listings,Lyons Holiday Parks
Point of Ayr Holiday Park,CH8 9SA,https://lyonsholidayparks.co.uk,https://www.staticcaravanparks.co.uk/parks/wales/point-of-ayr-holiday-park,01745 853 385,,,False,original 643-park reference table,Flintshire,Llanasa,North Wales,no,listings,Lyons Holiday Parks
Robin Hood Holiday Park,LL18 3UU,https://lyonsholidayparks.co.uk,https://www.staticcaravanparks.co.uk/parks/wales/lyons-robin-hood-hol-park,01768 776 334,,,False,original 643-park reference table,Denbighshire,Rhyl,North Wales,yes,listings,Lyons Holiday Parks
Snowdon View Holiday Park,LL55 3PD,https://lyonsholidayparks.co.uk,https://www.staticcaravanparks.co.uk/parks/wales/snowdon-view-caravan-park,01286 870 349,,,False,original 643-park reference table,Gwynedd,Llanddeiniolen,North Wales,no,listings,Lyons Holiday Parks
Lyons Sunnysands Holiday Park,LL43 2LQ,https://lyonsholidayparks.co.uk,https://www.staticcaravanparks.co.uk/parks/wales/sunnysands-caravan-park,,,,False,original 643-park reference table,Gwynedd,Dyffryn Ardudwy,North Wales,no,listings,Lyons Holiday Parks
Lyons Winkups Holiday Park,LL22 9EN,https://lyonsholidayparks.co.uk,https://www.staticcaravanparks.co.uk/parks/wales/lyons-winkups-caravan-park,01745353936,,,False,original 643-park reference table,Conwy,Kinmel Bay and Towyn,North Wales,yes,listings,Lyons Holiday Parks
Lyons Woodlands Hall Holiday Park,LL15 2AN,https://lyonsholidayparks.co.uk,https://www.staticcaravanparks.co.uk/parks/wales/woodlands-hall-caravan-park,01824 702066,,,False,original 643-park reference table,Denbighshire,Efenechtyd,North Wales,no,listings,Lyons Holiday Parks
Mablethorpe Chalet & Caravan Park,LN12 1NF,https://tingdeneholidayparks.com,https://www.staticcaravanparks.co.uk/parks/lincolnshire/mablethorpe-chalet-park-ltd,01507 473 732,94.0,2280.0,True,original 643-park reference table,Lincolnshire,Mablethorpe and Sutton,Central England,yes,listings,Tingdene Holiday Parks
Maesbach Caravan Park,SA19 8EX,,https://www.staticcaravanparks.co.uk/parks/wales/maesbach-caravan-and-camping-park,,,,False,master_parks_working.csv (no website on file),Wales,Cynwyl Gaeo,South Wales,no,no website found,
Maesmawr Farm Resort,SY17 5SE,http://www.maesmawrfarm.co.uk,,,,,False,original 643-park reference table,Powys,Caersws,North Wales,no,listings,
Malvern View Country & Leisure Park,WR6 5UB,https://www.parkholidays.com,https://www.staticcaravanparks.co.uk/parks/worcestershire/malvern-view,0808 256 1201,,,False,original 643-park reference table,"Herefordshire, County of",Stanford Bishop,Central England,no,listings,Park Holidays
Manor Park Holiday Park,PE36 5AZ,https://www.parkdeanresorts.co.uk/,https://www.staticcaravanparks.co.uk/parks/norfolk/manor-park-holiday-park,01485 532 300,,,True,original 643-park reference table,Norfolk,Hunstanton,General East,no,listings,Parkdean
Marlie Holiday Park,TN28 8UE,https://www.parkholidays.com,https://www.staticcaravanparks.co.uk/parks/kent/marlie-farm-holiday-village,08458 159751,,,False,original 643-park reference table,Kent,New Romney,South East,no,listings,Park Holidays
Marsh House,LA5 9JA,https://www.holgates.co.uk,https://www.staticcaravanparks.co.uk/parks/yorkshire/centre-house-caravan-park,01262 468530,,,False,original 643-park reference table,Lancashire,Carnforth,North West,no,listings,Holgates
Marton Mere Holiday Village,FY4 4XN,https://www.haven.com/parks/blackpool/marton-mere,https://www.staticcaravanparks.co.uk/parks/lancashire/marton-mere-holiday-village,01253 767511,,,False,original 643-park reference table,Blackpool,"Blackpool, unparished area",North West,no,listings,Haven
Marwood Country Park,DL12 8RL,https://maguirescountryparks.co.uk,,,60.0,,False,original 643-park reference table,County Durham,Marwood,North East,no,listings,Maguires Country Parks
Maustin Park,LS22 4BZ,https://www.larkhamleisure.com,https://www.staticcaravanparks.co.uk/parks/yorkshire/maustin-caravan-park,0113 2886234,,,False,original 643-park reference table,North Yorkshire,Kearby with Netherby,Yorkshire and Humber,no,listings,Larkham Leisure
Meadow Lakes Holiday Park,PL26 7JG,https://www.meadow-lakes.co.uk,https://www.staticcaravanparks.co.uk/parks/cornwall/trencreek-farm-country-holiday-park,,,,False,original 643-park reference table,Cornwall,Grampound with Creed,South West,no,listings,
Meadow Lee Holiday Park,BS22 9XE,https://www.surfbayleisure.co.uk,https://www.staticcaravanparks.co.uk/parks/somerset/meadow-lee-park,,,,False,original 643-park reference table,North Somerset,Kewstoke,South West,no,listings,Surf Bay Leisure
Meadows Retreat Lodge Park,CA13 0FF,https://www.meadowsretreatlodgepark.com,https://www.staticcaravanparks.co.uk/parks/lincolnshire/country-meadows-holiday-park,01754 874455,,,False,original 643-park reference table,Cumberland,Blindcrake,North West,no,listings,Meadows Retreat Lodge Park
Merryfield & Sandfield Parks,PE24 5TP,https://www.coastfields.co.uk,https://www.staticcaravanparks.co.uk/parks/lincolnshire/sandfield-holiday-centre,,,,False,original 643-park reference table,Lincolnshire,Chapel St. Leonards,Central England,yes,listings not scraped,Coastfields Leisure
Mersea Island Holiday Park,CO5 8UA,https://www.awayresorts.co.uk,https://www.staticcaravanparks.co.uk/parks/essex/mersea-island-holiday-home-park,01206 383 252,,,False,original 643-park reference table,Essex,East Mersea,General East,yes,listings,Away Resorts
Middleton Holiday Park,LA3 3LH,https://www.middletonpark.co.uk,https://www.staticcaravanparks.co.uk/parks/lancashire/middleton-holiday-park,01524 851 915,,,False,original 643-park reference table,Lancashire,Middleton,North West,no,listings,
Mill Rythe Coastal Village,PO11 0PB,https://www.awayresorts.co.uk,https://www.staticcaravanparks.co.uk/parks/northern-ireland/mill-caravan-park,02891 861 318,,,False,original 643-park reference table,Hampshire,"Havant, unparished area",South East,yes,listings,Away Resorts
Moelfre View Holiday Park,LL43 2AQ,https://lyonsholidayparks.co.uk,https://www.staticcaravanparks.co.uk/parks/wales/moelfre-view-caravan-park,01341 247 100,,,False,original 643-park reference table,Gwynedd,Dyffryn Ardudwy,North Wales,no,listings,Lyons Holiday Parks
Moffat Manor,DG10 9RE,https://www.awayresorts.co.uk,https://www.staticcaravanparks.co.uk/parks/scotland/moffat-manor-holiday-park,01919 032 682,,,False,original 643-park reference table,Dumfries and Galloway,Dumfries and Galloway,Scotland,no,listings,Away Resorts
Mullion Cove Coastal Retreat,TR12 7EU,https://darwinescapes.co.uk,https://www.staticcaravanparks.co.uk/parks/cornwall/mullion-holiday-park,01326240428,,,True,original 643-park reference table,Cornwall,Mullion,South West,yes,listings,Darwin Escapes
Nairn Lochloy HolidayPark,IV12 5DE,https://www.parkdeanresorts.co.uk/,https://www.staticcaravanparks.co.uk/parks/scotland/nairn-lochloy-holidaypark,01667453764,,,True,original 643-park reference table,Highland,Highland,Scotland,no,listings not scraped,Parkdean
Nancolleth Caravan Park,TR8 4PN,https://www.nancollethcaravanpark.co.uk,https://www.staticcaravanparks.co.uk/parks/cornwall/nancolleth-caravan-gardens,01872 510 236,,,False,original 643-park reference table,Cornwall,St. Newlyn East,South West,no,listings,
Natland Caravan Park,LA9 7QT,https://www.natlandcaravanpark.co.uk/,,,,,False,original 643-park reference table,Westmorland and Furness,Natland,North West,no,listings,
Naze Marine Holiday Park,CO14 8HL,https://www.parkdeanresorts.co.uk,https://www.staticcaravanparks.co.uk/parks/essex/naze-marine-holiday-park,01255 682 410,,,True,original 643-park reference table,Essex,Frinton and Walton,General East,yes,listings,Parkdean
Netherbeck,LA5 9NG,https://www.holgates.co.uk,https://www.staticcaravanparks.co.uk/parks/lancashire/netherbeck-holiday-home-park,,,,False,original 643-park reference table,Lancashire,Carnforth,North West,no,listings,Holgates
New Beach,TN29 0JX,https://www.parkholidays.com,https://www.staticcaravanparks.co.uk/parks/kent/new-beach-holiday-park,08458 159720,,,False,original 643-park reference table,Kent,Dymchurch,South East,no,listings,Park Holidays
New Minerton Leisure Park,SA70 8RD,https://www.newminerton.co.uk,https://www.staticcaravanparks.co.uk/parks/wales/new-minerton-leisure-park,01646 651 461,,,False,original 643-park reference table,Pembrokeshire,St. Florence,South Wales,no,listings,
New Park,SA67 8BG,https://www.valeholidayparks.com,https://www.staticcaravanparks.co.uk/parks/wales/new-park-farm-and-caravan-park,,,,False,original 643-park reference table,Pembrokeshire,Martletwy,South Wales,no,enquire,Vale Holiday Parks
New Pines Holiday Home Park,LL18 4DY,https://darwinescapes.co.uk,,,,,False,original 643-park reference table,Denbighshire,Rhyl,North Wales,no,listings,Darwin Escapes
New Romney Caravan Park,TN28 8PB,https://www.newromneycaravanpark.co.uk,https://www.staticcaravanparks.co.uk/parks/kent/new-romney-caravan-park,01797 362 247,,,False,original 643-park reference table,Kent,New Romney,South East,no,listings,
Newbus Grange,DL2 1PE,https://maguirescountryparks.co.uk,https://www.staticcaravanparks.co.uk/parks/county-durham/newbus-grange-caravan-park,01325 720973,,,False,original 643-park reference table,Darlington,Hurworth,North East,no,listings,Maguires Country Parks
Newhaven,SK17 0DT,https://www.parkholidays.com,https://www.staticcaravanparks.co.uk/parks/derbyshire/newhaven-caravan-park,01298 84300,,,False,original 643-park reference table,Derbyshire,Hartington Nether Quarter,Central England,no,listings,Park Holidays
Newperran Holiday Park,TR8 5QJ,https://www.valeholidayparks.com,https://www.staticcaravanparks.co.uk/parks/cornwall/newperran-holiday-park,01872 572 407,,,False,original 643-park reference table,Cornwall,Perranzabuloe,South West,no,listings,Vale Holiday Parks
Newquay Bay Resort,TR8 4AS,https://www.parkdeanresorts.co.uk,https://www.staticcaravanparks.co.uk/parks/cornwall/newquay-view-resort,,,,False,original 643-park reference table,Cornwall,Newquay,South West,no,listings,Parkdean
Newquay Holiday Park,TR8 4HS,https://www.parkdeanresorts.co.uk,https://www.staticcaravanparks.co.uk/parks/cornwall/newquay-holiday-park,01637871111,,,True,original 643-park reference table,Cornwall,Colan,South West,no,listings,Parkdean
Newton Hall,FY3 0AX,https://www.partingtons.com,https://www.staticcaravanparks.co.uk/parks/lancashire/newton-hall-holiday-centre,,,,False,original 643-park reference table,Lancashire,Staining,North West,no,listings,Partington's
Nodes Point Holiday Park,PO33 1YA,https://www.parkdeanresorts.co.uk,https://www.staticcaravanparks.co.uk/parks/isle-of-wight/nodes-point-holiday-park,01983 872 401,,,True,original 643-park reference table,Isle of Wight,St Helens,South East,yes,listings,Parkdean
North Denes Caravan Park,NR32 1UX,https://tingdeneholidayparks.com,https://www.staticcaravanparks.co.uk/parks/suffolk/north-denes-caravan-park,01502 218393,183.0,2952.0,True,original 643-park reference table,Suffolk,Lowestoft,General East,no,listings,Tingdene Holiday Parks
North Lakes Country Park,CA7 4NQ,https://northlakescountrypark.com,https://www.staticcaravanparks.co.uk/parks/cumbria/north-lakes-caravan-park,,,,False,original 643-park reference table,Cumberland,Holme St Cuthbert,North West,no,listings,
North Shore Holiday Park,PE25 1SL,https://www.coastfields.co.uk,https://www.staticcaravanparks.co.uk/parks/lincolnshire/north-shore-caravan-park,01754 762051,,,False,original 643-park reference table,Lincolnshire,Skegness,Central England,yes,listings,Coastfields Leisure
Northcliffe & Seaview (Yorkshire Coast),YO22 4LL,https://www.northcliffe-seaview.com,https://www.staticcaravanparks.co.uk/parks/yorkshire/northcliffe-holiday-park,01947880477,,,False,original 643-park reference table,North Yorkshire,Hawsker-cum-Stainsacre,Yorkshire and Humber,no,listings,
Notter Bridge Holiday Park,PL12 4RN,https://coastandcountryparks.co.uk,https://www.staticcaravanparks.co.uk/parks/cornwall/notter-bridge-park,01752 842 318,,,False,original 643-park reference table,Cornwall,Saltash,South West,no,listings,Coast & Country Parks
Nursery Garden,YO7 3PG,https://maguirescountryparks.co.uk,https://www.staticcaravanparks.co.uk/parks/yorkshire/nursery-garden-holiday-home-park,01845 577 277,,,False,original 643-park reference table,North Yorkshire,Asenby,Yorkshire and Humber,no,listings,Maguires Country Parks
Oakcliff Holiday Park,EX7 0NB,https://ladysmile.co.uk,https://www.staticcaravanparks.co.uk/parks/devon/oakcliff-holiday-park,01626 863 347,,,False,original 643-park reference table,Devon,Dawlish,South West,yes,listings,Ladysmile
Oakdene Forest Park,BH24 2RZ,https://www.shorefield.co.uk,https://www.staticcaravanparks.co.uk/parks/dorset/oakdene-forest-park,01590 648 331,,,False,original 643-park reference table,Dorset,St. Leonards and St. Ives,South West,no,listings,Shorefield Holidays
Oaklands Holiday Park,CO16 8HW,https://www.oaklands-park.co.uk,https://www.staticcaravanparks.co.uk/parks/cornwall/oaklands-park,01503262640,,,False,original 643-park reference table,Essex,St Osyth,General East,no,listings,Oaklands Park
Oakwood Retreat York,YO41 4DD,https://oakwoodretreatyork.co.uk,,,,,False,original 643-park reference table,East Riding of Yorkshire,Newton on Derwent,Yorkshire and Humber,no,listings,
Ocean Edge Holiday Park,LA3 2XA,https://www.parkdeanresorts.co.uk,https://www.staticcaravanparks.co.uk/parks/lancashire/ocean-edge,01524 855 657,,,False,original 643-park reference table,Lancashire,Middleton,North West,no,listings,Parkdean
Ocean Heights Leisure Park,SA45 9RL,https://www.thornleyleisure.co.uk,https://www.staticcaravanparks.co.uk/parks/wales/ocean-heights-caravan-park,01545 560309,,,False,original 643-park reference table,Ceredigion,Llanllwchaiarn,South Wales,no,listings,Thornley Leisure
Onslow Caravan Park,BN12 5RX,https://islandmeadow.co.uk,https://www.staticcaravanparks.co.uk/parks/sussex/onslow-holiday-home-park,01903 243 170,,,False,original 643-park reference table,West Sussex,Ferring,South East,no,listings,Island Meadow
Orchard Farm Holiday Park,YO14 0PU,https://www.larkhamleisure.com,https://www.staticcaravanparks.co.uk/parks/yorkshire/orchard-farm-holiday-village,01723 891582,,,False,original 643-park reference table,North Yorkshire,Hunmanby,Yorkshire and Humber,no,listings,Larkham Leisure
Orchard Views Holiday Park,TN29 0JR,https://thefamilyparksgroup.co.uk,https://www.staticcaravanparks.co.uk/parks/lincolnshire/orchard-view-caravan-park,01945 700 482,,,False,original 643-park reference table,Kent,Burmarsh,South East,no,listings,The Family Parks Group
Ord House Country Park,TD15 2NS,https://maguirescountryparks.co.uk,https://www.staticcaravanparks.co.uk/parks/northumberland/ord-house-country-park,01289 305 288,,,False,original 643-park reference table,Northumberland,Ord,North East,no,listings,Maguires Country Parks
Overstone Lakes,NN6 0BD,https://www.allenscaravans.co.uk,https://www.staticcaravanparks.co.uk/parks/northamptonshire/overstone-lakes-caravan-park,01604 645 255,,,False,original 643-park reference table,North Northamptonshire,Sywell,Central England,no,listings,Allens Caravans
Oxenleaze Farm Caravans,TA4 2QH,https://oxenleazefarm.co.uk,https://www.staticcaravanparks.co.uk/parks/somerset/oxenleaze-farm-caravans,01984 623 427,,,False,original 643-park reference table,Somerset,Upton,South West,no,listings,
Oxon Hall Touring & Holiday Home Park,SY3 5FB,https://www.morris-leisure.co.uk,https://www.staticcaravanparks.co.uk/parks/shropshire/oxon-hall-touring-park,01743 340 868,,,False,original 643-park reference table,Shropshire,Bicton,Central England,no,listings,Morris Leisure
Oyster Bay Coastal  Country Retreat,TR4 9QE,https://www.parkholidays.com,https://www.staticcaravanparks.co.uk/parks/cornwall/oyster-bay-coastal-and-country-retreat,01485 570676,,,False,original 643-park reference table,Cornwall,Perranzabuloe,South West,no,listings,Park Holidays
Padstow Holiday Village,PL28 8LE,https://www.padstowholidaypark.co.uk,https://www.staticcaravanparks.co.uk/parks/cornwall/padstow-holiday-park,01841 532289,,,False,original 643-park reference table,Cornwall,Padstow,South West,yes,listings,Padstow Holiday Park
Pakefield,NR33 7BE,https://www.parkholidays.com,https://www.staticcaravanparks.co.uk/parks/suffolk/pakefield-caravan-park,01502 561 136,,,False,original 643-park reference table,Suffolk,Lowestoft,General East,no,listings,Park Holidays
Par Sands Coastal Holiday Park,PL24 2AS,https://www.parkleisure.co.uk,https://www.staticcaravanparks.co.uk/parks/cornwall/par-sands-coastal-holiday-park,01726 812868,,,False,original 643-park reference table,Cornwall,Tywardreath and Par,South West,no,listings,Park Leisure
Par Sands Holiday Park,PL24 2AS,https://www.parkholidays.com,https://www.staticcaravanparks.co.uk/parks/cornwall/par-sands-coastal-holiday-park,01726 812868,,,False,original 643-park reference table,Cornwall,Tywardreath and Par,South West,no,listings,Park Holidays
ParcFarm Holiday Park,CH7 4QW,https://www.valeholidayparks.com,https://www.staticcaravanparks.co.uk/parks/wales/parc-farm-caravan-park,01824 780 666,,,False,original 643-park reference table,Denbighshire,Llanarmon-yn-Ial,North Wales,no,listings,Vale Holiday Parks
Park Farm Holiday Park,SA70 7SU,https://www.parkfarmholidaypark.co.uk,https://www.staticcaravanparks.co.uk/parks/wales/park-farm-caravans,01646 672 583,,,False,original 643-park reference table,Pembrokeshire,Manorbier,South Wales,no,listings,
Pearl Lake Country Holiday Park,HR6 9NQ,https://www.discoverparks.co.uk,https://www.staticcaravanparks.co.uk/parks/herefordshire/pearl-lake-leisure-park,01568708326,,,False,original 643-park reference table,"Herefordshire, County of",Shobdon,Central England,no,listings,Discover Parks
Pease Bay Holiday Park,TD13 5YP,https://www.verdantleisure.co.uk,https://www.staticcaravanparks.co.uk/parks/scotland/pease-bay-holiday-homes-park,01368 830 206,,,False,original 643-park reference table,Scottish Borders,Scottish Borders,Scotland,no,listings,Verdant Leisure
Pegwell Bay Holiday Park,CT11 0NJ,https://thefamilyparksgroup.co.uk,https://www.staticcaravanparks.co.uk/parks/kent/pegwell-bay-holiday-park,01424 893 394,60.0,5500.0,True,original 643-park reference table,Kent,Ramsgate,South East,no,listings,The Family Parks Group
Penally Court,SA70 7RB,https://www.haven.com/parks/south-wales/penally-court,,01834 842565,,,False,original 643-park reference table,,,,,listings,Haven
Pendine Bay Leisure Park,SA33 4PJ,https://www.pendinebay.co.uk,https://www.staticcaravanparks.co.uk/parks/wales/bay-caravan-park,02920 707 512,,,False,original 643-park reference table,Carmarthenshire,Pendine,South Wales,no,listings,
Pendine Sands Holiday Park,SA33 4NZ,https://www.parkdeanresorts.co.uk/location/wales/pendine-sands/,https://www.staticcaravanparks.co.uk/parks/wales/pendine-sands-holiday-park,01994 453 398,,,True,original 643-park reference table,Carmarthenshire,Pendine,South Wales,no,listings,Parkdean
Pendyffryn Hall Holiday Park,LL34 6UF,https://lyonsholidayparks.co.uk,https://www.staticcaravanparks.co.uk/parks/wales/pendyffryn-hall-caravan-park,,,,False,original 643-park reference table,Conwy,Penmaenmawr,North Wales,no,listings,Lyons Holiday Parks
Penmarlam Lodge Retreat,PL23 1LZ,https://lovatparks.com,,,,,False,original 643-park reference table,Cornwall,Lanteglos,South West,yes,listings,Lovat Parks
Pentire Coastal Holiday Park,EX23 9HP,https://www.parkholidays.com,https://www.staticcaravanparks.co.uk/parks/scotland/pentire-haven-holiday-park,,,,False,original 643-park reference table,Cornwall,Kilkhampton,South West,no,listings,Park Holidays
Percy Wood Country Park,NE65 9JW,https://www.shorewoodlg.co.uk/percy-wood,https://www.staticcaravanparks.co.uk/parks/northumberland/percy-wood-country-park,01670 787 649,,,True,original 643-park reference table,Northumberland,Newton-on-the-Moor and Swarland,North East,no,listings,Shorewood
Perran Heights Holiday Park,TR8 5QJ,https://www.valeholidayparks.com,https://www.staticcaravanparks.co.uk/parks/cornwall/newperran-holiday-park,01872 572 407,,,False,original 643-park reference table,Cornwall,Perranzabuloe,South West,no,listings,Vale Holiday Parks
Perran Sands Holiday Park,TR6 0AQ,https://www.haven.com/parks/cornwall/perran-sands,https://www.staticcaravanparks.co.uk/parks/cornwall/perran-sands-holiday-centre,01872 573551,,,False,original 643-park reference table,Cornwall,Perranzabuloe,South West,no,listings,Haven
Pevensey Bay,BN24 6DH,https://www.parkholidays.com,https://www.staticcaravanparks.co.uk/parks/sussex/pevensey-bay-holiday-park,01323 761 424,365.0,,False,original 643-park reference table,East Sussex,Pevensey,South East,no,listings,Park Holidays
Piran Meadows Resort,TR8 4LW,https://darwinescapes.co.uk,https://www.staticcaravanparks.co.uk/parks/cornwall/piran-meadows,01726 860415,,,False,original 643-park reference table,Cornwall,Colan,South West,no,listings,Darwin Escapes
Plas Coch Country  Leisure Retreat,LL61 6EJ,https://www.parkleisure.co.uk,https://www.staticcaravanparks.co.uk/parks/wales/plas-coch-caravan-and-leisure-park,01248 714 272,,,False,original 643-park reference table,Isle of Anglesey,Llanddaniel Fab,North Wales,yes,listings,Park Leisure
Plas Uchaf Caravan and Camping Park,LL74 8NU,https://www.stdavidsleisure.com,https://www.staticcaravanparks.co.uk/parks/wales/plas-caravan-park,01407 810234,,,False,original 643-park reference table,Isle of Anglesey,Llanfair-Mathafarn-Eithaf,North Wales,no,listings,St David's Leisure
Plough Leisure Caravan Park,ME12 4JF,https://www.ploughleisurecaravanpark.com,https://www.staticcaravanparks.co.uk/parks/kent/plough-leisure-caravan-park,,,,False,original 643-park reference table,Kent,Minster-on-Sea,South East,no,listings,
Polperro Holiday Park,PL13 2JE,https://www.parkholidays.com,https://www.staticcaravanparks.co.uk/parks/cornwall/seaview-holiday-village,,,,False,original 643-park reference table,Cornwall,Polperro,South West,no,listings,Park Holidays
Poppyfields Caravan Park,IP27 0TU,https://islandmeadow.co.uk,https://www.staticcaravanparks.co.uk/parks/suffolk/poppyfields-caravan-park,,,,False,original 643-park reference table,Suffolk,Santon Downham,General East,no,listings,Island Meadow
Port Haverigg Marina Village,LA18 4LG,https://wyldecrestholidayparks.co.uk,https://www.staticcaravanparks.co.uk/parks/cumbria/port-haverigg-holiday-village,01229772880,,,False,original 643-park reference table,Cumberland,Millom,North West,no,listings,Wyldecrest Holiday Parks
Porthkerry Leisure Park,CF62 3ZP,https://www.valeholidayparks.com,https://www.staticcaravanparks.co.uk/parks/wales/porthkerry-leisure-park,,,,False,original 643-park reference table,Vale of Glamorgan,Rhoose,South Wales,yes,listings,Vale Holiday Parks
Porthllongdy Caravan Park,LL75 8RJ,https://www.porthllongdy.co.uk/,https://www.staticcaravanparks.co.uk/parks/wales/porthllongdy-caravan-park,01248 852 337,,,False,original 643-park reference table,Isle of Anglesey,Llanfair-Mathafarn-Eithaf,North Wales,yes,enquire,
Poston Mill Touring and Holiday Home Park,HR2 0SF,https://www.morris-leisure.co.uk,https://www.staticcaravanparks.co.uk/parks/herefordshire/poston-mill-caravan-park,01981 550 225,,,False,original 643-park reference table,"Herefordshire, County of",Peterchurch,Central England,no,listings,Morris Leisure
Praa Sands,TR20 9SH,http://www.haulfrynholidayhomes.co.uk,https://www.staticcaravanparks.co.uk/parks/cornwall/praa-sands-golf-and-country-club,01736 762 201,,,False,original 643-park reference table,Cornwall,Breage,South West,no,listings,
Presthaven Sands,LL19 9TT,https://www.haven.com/parks/north-wales/presthaven,https://www.staticcaravanparks.co.uk/parks/wales/presthaven-sands-holiday-park,01745 856471,,,False,original 643-park reference table,Flintshire,Llanasa,North Wales,yes,listings,Haven
Primrose Valley Holiday Park,YO14 9RF,https://www.haven.com/parks/yorkshire-filey/primrose-valley,https://www.staticcaravanparks.co.uk/parks/yorkshire/primrose-valley-holiday-park,01723 513771,,,False,original 643-park reference table,North Yorkshire,Filey,Yorkshire and Humber,no,listings,Haven
Quay West Holiday Park,SA45 9SE,http://www.haven.com/quaywest,https://www.staticcaravanparks.co.uk/parks/wales/quay-west-holiday-park,08714 680 496,,,False,original 643-park reference table,Ceredigion,New Quay,South Wales,no,listings,Haven
Queensberry Bay Leisure Park,DG12 5PN,https://www.verdantleisure.co.uk,https://www.staticcaravanparks.co.uk/parks/scotland/queensberry-bay-caravan-park-ltd,01461700205,,,False,original 643-park reference table,Dumfries and Galloway,Dumfries and Galloway,Scotland,no,listings,Verdant Leisure
Quex Holiday Park - Birchington,CT7 0BL,https://keatfarm.co.uk,https://www.staticcaravanparks.co.uk/parks/kent/quex-caravan-park,01843841273,,,False,original 643-park reference table,Kent,Birchington,South East,no,listings,Keat Farm
Rawcliffe Hall Holiday Park,PR3 6TQ,https://harrisonholidays.com,https://www.staticcaravanparks.co.uk/parks/lancashire/rawcliffe-hall-country-club-amd-caravan-park,01995 670 491,,,False,original 643-park reference table,Lancashire,Out Rawcliffe,North West,no,listings,Harrison Holidays
Redcar Beach Caravan Park,TS10 5BJ,https://tingdeneholidayparks.com,https://www.staticcaravanparks.co.uk/parks/tyne-and-wear/redcar-beach-park,08444 474 3148,,,False,original 643-park reference table,Redcar and Cleveland,"Redcar and Cleveland, unparished area",North East,yes,listings,Tingdene Holiday Parks
Regent Bay Holiday Park,LA3 3DF,https://www.parkdeanresorts.co.uk,https://www.staticcaravanparks.co.uk/parks/lancashire/regent-leisure-park,01524 413 940,,,False,original 643-park reference table,Lancashire,Morecambe,North West,no,listings,Parkdean
Reighton Sands Holiday Park,YO14 9SH,https://www.haven.com/parks/yorkshire-filey/reighton-sands,https://www.staticcaravanparks.co.uk/parks/yorkshire/reighton-sands-holiday-park,01723 890476,,,False,original 643-park reference table,North Yorkshire,Reighton,Yorkshire and Humber,no,listings,Haven
Ribble Valley Holiday Park,BB7 4ER,https://www.parkholidays.com,https://www.staticcaravanparks.co.uk/parks/lancashire/ribble-valley-country-leisure-park,,,,False,original 643-park reference table,Lancashire,Paythorne,North West,no,listings,Park Holidays
River View Leisure Park,DL12 9TJ,http://www.riverviewleisurepark.com,https://www.staticcaravanparks.co.uk/parks/county-durham/river-view-park,01833 637 271,,,False,original 643-park reference table,County Durham,Startforth,North East,no,listings,
Rivers Edge Country Park,LA6 3HR,https://www.ukleisureparks.co.uk,https://www.staticcaravanparks.co.uk/parks/yorkshire/rivers-edge,,,,False,original 643-park reference table,North Yorkshire,Ingleton,Yorkshire and Humber,no,listings,UK Leisure Parks
Riverside Caravan Centre,PO22 9NE,https://www.riversidecaravancentre.com,https://www.staticcaravanparks.co.uk/parks/cornwall/riverside-holiday-park,01637 873 617,,,False,original 643-park reference table,West Sussex,Bersted,South East,no,listings,
Riverside Holiday Park,PR9 8DF,https://harrisonholidays.com,https://www.staticcaravanparks.co.uk/parks/cornwall/riverside-holiday-park,01637 873 617,,,False,original 643-park reference table,Lancashire,North Meols,North West,no,listings,Harrison Holidays
Riverside Holiday Park Wooler,NE71 6NJ,https://www.verdantleisure.co.uk,https://www.staticcaravanparks.co.uk/parks/cornwall/riverside-holiday-park,01637 873 617,,,False,original 643-park reference table,Northumberland,Wooler,North East,no,listings,Verdant Leisure
Riverside Touring and Holiday Home Park,LL24 0AL,https://www.morris-leisure.co.uk,https://www.staticcaravanparks.co.uk/parks/wales/riverside-caravan-park,01873 810 397,,,False,original 643-park reference table,Conwy,Betws-y-Coed,North Wales,no,listings,Morris Leisure
Riverview Holiday Park,TD9 0TF,https://www.riverview.co.uk,https://www.staticcaravanparks.co.uk/parks/northamptonshire/riverview-park,01604 891 411,,,False,original 643-park reference table,Scottish Borders,Scottish Borders,Scotland,no,listings,Riverview
Roach Farm Park,PE25 2LA,https://www.coastfields.co.uk,https://www.staticcaravanparks.co.uk/parks/lincolnshire/roach-farm-park,01754 898 049,,,False,original 643-park reference table,Lincolnshire,Skegness,Central England,no,listings not scraped,Coastfields Leisure
Rockbridge Park,LD8 2NF,https://www.discoverparks.co.uk,,,,,False,original 643-park reference table,Powys,Presteigne,South Wales,no,listings,Discover Parks
Rockley Park,BH15 4LZ,https://www.haven.com/parks/dorset/rockley-park,https://www.staticcaravanparks.co.uk/parks/dorset/rockley-park-holiday-park,01202 679393,,,False,original 643-park reference table,"Bournemouth, Christchurch and Poole","Bournemouth, Christchurch and Poole, unparished area",South West,yes,listings,Haven
Romney Sands Holiday Park,TN28 8RN,https://www.parkdeanresorts.co.uk,https://www.staticcaravanparks.co.uk/parks/kent/romney-sands-holiday-park,01797 363 877,,,True,original 643-park reference table,Kent,Lydd,South East,no,listings,Parkdean
Rushey Hill Caravan Park,BN10 8XH,https://islandmeadow.co.uk,https://www.staticcaravanparks.co.uk/parks/sussex/rushey-hill-caravan-park,,,,False,original 643-park reference table,East Sussex,Peacehaven,South East,no,listings,Island Meadow
Rye Harbour Coastal and Country Park,TN31 7TX,https://www.parkholidays.com,https://www.staticcaravanparks.co.uk/parks/sussex/rye-harbour-holiday-park,01797 223 011,,,False,original 643-park reference table,East Sussex,Icklesham,South East,no,listings,Park Holidays
Saddlebrook Chase Caravan Park,CO16 7BD,https://tingdeneholidayparks.com,https://www.staticcaravanparks.co.uk/parks/essex/saddlebrook-chase,01255 427 765,135.0,2741.0,True,original 643-park reference table,Essex,"Tendring, unparished area",General East,no,listings,Tingdene Holiday Parks
Saltern Holiday Park,SA70 8EP,https://www.salternholidaypark.co.uk,,,,,False,original 643-park reference table,Pembrokeshire,Tenby,South Wales,no,listings,
Sand Le Mere Holiday Park,HU12 0JN,https://www.parkholidays.com,https://www.staticcaravanparks.co.uk/parks/yorkshire/sandlemere-caravan-park,01964 670 403,,,False,original 643-park reference table,East Riding of Yorkshire,Roos,Yorkshire and Humber,no,listings,Park Holidays
Sandgreen Caravan Park,DG7 2DU,https://www.sandgreencaravanpark.co.uk,https://www.staticcaravanparks.co.uk/parks/scotland/sandgreen-caravan-park,01557 814 351,,,False,original 643-park reference table,Dumfries and Galloway,Dumfries and Galloway,Scotland,no,listings,
Sandhills Holiday Park,BH23 4AL,https://www.parkholidays.com,https://www.staticcaravanparks.co.uk/parks/dorset/sandhills-holiday-village,01425 274 584,,,False,original 643-park reference table,"Bournemouth, Christchurch and Poole",Christchurch,South West,yes,listings,Park Holidays
Sandhills Holiday Park Coastal Retreat,BH23 4AL,https://www.parkholidays.com,https://www.staticcaravanparks.co.uk/parks/dorset/sandhills-holiday-village,01425 274 584,,,False,original 643-park reference table,"Bournemouth, Christchurch and Poole",Christchurch,South West,yes,listings,Park Holidays
Sandhills Holiday Park Whitecliff Bay,PO35 5QB,https://www.parkholidays.com,https://www.staticcaravanparks.co.uk/parks/isle-of-wight/sandhills-holiday-park,01983 872 277,,,False,original 643-park reference table,Isle of Wight,Bembridge,South East,yes,listings,Park Holidays
Sandy Balls Holiday Village,SP6 2JZ,https://www.awayresorts.co.uk,https://www.staticcaravanparks.co.uk/parks/hampshire/sandy-balls-holiday-centre,01245 653 042,,,False,original 643-park reference table,Hampshire,Godshill,South East,no,listings,Away Resorts
Sandy Bay Holiday Park,NE63 9YD,https://www.sandybaypreesall.co.uk,https://www.staticcaravanparks.co.uk/parks/kent/sandy-bay-caravan-park,01303 873214,,,False,original 643-park reference table,Northumberland,Newbiggin by the Sea,North East,no,listings,Sandy Bay Preesall
Sandy Glade Holiday Park,TA8 2QX,https://www.johnfowlerholidays.com,https://www.staticcaravanparks.co.uk/parks/somerset/sandy-glade-holiday-park,01271 866 766,,,False,original 643-park reference table,Somerset,Berrow,South West,yes,listings,John Fowler Holidays
Sandyholme,DT2 8HZ,https://wdlh.co.uk,https://www.staticcaravanparks.co.uk/parks/dorset/sandyholme-holiday-park,01305 852 677,,,False,original 643-park reference table,Dorset,Owermoigne,South West,no,listings,WDLH
Sandylands Holiday Park,KA21 5JN,https://www.parkdeanresorts.co.uk/location/scotland/sandylands/#!#park-content,https://www.staticcaravanparks.co.uk/parks/scotland/sandylands-holiday-park,0843 309 2571,,,True,original 643-park reference table,North Ayrshire,North Ayrshire,Scotland,yes,listings,Parkdean
Saundersfoot Bay Leisure Park,SA69 9DG,http://www.saundersfootbay.co.uk,https://www.staticcaravanparks.co.uk/parks/wales/saundersfoot-bay-leisure-park,01834 812 284,,,False,original 643-park reference table,Pembrokeshire,St. Mary Out Liberty,South Wales,no,listings,
Scout Cragg,LA5 9RY,https://www.scoutcraggpark.co.uk/,https://www.staticcaravanparks.co.uk/parks/lancashire/scout-cragg-caravan-park,01524 734 579,,,True,original 643-park reference table,Lancashire,Warton,North West,no,listings,Daly Parks
Scoutscroft Holiday Park,TD14 5NB,https://www.verdantleisure.co.uk,https://www.staticcaravanparks.co.uk/parks/scotland/scoutscroft-leisure-centre,01890 771 338,,,False,original 643-park reference table,Scottish Borders,Scottish Borders,Scotland,no,listings,Verdant Leisure
Seal Bay Resort,PO20 9EL,https://cove.co.uk,https://www.staticcaravanparks.co.uk/parks/wales/bay-caravan-park,02920 707 512,,,False,original 643-park reference table,West Sussex,Selsey,South East,no,listings,
Searles Leisure Resort,PE36 5BB,http://www.searles.co.uk,https://www.staticcaravanparks.co.uk/parks/norfolk/searles-holiday-centre,,,,False,original 643-park reference table,Norfolk,Hunstanton,General East,no,listings,
Seashore Holiday Park,NR30 4HG,https://www.haven.com/parks/norfolk/seashore,https://www.staticcaravanparks.co.uk/parks/norfolk/seashore-caravan-park,01493 851131,,,False,original 643-park reference table,Norfolk,"Great Yarmouth, unparished area",General East,yes,listings,Haven
Seaview Gorran Haven Holiday Park,PL26 6LL,http://www.southwestholidayparks.co.uk,https://www.staticcaravanparks.co.uk/parks/cornwall/seaview-international-holiday-park,,,,False,original 643-park reference table,Cornwall,St. Goran,South West,no,listings,South West Holiday Parks
Seaview Holiday Home Park,CH8 9JS,https://www.parkholidays.com,https://www.staticcaravanparks.co.uk/parks/wales/seaview-caravan-park,01745 858010,,,False,original 643-park reference table,Flintshire,Llanasa,North Wales,no,listings,Park Holidays
Seaview Holiday Park,CT5 2RY,https://www.parkholidays.com,https://www.staticcaravanparks.co.uk/parks/cornwall/seaview-holiday-park,01736 871 266,,,False,original 643-park reference table,Kent,"Canterbury, unparished area",South East,yes,listings,Park Holidays
Seaview Holiday Park Sennen,TR19 7AD,https://www.parkholidays.com,https://www.staticcaravanparks.co.uk/parks/cornwall/seaview-holiday-park,01736 871 266,,,False,original 643-park reference table,Cornwall,Sennen,South West,no,listings,Park Holidays
Seawick,CO16 8SG,https://www.parkholidays.com,https://www.staticcaravanparks.co.uk/parks/essex/seawick-holiday-park,01255 820416,0.0,0.0,True,original 643-park reference table,Essex,St Osyth,General East,yes,listings,Park Holidays
Seton Sands Holiday Village,EH32 0QF,https://www.haven.com/parks/scotland/seton-sands,https://www.staticcaravanparks.co.uk/parks/scotland/seton-sands-holiday-park,01875 813333,,,False,original 643-park reference table,East Lothian,East Lothian,Scotland,no,listings,Haven
Seven Lakes Country Park,DN17 4BQ,https://unityholidays.co.uk,https://www.staticcaravanparks.co.uk/parks/lincolnshire/7-lakes-country-park,01724 712211,,,False,original 643-park reference table,North Lincolnshire,Crowle and Ealand,Yorkshire and Humber,no,listings,Unity Holidays
Shorefield Country Park,SO41 0LH,https://www.shorefield.co.uk,https://www.staticcaravanparks.co.uk/parks/hampshire/shorefield-country-park,01590 648300,,,False,original 643-park reference table,Hampshire,Milford-on-sea,South East,no,listings,Shorefield Holidays
Shrewsbury,SY3 5FB,https://www.morris-leisure.co.uk,,,,,False,original 643-park reference table,Shropshire,Bicton,Central England,no,listings,Morris Leisure
Silver Ridge,LA7 7BW,https://www.holgates.co.uk,https://www.staticcaravanparks.co.uk/parks/cumbria/silver-ridge-park,01539 563 198,,,False,original 643-park reference table,Westmorland and Furness,Beetham,North West,no,listings,Holgates
Silver Sands Holiday Park,IV31 6SP,https://www.parkholidays.com,https://www.staticcaravanparks.co.uk/parks/scotland/silver-sands-leisure-park,01343 813262,,,False,original 643-park reference table,Moray,Moray,Scotland,no,listings,Park Holidays
Silverdale,LA5 0SH,https://www.holgates.co.uk,https://www.staticcaravanparks.co.uk/parks/cumbria/holgates-caravan-park-ltd,01524 701508,,,False,original 643-park reference table,Lancashire,Silverdale,North West,no,listings,Holgates
Silverhill Holiday Park,PE12 9LQ,https://www.pure-leisure.co.uk,https://www.staticcaravanparks.co.uk/parks/lincolnshire/silverhill-caravan-and-holiday-park,01406 365 673,,,False,original 643-park reference table,Lincolnshire,Lutton,Central England,no,listings,Pure Leisure
Sirior Bach Caravan Park,LL22 8PN,https://www.siriorbachcaravanpark.co.uk,https://www.staticcaravanparks.co.uk/parks/wales/sirior-bach-caravan-park,,,,False,original 643-park reference table,Conwy,Llanfair Talhaiarn,North Wales,no,listings,
Six Acres Caravan Park,NR11 8ND,http://www.sixacrescaravanpark.co.uk,https://www.staticcaravanparks.co.uk/parks/norfolk/six-acres-caravan-park,01263 511620,,,False,original 643-park reference table,Norfolk,Roughton,General East,no,listings,
Six Arches Country Park,PR3 1AL,https://ukleisureparks.co.uk,https://www.staticcaravanparks.co.uk/parks/lancashire/six-arches-caravan-park,01524791683,,,False,original 643-park reference table,Lancashire,Cabus,North West,no,listings,UK Leisure Parks
Skegness Fields,PE25 2LG,https://www.coastfields.co.uk,https://www.staticcaravanparks.co.uk/parks/lincolnshire/roach-farm-park,01754 898 049,,,False,original 643-park reference table,Lincolnshire,Skegness,Central England,no,listings,Coastfields Leisure
Skegness Holiday Park,PE25 3TQ,https://www.haven.com/parks/lincolnshire/skegness-holiday-park,https://www.staticcaravanparks.co.uk/parks/lincolnshire/richmond-holiday-centre,01754 762097,,,False,original 643-park reference table,Lincolnshire,Skegness,Central England,no,listings,Haven
Skipsea Sands,YO25 8TZ,https://www.parkdeanresorts.co.uk/,https://www.staticcaravanparks.co.uk/parks/yorkshire/skipsea-sands-holiday-park,01262 468 210,,,True,original 643-park reference table,East Riding of Yorkshire,Skipsea,Yorkshire and Humber,no,listings,Parkdean
Skirlington Coast,YO25 8SY,https://unityholidays.co.uk,https://www.staticcaravanparks.co.uk/parks/yorkshire/skirlington-leisure-park,,,,False,original 643-park reference table,East Riding of Yorkshire,Skipsea,Yorkshire and Humber,no,listings,Unity Holidays
Slyne Caravan Park,LA2 6BG,https://www.slynecaravanpark.co.uk,https://www.staticcaravanparks.co.uk/parks/lancashire/slyne-caravan-park,01524 823322,,,False,original 643-park reference table,Lancashire,Slyne-with-Hest,North West,no,listings,
Smallgrove,PE31 7PS,https://www.coastfields.co.uk,https://www.staticcaravanparks.co.uk/parks/lincolnshire/smallgrove-caravan-park,01754 872 519,,,False,original 643-park reference table,Norfolk,Snettisham,General East,no,listings not scraped,Coastfields Leisure
Smithy Leisure Park,PR3 1AA,http://www.smithypark.co.uk/,https://www.staticcaravanparks.co.uk/parks/lancashire/smithy-leisure-park,01995606200,,,False,original 643-park reference table,Lancashire,Cabus,North West,no,listings,
Smytham Holiday Park,EX38 8PU,https://smytham.co.uk,https://www.staticcaravanparks.co.uk/parks/devon/smytham-manor,01805 622 110,,,False,original 643-park reference table,Devon,Little Torrington,South West,no,listings,
Snettisham (Shepherds Port) (Plot B1),PE31 7PS,https://www.mcdonnellcaravans.co.uk,https://www.staticcaravanparks.co.uk/parks/norfolk/shepherds-port,,,,False,original 643-park reference table,Norfolk,Snettisham,General East,no,listings,McDonnell Caravans
Snettisham Holiday Park,PE31 7PS,https://www.coastfields.co.uk,https://www.staticcaravanparks.co.uk/parks/norfolk/snettisham-caravan-park,01485 542 499,,,False,original 643-park reference table,Norfolk,Snettisham,General East,no,listings,Coastfields Leisure
Solent Breezes,SO31 9HG,https://www.parkholidays.com,https://www.staticcaravanparks.co.uk/parks/hampshire/solent-breezes-holiday-park,08458 159 791,270.0,,False,original 643-park reference table,Hampshire,"Fareham, unparished area",South East,yes,listings,Park Holidays
Solway Holiday Park,CA7 4QQ,https://argyllholidays.com,https://www.staticcaravanparks.co.uk/parks/cumbria/solway-holiday-village,01697 331236,,,False,original 643-park reference table,Cumberland,Silloth-on-Solway,North West,no,listings,Argyll Holidays
South Bay Holiday Park,TQ5 9QW,https://www.johnfowlerholidays.com,https://www.staticcaravanparks.co.uk/parks/devon/south-bay-holiday-park,01271 866 766,,,False,original 643-park reference table,Torbay,Brixham,South West,no,listings,John Fowler Holidays
South Lea Holiday Park,YO42 2NX,https://www.larkhamleisure.com,https://www.staticcaravanparks.co.uk/parks/yorkshire/south-lea-caravan-park,01759 303467,,,False,original 643-park reference table,East Riding of Yorkshire,Pocklington,Yorkshire and Humber,no,listings,Larkham Leisure
Southerness Holiday Park,DG2 8AZ,https://www.parkdeanresorts.co.uk/location/scotland/southerness/,https://www.staticcaravanparks.co.uk/parks/scotland/southerness-holiday-park,01387880256,,,True,original 643-park reference table,Dumfries and Galloway,Dumfries and Galloway,Scotland,no,listings,Parkdean
Southview Holiday Park,PE25 2LA,https://www.parkdeanresorts.co.uk/,https://www.staticcaravanparks.co.uk/parks/lincolnshire/southview-holiday-park,01754 896 001,,,True,original 643-park reference table,Lincolnshire,Skegness,Central England,no,listings,Parkdean
Springfield Retreat,EX6 6JN,https://www.meadowsretreatlodgepark.com,https://www.staticcaravanparks.co.uk/parks/devon/springfield-holiday-park,01647 24242,,,False,original 643-park reference table,Devon,Tedburn St. Mary,South West,no,listings,Meadows Retreat Lodge Park
Springfield Retreat Lodge Park,EX6 6JN,https://www.meadowsretreatlodgepark.com,https://www.staticcaravanparks.co.uk/parks/devon/springfield-holiday-park,01647 24242,,,False,original 643-park reference table,Devon,Tedburn St. Mary,South West,no,listings,Meadows Retreat Lodge Park
St Day Tourist Park,TR16 5LE,https://www.stday.co.uk,https://www.staticcaravanparks.co.uk/parks/cornwall/st-day-holiday-park,,,,False,original 643-park reference table,Cornwall,St. Day,South West,no,listings,
St Helens Coastal Resort,PO33 1UX,https://www.awayresorts.co.uk,https://www.staticcaravanparks.co.uk/parks/isle-of-wight/st-helens-holiday-park,,,,False,original 643-park reference table,Isle of Wight,St Helens,South East,no,listings,Away Resorts
St Ives Bay Beach Resort,TR27 5BH,https://www.awayresorts.co.uk,,,,,False,original 643-park reference table,Cornwall,Hayle,South West,yes,listings,Away Resorts
St Ives Holiday Village,TR26 3HX,https://www.johnfowlerholidays.com,,,,,False,original 643-park reference table,Cornwall,Ludgvan,South West,no,listings,John Fowler Holidays
St Lawrence Holiday Park,CM0 7LY,https://www.stlawrenceholidaypark.co.uk,https://www.staticcaravanparks.co.uk/parks/essex/st-lawrence-caravans-ltd,01621779434,,,False,original 643-park reference table,Essex,St. Lawrence,General East,yes,listings,
St Margarets Bay Holiday Park,CT15 6AG,https://www.parkdeanresorts.co.uk,https://www.staticcaravanparks.co.uk/parks/kent/st-margarets-bay-holiday-park,01304 853 262,,,False,original 643-park reference table,Kent,St. Margaret's at Cliffe,South East,yes,listings,Parkdean
St Minver Holiday Park,PL27 6RR,https://www.parkdeanresorts.co.uk,https://www.staticcaravanparks.co.uk/parks/cornwall/st-minver-holiday-park,01208862305,,,True,original 643-park reference table,Cornwall,St. Minver Highlands,South West,no,listings,Parkdean
St Osyth & Martello Beach,CO16 8SG,https://www.parkholidays.com,https://www.staticcaravanparks.co.uk/parks/essex/st-osyth-beach-holiday-park,01255 820 782,,,False,original 643-park reference table,Essex,St Osyth,General East,yes,listings,Park Holidays
St Osyth Beach And Martello Beach,CO16 8SG,https://www.parkholidays.com,https://www.staticcaravanparks.co.uk/parks/essex/st-osyth-beach-holiday-park,01255 820 782,,,False,original 643-park reference table,Essex,St Osyth,General East,yes,listings,Park Holidays
St Osyth Beach Holiday Park,CO16 8SG,https://www.parkholidays.com,https://www.staticcaravanparks.co.uk/parks/essex/st-osyth-beach-holiday-park,01255 820 782,,,False,original 643-park reference table,Essex,St Osyth,General East,yes,listings,Park Holidays
St. David's Park,LL75 8RJ,https://www.stdavidsleisure.com,https://www.staticcaravanparks.co.uk/parks/wales/st-davids-park,01248 852 341,,,False,original 643-park reference table,Isle of Anglesey,Llanfair-Mathafarn-Eithaf,North Wales,yes,listings,St David's Leisure
Start Bay Holiday Park,TQ6 0RU,https://www.startbaypark.co.uk,https://www.staticcaravanparks.co.uk/parks/devon/start-bay-caravan-park,01803 770 535,,,False,original 643-park reference table,Devon,Strete,South West,no,listings,
Steeple Bay Holiday Park,CM0 7RS,https://www.parkholidays.com,https://www.staticcaravanparks.co.uk/parks/essex/steeple-bay-holiday-park,08458 159 765,,,False,original 643-park reference table,Essex,Steeple,General East,yes,listings,Park Holidays
Stowford Village,EX34 0PW,https://www.parkholidays.com,,,,,False,original 643-park reference table,Devon,Berrynarbor,South West,no,listings,Park Holidays
Stratford Parks,CV37 7AB,https://avon-estates.co.uk,https://www.staticcaravanparks.co.uk/parks/warwickshire/riverside-caravan-park,01789 292 312,,,False,original 643-park reference table,Warwickshire,Stratford-upon-Avon,Central England,no,listings,Avon Estates
Stratheck Holiday Park,PA23 8SG,https://argyllholidays.com,https://www.staticcaravanparks.co.uk/parks/scotland/stratheck-country-park-ltd,,,,False,original 643-park reference table,Argyll and Bute,Argyll and Bute,Scotland,no,no sales found,Argyll Holidays
Suffolk Sands Holiday Park,IP11 2TS,https://www.parkholidays.com,https://www.staticcaravanparks.co.uk/parks/suffolk/suffolk-sands-holiday-park,08458 159 798,,,False,original 643-park reference table,Suffolk,Felixstowe,General East,no,listings,Park Holidays
Sun Haven Holiday Park,TR8 4BQ,https://lovatparks.com,https://www.staticcaravanparks.co.uk/parks/dorset/haven-caravan-park,,,,False,original 643-park reference table,Cornwall,Mawgan-in-Pydar,South West,no,listings,Lovat Parks
Sun Valley Caravan Park,LL18 5UD,https://www.royaleresorts.com,https://www.staticcaravanparks.co.uk/parks/cornwall/sun-valley-holiday-park,0726 843266,,,False,original 643-park reference table,Denbighshire,Rhuddlan,North Wales,no,listings,
Sunbeach,LL37 2QQ,https://allenscaravans.co.uk,https://www.staticcaravanparks.co.uk/parks/wales/sunbeach-holiday-park,01341 250263,,,False,original 643-park reference table,Gwynedd,Llangelynnin,North Wales,yes,listings,Allens Caravans
Sundrum Castle Holiday Park,KA6 5JH,http://www.parkdeanresorts.co.uk,https://www.staticcaravanparks.co.uk/parks/scotland/sundrum-castle-holiday-park,01292570057,,,True,original 643-park reference table,South Ayrshire,South Ayrshire,Scotland,no,listings,Parkdean
Sunnydale Holiday Park,LN11 7RP,https://www.parkdeanresorts.co.uk,https://www.staticcaravanparks.co.uk/parks/lincolnshire/sunnydale-holiday-park,01507338100,,,True,original 643-park reference table,Lincolnshire,Skidbrooke with Saltfleet Haven,Central England,no,listings,Parkdean
Sunnysands Holiday Park,LL43 2LQ,https://lyonsholidayparks.co.uk,https://www.staticcaravanparks.co.uk/parks/wales/sunnysands-caravan-park,,,,False,original 643-park reference table,Gwynedd,Dyffryn Ardudwy,North Wales,no,listings,Lyons Holiday Parks
Sutton Park Holiday Park,PE12 9AF,https://suttonholidaypark.co.uk,,,,,False,original 643-park reference table,Lincolnshire,Long Sutton,Central England,no,listings,
Swainby,DL6 3EA,https://maguirescountryparks.co.uk,https://www.staticcaravanparks.co.uk/parks/yorkshire/swainby-country-park,07825 134 750,,,False,original 643-park reference table,North Yorkshire,Whorlton,Yorkshire and Humber,no,listings,Maguires Country Parks
Swaleside,YO7 3PB,https://maguirescountryparks.co.uk,https://www.staticcaravanparks.co.uk/parks/yorkshire/swaleside-park,01845 577 802,,,False,original 643-park reference table,North Yorkshire,Topcliffe,Yorkshire and Humber,no,listings,Maguires Country Parks
Swallow Point Holiday Park,BS22 9UG,https://www.swallowpoint.co.uk,https://www.staticcaravanparks.co.uk/parks/somerset/swallow-point-caravan-park,01934 412 680,,,False,original 643-park reference table,North Somerset,Kewstoke,South West,no,listings,
Swanage Bay View,BH19 2QS,https://www.awayresorts.co.uk,https://www.staticcaravanparks.co.uk/parks/dorset/swanage-bay-view-holiday-park,01929422130,,,False,original 643-park reference table,Dorset,Swanage,South West,no,listings,Away Resorts
Swanage Coastal Park,BH19 2RS,https://www.shorefield.co.uk,https://www.staticcaravanparks.co.uk/parks/dorset/swanage-coastal-park,01590 648 320,,,False,original 643-park reference table,Dorset,Swanage,South West,no,listings,Shorefield Holidays
Sycamore Country Park,DE4 5LF,https://www.sycamore-park.co.uk,https://www.staticcaravanparks.co.uk/parks/derbyshire/sycamore-country-park,,,,False,original 643-park reference table,Derbyshire,Tansley,Central England,no,enquire,
Tal Y Fan,LL53 7UD,https://haulfrynholidays.co.uk,https://www.staticcaravanparks.co.uk/parks/wales/tal-y-fan-holiday-park,01758 712 043,,,False,original 643-park reference table,Gwynedd,Llanengan,North Wales,no,listings,Haulfryn
Talacre Beach Resort,CH8 9RD,https://www.darwinescapes.co.uk/parks/talacre-beach-holiday-home-park/,https://www.staticcaravanparks.co.uk/parks/wales/talacre-beach-caravan-and-leisure-park,01745  858 000,,,False,original 643-park reference table,Flintshire,Llanasa,North Wales,no,listings,Darwin Escapes
Tall Trees Holiday Park,NG19 0JP,https://jamesparkestates.co.uk,https://www.staticcaravanparks.co.uk/parks/dorset/tall-trees-holiday-park,01202 477144,,,False,original 643-park reference table,Nottinghamshire,"Mansfield, unparished area",Central England,no,listings,James Park Estates
Tamar View Holiday Park,PL17 8JA,https://coastandcountryparks.co.uk,https://www.staticcaravanparks.co.uk/parks/somerset/country-view-caravan-park,01934 627595,,,False,original 643-park reference table,Cornwall,Calstock,South West,no,listings,Coast & Country Parks
Tarka Holiday Park,EX31 4AU,https://www.parkholidays.com,https://www.staticcaravanparks.co.uk/parks/devon/tarka-holiday-park,01271446250,,,False,original 643-park reference table,Devon,Ashford,South West,no,listings,Park Holidays
Tarn House,BD23 3FF,https://www.partingtons.com,https://www.staticcaravanparks.co.uk/parks/yorkshire/tavern-house-caravan-park,,,,False,original 643-park reference table,North Yorkshire,Stirton with Thorlby,Yorkshire and Humber,no,listings,Partington's
Tattershall Lakes Country Park,LN4 4JG,https://www.awayresorts.co.uk,https://www.staticcaravanparks.co.uk/parks/lincolnshire/tattershall-lakes-country-park,01526 348800,,,False,original 643-park reference table,Lincolnshire,Tattershall,Central England,no,listings,Away Resorts
Tayport Links Holiday Park,DD6 9ES,https://meridianparks.co.uk,https://www.staticcaravanparks.co.uk/parks/scotland/tayport-links-caravan-park,01382 552 334,,,False,original 643-park reference table,Fife,Fife,Scotland,yes,listings,Meridian Parks
Terfyn Pella Holiday Park,LL18 3YE,https://lyonsholidayparks.co.uk,https://www.staticcaravanparks.co.uk/parks/wales/terfyn-bella-caravans,01745 351 262,,,False,original 643-park reference table,Denbighshire,Rhyl,North Wales,yes,listings,Lyons Holiday Parks
Thanet Well Lodge Retreat,CA11 0XX,https://www.darwinescapes.co.uk/parks/thanet-well-lodge-retreat/,https://www.staticcaravanparks.co.uk/parks/cumbria/thanet-well-lodge-retreat,,,,False,original 643-park reference table,Westmorland and Furness,Greystoke,North West,no,listings,Darwin Escapes
The Beach Caravan Park,LL22 8HA,https://www.thornleyleisure.co.uk,https://www.staticcaravanparks.co.uk/parks/lincolnshire/the-beach-caravan-park,,,,False,original 643-park reference table,Conwy,Llanddulas and Rhyd-y-Foel,North Wales,no,listings,Thornley Leisure
The Flask Holiday Park,YO22 4QH,https://meridianparks.co.uk,https://www.staticcaravanparks.co.uk/parks/yorkshire/flask-inn-holiday-home-park,01947 880 592,,,False,original 643-park reference table,North Yorkshire,Fylingdales,Yorkshire and Humber,no,listings,Meridian Parks
The Kaims,NE70 7JS,https://maguirescountryparks.co.uk,https://www.staticcaravanparks.co.uk/parks/northumberland/kaims-country-park,01668 213991,,,False,original 643-park reference table,Northumberland,Adderstone with Lucker,North East,no,listings,Maguires Country Parks
The Lakes Rookley,PO38 3LU,https://www.awayresorts.co.uk,https://www.staticcaravanparks.co.uk/parks/isle-of-wight/rookley-country-park,01983 721606,,,False,original 643-park reference table,Isle of Wight,Rookley,South East,no,listings,Away Resorts
The Orchards Holiday Village,CO16 8LJ,https://www.haven.com/parks/essex/the-orchards,https://www.staticcaravanparks.co.uk/parks/essex/the-orchards-holiday-village,01255 820651,,,False,original 643-park reference table,Essex,St Osyth,General East,yes,listings,Haven
The Springs Lakeside Holiday Park,WR10 2PD,https://ardenparks.co.uk,https://www.staticcaravanparks.co.uk/parks/worcestershire/the-springs,01386 861 851,,,False,original 643-park reference table,Worcestershire,Hill and Moor,Central England,no,listings,Arden Parks
The Village Holiday Park,SA44 6LW,https://www.valeholidayparks.com,https://www.staticcaravanparks.co.uk/parks/wales/the-village-holiday-park,01545 560 624,,,False,original 643-park reference table,Ceredigion,Llanllwchaiarn,South Wales,no,enquire,Vale Holiday Parks
The Witterings Caravan Park,PO20 8PU,https://islandmeadow.co.uk,https://www.staticcaravanparks.co.uk/parks/sussex/briar-cottage-caravan-park,01243 673 216,,,False,original 643-park reference table,West Sussex,East Wittering,South East,no,listings,Island Meadow
Thirkleby Hall (North Yorkshire),YO7 3AR,https://greenwoodparks.net,https://www.staticcaravanparks.co.uk/parks/yorkshire/thirkleby-hall-caravan-park,01845 501360,210.0,2682.0,True,original 643-park reference table,North Yorkshire,Thirkleby High and Low with Osgodby,Yorkshire and Humber,no,listings,Green Wood Parks
Thorness Bay Holiday Park,PO31 8NJ,https://www.parkdeanresorts.co.uk,https://www.staticcaravanparks.co.uk/parks/isle-of-wight/thorness-bay-holiday-park,01983 821 271,,,True,original 643-park reference table,Isle of Wight,"Calbourne, Newtown and Porchfield",South East,yes,listings,Parkdean
Thornham (The Haven) (Plot 50),PE36 6NH,https://www.mcdonnellcaravans.co.uk,https://www.staticcaravanparks.co.uk/parks/dorset/haven-caravan-park,,,,False,original 643-park reference table,Norfolk,Thornham,General East,yes,listings,McDonnell Caravans
Thornham (The Lifeboat) (Plot 29),PE36 6LT,https://www.mcdonnellcaravans.co.uk,,,,,False,original 643-park reference table,Norfolk,Thornham,General East,yes,listings not scraped,McDonnell Caravans
Thornwick Bay Holiday Village,YO15 1AU,https://www.haven.com/parks/yorkshire-filey/thornwick-bay,https://www.staticcaravanparks.co.uk/parks/yorkshire/thornwick-bay-holiday-village,01262 850369,,,False,original 643-park reference table,East Riding of Yorkshire,Flamborough,Yorkshire and Humber,no,listings,Haven
Thorpe Farm Centre Caravan Park,DL12 9TY,https://www.thorpefarm.co.uk,https://www.staticcaravanparks.co.uk/parks/county-durham/thorpe-farm-centre,,72.0,,False,original 643-park reference table,County Durham,Wycliffe with Thorpe,North East,yes,listings,
Thurston Manor Holiday Park,EH42 1SA,https://www.verdantleisure.co.uk,https://www.staticcaravanparks.co.uk/parks/scotland/thurston-manor-caravan-park,01368 840 643,,,False,original 643-park reference table,East Lothian,East Lothian,Scotland,no,listings,Verdant Leisure
Todber Holiday Park,BB7 4JJ,https://www.parkdeanresorts.co.uk,https://www.staticcaravanparks.co.uk/parks/lancashire/todber-valley,01200 445322,,,False,original 643-park reference table,Lancashire,Rimington,North West,no,listings,Parkdean
Tollerton (North Yorkshire),YO61 1RD,https://greenwoodparks.net,https://www.staticcaravanparks.co.uk/parks/yorkshire/tollerton-caravan-park,01347 838313,100.0,2232.0,True,original 643-park reference table,North Yorkshire,Tollerton,Yorkshire and Humber,no,listings,Green Wood Parks
Trecco Bay Holiday Park,CF36 5NG,https://www.parkdeanresorts.co.uk/,https://www.staticcaravanparks.co.uk/parks/wales/trecco-bay-holiday-park,01656 774 360,,,True,original 643-park reference table,Bridgend,Porthcawl,South Wales,yes,listings,Parkdean
Treetops (Dorset),BH20 5BE,https://greenwoodparks.net,https://www.staticcaravanparks.co.uk/parks/dorset/tree-tops-caravan-park,,,,False,original 643-park reference table,Dorset,Arne,South West,yes,listings,Green Wood Parks
Trefach Country Club and Holiday Park,SA66 7RU,https://www.trefachholidaypark.co.uk,https://www.staticcaravanparks.co.uk/parks/wales/trefach-holiday-park,01994 419 225,,,False,original 643-park reference table,Pembrokeshire,Mynachlog-Ddu,South Wales,no,listings,
Trefalun Holiday Park,SA70 8RD,https://www.newminerton.co.uk,https://www.staticcaravanparks.co.uk/parks/wales/new-minerton-leisure-park,01646 651 461,,,False,original 643-park reference table,Pembrokeshire,St. Florence,South Wales,no,listings,
Tregoad Holiday Park,PL13 1PB,https://watersideholidaygroup.co.uk,,,,,False,original 643-park reference table,Cornwall,St. Martin-by-Looe,South West,yes,listings,Waterside Holiday Group
Trelawne Manor Holiday Park,PL13 2NA,https://www.johnfowlerholidays.com,https://www.staticcaravanparks.co.uk/parks/cornwall/trelawne-manor-holiday-park,01271 866 766,,,False,original 643-park reference table,Cornwall,Pelynt,South West,no,listings,John Fowler Holidays
Trevella Holiday Park,TR8 5EW,https://www.parkholidays.com,https://www.staticcaravanparks.co.uk/parks/cornwall/trevella-caravan-park,01637 830308,,,False,original 643-park reference table,Cornwall,Crantock,South West,no,listings,Park Holidays
Troedrhiwgam Caravan Park,SA44 6AD,,,,,,False,original 643-park reference table,Ceredigion,Llangrannog,South Wales,no,listings,
Trossachs Holiday Park,FK8 3SA,https://horizonholidayparks.co.uk,https://www.staticcaravanparks.co.uk/parks/scotland/trossachs-holiday-park,01877 382 614,,,False,original 643-park reference table,Stirling,Stirling,Scotland,no,listings,Horizon Holiday Parks
Tummel Valley Holiday Park,PH16 5SA,https://www.parkdeanresorts.co.uk/location/scotland/tummel-valley/,https://www.staticcaravanparks.co.uk/parks/scotland/tummel-valley-holiday-park,01796 484500,,,True,original 643-park reference table,,,,,listings,Parkdean
Ty Mawr Holiday Park,LL22 9HG,https://www.parkdeanresorts.co.uk/,https://www.staticcaravanparks.co.uk/parks/wales/ty-mawr-holiday-park,01745 832 079,,,True,original 643-park reference table,Conwy,Kinmel Bay and Towyn,North Wales,yes,listings,Parkdean
Tyn Rhos Caravan Park,LL72 8NL,https://bodafonpark.co.uk,https://www.staticcaravanparks.co.uk/parks/wales/rhos-caravan-park,01248 450 214,,,False,original 643-park reference table,Isle of Anglesey,Moelfre,North Wales,no,listings,Bodafon Park
Ullswater Heights,CA11 0JB,https://leisureresorts.co.uk,https://www.staticcaravanparks.co.uk/parks/lincolnshire/water-leisure-park,,,,False,original 643-park reference table,Westmorland and Furness,Dacre,North West,no,listings,Leisure Resorts
Ulwell Farm Caravan Park,BH19 3DG,https://www.ulwellfarmcaravanpark.co.uk,https://www.staticcaravanparks.co.uk/parks/dorset/ulwell-cottage-caravan-park,,,,False,original 643-park reference table,Dorset,Swanage,South West,no,listings,
Unity Beach,TA8 2RB,https://unityholidays.co.uk,https://www.staticcaravanparks.co.uk/parks/lincolnshire/the-beach-caravan-park,,,,False,original 643-park reference table,Somerset,Berrow,South West,yes,listings,Unity Holidays
Valley Farm Holiday Park,CO15 6LY,https://www.parkdeanresorts.co.uk,https://www.staticcaravanparks.co.uk/parks/essex/valley-farm-holiday-park,01255 422 484,,,True,original 643-park reference table,,,,,listings,Parkdean
Viewfield Manor Holiday Park,KA13 7RD,https://www.verdantleisure.co.uk,https://www.staticcaravanparks.co.uk/parks/scotland/viewfield-manor-leisure-park,01294 850 286,,,False,original 643-park reference table,North Ayrshire,North Ayrshire,Scotland,no,listings,Verdant Leisure
Village Green,DH8 9NN,https://www.dalyparks.co.uk/,https://www.staticcaravanparks.co.uk/parks/county-durham/village-green-caravan-park,01434 604 720,79.0,,False,original 643-park reference table,County Durham,Edmondbyers,North East,no,listings,Daly Parks
Wardley's Creek,FY6 9DX,https://www.partingtons.com,https://www.staticcaravanparks.co.uk/parks/dorset/the-creek,,,,False,original 643-park reference table,Lancashire,Stalmine-with-Staynall,North West,yes,listings,Partington's
Waren,NE70 7EE,https://www.meadowhead.co.uk,https://www.staticcaravanparks.co.uk/parks/northumberland/waren-caravan-and-camping-park,01668 214 366,,,False,original 643-park reference table,Northumberland,Belford,North East,no,listings,Meadowhead
Waren Caravan & Camping Park,NE70 7EE,https://www.meadowhead.co.uk,https://www.staticcaravanparks.co.uk/parks/northumberland/waren-caravan-and-camping-park,01668 214 366,,,False,original 643-park reference table,Northumberland,Belford,North East,no,listings,Meadowhead
Waterfoot Park,CA11 0JF,https://www.waterfootpark.co.uk,https://www.staticcaravanparks.co.uk/parks/cumbria/waterfoot-caravan-park,01768486302,,,False,original 643-park reference table,Westmorland and Furness,Dacre,North West,no,listings,
Watermill Leisure Park,LN7 6HZ,https://watermillleisurepark.co.uk,https://www.staticcaravanparks.co.uk/parks/lincolnshire/watermill-leisure-park,,,,False,original 643-park reference table,Lincolnshire,South Kelsey,Central England,no,listings,
Waters Edge Country Park,DN18 5BE,https://www.watersedgecaravanpark.co.uk,https://www.staticcaravanparks.co.uk/parks/cumbria/waters-edge-caravan-park,01539 567 708,,,False,original 643-park reference table,North Lincolnshire,Barton,Yorkshire and Humber,no,listings,Water's Edge Caravan Park
Waterside,TQ4 6NS,https://www.parkleisure.co.uk,https://www.staticcaravanparks.co.uk/parks/devon/waterside-holiday-park,01803 842 400,,,False,original 643-park reference table,Torbay,"Torbay, unparished area",South West,no,listings,Park Leisure
Waterside Holiday Park Coastal  Country Park,TQ4 6NS,https://www.parkholidays.com,https://www.staticcaravanparks.co.uk/parks/devon/waterside-holiday-park,01803 842 400,,,False,original 643-park reference table,Torbay,"Torbay, unparished area",South West,no,listings,Park Holidays
Waxham Sands Holiday Park,NR29 4EJ,https://lovatparks.com,https://www.staticcaravanparks.co.uk/parks/scotland/sands-holiday-centre,01445 712152,,,False,original 643-park reference table,Norfolk,Horsey,General East,no,listings,Lovat Parks
Weeley Bridge Holiday Park,CO16 9DH,https://www.parkdeanresorts.co.uk,https://www.staticcaravanparks.co.uk/parks/essex/weeley-bridge-holiday-park,01255 830 403,,,True,original 643-park reference table,Essex,Weeley,General East,no,listings,Parkdean
Wemyss Bay Holiday Park,PA18 6AR,http://www.parkdeanresorts.co.uk/location/scotland/wemyss-bay/#park-content,https://www.staticcaravanparks.co.uk/parks/scotland/wemyss-bay-holiday-park,01475520812,,,True,original 643-park reference table,Inverclyde,Inverclyde,Scotland,yes,listings,Parkdean
West Mersea,CO5 8DA,https://www.parkholidays.com,,,,,False,original 643-park reference table,Essex,West Mersea,General East,yes,listings,Park Holidays
West Mersea Holiday Park Coastal Holiday Park,CO5 8DA,https://www.parkholidays.com,,,,,False,original 643-park reference table,Essex,West Mersea,General East,yes,listings,Park Holidays
Weymouth Bay Holiday Park,DT3 6BQ,https://www.haven.com/parks/dorset/weymouth-bay,https://www.staticcaravanparks.co.uk/parks/dorset/weymouth-bay-holiday-park,01305 832271,,,False,original 643-park reference table,Dorset,Weymouth,South West,no,listings,Haven
White Acres Holiday Park,TR8 4LW,https://www.parkdeanresorts.co.uk/location/cornwall/white-acres/,https://www.staticcaravanparks.co.uk/parks/cornwall/white-acres-country-park,01726862100,,,True,original 643-park reference table,Cornwall,Colan,South West,no,listings,Parkdean
White Cross Bay Leisure Park,LA23 1LF,http://www.parkdeanresorts.co.uk,https://www.staticcaravanparks.co.uk/parks/cumbria/white-cross-bay,01539 443 937,,,False,original 643-park reference table,Westmorland and Furness,Lakes,North West,no,listings,Parkdean
White Rose Holiday Park,YO7 3BA,https://harrisonholidays.com,https://www.staticcaravanparks.co.uk/parks/yorkshire/white-rose-leisure-park,01845 501215,,,False,original 643-park reference table,North Yorkshire,Hutton-Sessay,Yorkshire and Humber,no,listings,Harrison Holidays
Whitecliff Bay Holiday Park,PO35 5PL,https://www.awayresorts.co.uk,https://www.staticcaravanparks.co.uk/parks/isle-of-wight/whitecliff-bay-holiday-park,01983 872 671,,,False,original 643-park reference table,Isle of Wight,Bembridge,South East,no,listings,Away Resorts
Whiteford Bay,SA3 1DE,https://www.premierleisureparks.com,https://www.staticcaravanparks.co.uk/parks/wales/whiteford-bay-leisure-park,01792 386 242,,,False,original 643-park reference table,Swansea,"Llangennith, Llanmadoc and Cheriton",South Wales,no,listings,Premier Leisure Parks
Whitehill Country Park,TQ4 7PF,http://www.whitehillcaravans.com,https://www.staticcaravanparks.co.uk/parks/northern-ireland/whitehill-caravan-park,02828 885533,,,True,original 643-park reference table,Torbay,"Torbay, unparished area",South West,no,listings,
Whitehouse Leisure Park,LL22 9EY,https://www.whitehouseleisurepark.com,https://www.staticcaravanparks.co.uk/parks/yorkshire/the-white-house-caravan-park,01262 673 894,,,False,original 643-park reference table,Conwy,Kinmel Bay and Towyn,North Wales,yes,listings,
Whitley Bay Holiday Park,NE26 4RR,https://www.parkdeanresorts.co.uk/location/northumberland-county-durham/whitley-bay/#!#park-content,https://www.staticcaravanparks.co.uk/parks/tyne-and-wear/whitley-bay-holiday-park,01912 531 216,,,True,original 643-park reference table,North Tyneside,"North Tyneside, unparished area",North East,yes,listings,Parkdean
Widemouth Bay Caravan Park,EX23 0DF,https://www.johnfowlerholidays.com,https://www.staticcaravanparks.co.uk/parks/cornwall/widemouth-bay-caravan-park,01503272335,,,False,original 643-park reference table,Cornwall,Poundstock,South West,no,listings,John Fowler Holidays
Wild Duck Holiday Park,NR31 9NE,https://www.haven.com/parks/norfolk/wild-duck,https://www.staticcaravanparks.co.uk/parks/norfolk/wild-duck-holiday-park,01493 780447,,,False,original 643-park reference table,Norfolk,Belton with Browston,General East,yes,listings,Haven
Wild Rose Holiday Park,CA16 6EJ,https://www.harrisonholidays.com,https://www.staticcaravanparks.co.uk/parks/cumbria/wild-rose-park,01768 351 077,,,False,original 643-park reference table,Westmorland and Furness,Ormside,North West,no,listings,Harrison Holidays
Wilksworth Caravan Park,BH21 4HW,https://www.shorefield.co.uk,https://www.staticcaravanparks.co.uk/parks/dorset/wilksworth-farm-caravan-park,01202885467,,,False,original 643-park reference table,Dorset,Holt,South West,no,listings,Shorefield Holidays
Willow Tree,LA11 7LU,https://www.willowtreepark.co.uk,https://www.staticcaravanparks.co.uk/parks/cumbria/willow-tree-caravan-park,015395 58114,,,True,original 643-park reference table,Westmorland and Furness,Lower Holker,North West,no,listings,Daly Parks
Willowbank Holiday Park,PR8 3ST,https://www.willowbankcp.co.uk,https://www.staticcaravanparks.co.uk/parks/lancashire/willowbank-holiday-park,01704 571 566,,,False,original 643-park reference table,Sefton,"Sefton, unparished area",North West,no,listings,
Willowgrove Leisure Park,FY6 0RB,https://ukleisureparks.co.uk,https://www.staticcaravanparks.co.uk/parks/lancashire/willow-grove-caravan-park,01995 670837,,,False,original 643-park reference table,Lancashire,Preesall,North West,no,listings,UK Leisure Parks
Winchelsea Sands,TN36 4NB,https://www.parkholidays.com,https://www.staticcaravanparks.co.uk/parks/sussex/winchelsea-sands-holiday-park,08458 159 740,,,False,original 643-park reference table,East Sussex,Icklesham,South East,no,listings,Park Holidays
Windy Harbour,FY6 8NB,https://www.partingtons.com,https://www.staticcaravanparks.co.uk/parks/lancashire/windy-harbour-caravan-park,,,,False,original 643-park reference table,Lancashire,Singleton,North West,no,listings,Partington's
Winksley Banks,HG4 3NS,https://maguirescountryparks.co.uk,https://www.staticcaravanparks.co.uk/parks/yorkshire/winksley-banks-holiday-park,,,,False,original 643-park reference table,North Yorkshire,Winksley,Yorkshire and Humber,no,listings,Maguires Country Parks
Winston Bridge Holiday Park,DL11 7BL,https://meridianparks.co.uk,https://www.staticcaravanparks.co.uk/parks/yorkshire/winston-bridge-country-park,01325 730 536,138.0,,True,original 643-park reference table,County Durham,Ovington,North East,no,listings,Meridian Parks
Withernsea Sands Holiday Park,HU19 2BS,https://www.parkdeanresorts.co.uk,https://www.staticcaravanparks.co.uk/parks/yorkshire/withernsea-holiday-park,01964 612 189,,,True,original 643-park reference table,East Riding of Yorkshire,Withernsea,Yorkshire and Humber,no,listings,Parkdean
Wood Farm Country  Leisure Park,DT6 6BT,https://www.parkholidays.com,https://www.staticcaravanparks.co.uk/parks/dorset/woodfarm-caravan-park,01297 560697,,,False,original 643-park reference table,Dorset,Charmouth,South West,no,listings,Park Holidays
Wood Park Leisure Park,SA70 8TL,https://www.woodpark.co.uk,,,,,False,original 643-park reference table,Pembrokeshire,St. Mary Out Liberty,South Wales,no,listings,
Woodclose Park,LA6 2SE,https://www.woodclosepark.com,https://www.staticcaravanparks.co.uk/parks/cumbria/woodclose-caravan-park,01524 271 597,,,False,original 643-park reference table,Westmorland and Furness,Casterton,North West,no,listings,
Woodcock Caravan Park,BS37 6RJ,,,,,,False,original 643-park reference table,South Gloucestershire,Sodbury,South West,no,listings,
Woodland Vale Holiday Park,SA67 8JE,https://www.valeholidayparks.com,https://www.staticcaravanparks.co.uk/parks/wales/woodland-vale-holiday-park,01834831319,,,False,original 643-park reference table,Pembrokeshire,Lampeter Velfrey,South Wales,no,listings,Vale Holiday Parks
Woodleigh Caravan Park,EX6 6JL,https://www.meadowsretreatlodgepark.com,,,,,False,original 643-park reference table,Devon,Cheriton Bishop,South West,no,listings,Meadows Retreat Lodge Park
Woodley Caravan Park,EX6 6JL,https://woodleighcaravanpark.com,,,,,False,original 643-park reference table,Devon,Cheriton Bishop,South West,no,listings,
Woodside Coastal Retreat,PO33 4JT,https://www.woodside-caravanpark.com,https://www.staticcaravanparks.co.uk/parks/cumbria/woodside-caravan-park,017684 83253,,,False,original 643-park reference table,Isle of Wight,Wootton Bridge,South East,no,listings,Woodside Caravan Park
Yellow Sands Holiday Park,TA8 2SE,https://coastandcountryparks.co.uk,https://www.staticcaravanparks.co.uk/parks/scotland/sands-holiday-centre,01445 712152,,,False,original 643-park reference table,Somerset,Brean,South West,no,listings,Coast & Country Parks
Yorkshire Dales Country  Leisure Park,DL8 5NX,https://www.parkleisure.co.uk,https://www.staticcaravanparks.co.uk/parks/yorkshire/yorkshire-dales-country-leisure-park,,,,False,original 643-park reference table,North Yorkshire,Harmby,Yorkshire and Humber,no,listings,Park Leisure
Chartridge Caravan Park,HP5 2TF,http://www.chartridgeparklimited.co.uk/,https://www.staticcaravanparks.co.uk/parks/buckinghamshire/chartridge-caravan-park,,,,,master_parks_working.csv (Found (in original directory)),Buckinghamshire,Chartridge,South East,no,no sales found,
Abbotsley Country Homes,PE19 6XF,http://www.abbotsleycountryhomes.co.uk/default.asp,https://www.staticcaravanparks.co.uk/parks/cambridgeshire/abbotsley-country-homes,01480 406 400,,,,master_parks_working.csv (Found (in original directory)),Cambridgeshire,Abbotsley,General East,no,blocked,
Parklands,PE13 5PH,https://www.parklandsholidays.co.uk,https://www.staticcaravanparks.co.uk/parks/cambridgeshire/parklands,,,,,master_parks_working.csv (Confirmed - ukparks.com directory),Cambridgeshire,Tydd St. Giles,General East,no,no sales found,
Daleford Manor Caravan Park,CW8 2BT,http://dalefordmanorcaravanpark.co.uk,https://www.staticcaravanparks.co.uk/parks/cheshire/daleford-manor-caravan-park,01606 889 545,,,,master_parks_working.csv (Found (in original directory)),Cheshire West and Chester,Whitegate and Marton,North West,no,blocked,
Eastwood End Holiday Park,SK10 4PL,https://www.eastwoodendcaravanpark.co.uk,https://www.staticcaravanparks.co.uk/parks/cheshire/eastwood-end-holiday-park,01625 572080,,,,master_parks_working.csv (Confirmed - ukparks.com directory),Cheshire East,Adlington,North West,no,enquire,
Fir Trees Caravan Park,CH1 6QF,https://www.firtreescaravanpark.com,https://www.staticcaravanparks.co.uk/parks/cheshire/fir-trees-caravan-park,,,,,master_parks_working.csv (Confirmed - for sale content found),Flintshire,Sealand,North Wales,no,enquire,
Lakeside Caravan Park,CW7 4EF,https://www.thornleyleisure.co.uk,https://www.staticcaravanparks.co.uk/parks/cheshire/lakeside-caravan-park,01606 861 043,,,,master_parks_working.csv (Confirmed - ukparks.com directory),Cheshire West and Chester,Winsford,North West,no,listings not scraped,Thornley Leisure
Manor Wood,CH3 9EN,https://www.manorwoodcaravans.co.uk,https://www.staticcaravanparks.co.uk/parks/cheshire/manor-wood,01829 782442,,,,master_parks_working.csv (Confirmed - ukparks.com directory),Cheshire West and Chester,Coddington,North West,no,blocked,
Ridgeway Country Holiday Park,WA6 6XQ,http://www.ridgewaypark.co.uk,https://www.staticcaravanparks.co.uk/parks/cheshire/ridgeway-country-holiday-park,,,,,master_parks_working.csv (Confirmed - ukparks.com directory),Cheshire West and Chester,Frodsham,North West,no,enquire,
Vale Royal River Park,CW7 2PF,https://www.valeroyalriverpark.co.uk,https://www.staticcaravanparks.co.uk/parks/cheshire/vale-royal-river-park,01606 593 567,,,,master_parks_working.csv (Confirmed - ukparks.com directory),Cheshire West and Chester,Moulton,North West,no,no sales found,
Woodlands Park,WA16 9LG,http://www.woodlandsparkcheshire.co.uk,https://www.staticcaravanparks.co.uk/parks/cheshire/woodlands-park,01332 810 818,,,,master_parks_working.csv (Confirmed - ukparks.com directory),Cheshire West and Chester,Allostock,North West,no,enquire,
Crantock Beach Holiday Park,TR8 5RH,https://www.parkdeanresorts.co.uk/,https://www.staticcaravanparks.co.uk/parks/cornwall/crantock-beach-holiday-park,01637831005,,,,master_parks_working.csv (Confirmed - ukparks.com directory),Cornwall,Crantock,South West,yes,listings not scraped,Parkdean
Hentervene Holiday Park,EX23 0LF,https://www.hentervene.co.uk,https://www.staticcaravanparks.co.uk/parks/cornwall/hentervene-holiday-park,01840 230365,,,,master_parks_working.csv (Confirmed - ukparks.com directory),Cornwall,St. Gennys,South West,no,listings,
Little Trevothan Caravan Park,TR12 6SD,https://www.littletrevothan.co.uk,https://www.staticcaravanparks.co.uk/parks/cornwall/little-trevothan-caravan-park,01326 280 260,,,,master_parks_working.csv (Confirmed - ukparks.com directory),Cornwall,St. Keverne,South West,no,no sales found,
Mullion Holiday Park,TR12 7LJ,https://www.parkdeanresorts.co.uk/location/cornwall/mullion/,https://www.staticcaravanparks.co.uk/parks/cornwall/mullion-holiday-park,01326240428,,,,master_parks_working.csv (Found (in original directory)),Cornwall,Grade-Ruan,South West,no,listings not scraped,Parkdean
Atlantic Coast Holiday Park,TR27 5BL,https://www.atlanticcoastpark.co.uk,https://www.staticcaravanparks.co.uk/parks/cornwall/atlantic-coast-holiday-park,01736752071,,,,master_parks_working.csv (Confirmed - ukparks.com directory),Cornwall,Gwinear-Gwithian,South West,yes,listings not scraped,
Boscrege Caravan Park,TR13 9TG,http://www.caravanparkcornwall.com/,https://www.staticcaravanparks.co.uk/parks/cornwall/boscrege-caravan-park,01736 762 231,,,,master_parks_working.csv (Found (in original directory)),Cornwall,Germoe,South West,no,listings not scraped,
Carbiel Holiday Naturist Park,PL11 3LS,http://www.carbeil.co.uk/,https://www.staticcaravanparks.co.uk/parks/cornwall/carbiel-holiday-naturist-park,01503 250 636,,,,master_parks_working.csv (Found (in original directory)),Cornwall,Deviock,South West,no,no sales found,
Castle Caravan Park,TR9 6JB,http://www.castlecaravanpark.co.uk/,https://www.staticcaravanparks.co.uk/parks/cornwall/castle-caravan-park,,,,,master_parks_working.csv (Found (in original directory)),Cornwall,St. Columb Major,South West,no,blocked,
Dinham Creek Lodge Retreat,PL27 6RH,https://dinhamcreek.co.uk/,https://www.staticcaravanparks.co.uk/parks/cornwall/dinham-creek-lodge-retreat,01208 812 538,,,,master_parks_working.csv (Found (in original directory)),Cornwall,St. Minver Highlands,South West,yes,enquire,
Eden Valley Holiday Park,PL30 5BU,https://www.edenvalleyholidaypark.co.uk,https://www.staticcaravanparks.co.uk/parks/cornwall/eden-valley-holiday-park,,,,,master_parks_working.csv (Confirmed - ukparks.com directory),Cornwall,Lanlivery,South West,no,enquire,
Gnome World,TR9 6HN,http://gnomeworldholidaypark.co.uk,https://www.staticcaravanparks.co.uk/parks/cornwall/gnome-world,01726 860812,,,,master_parks_working.csv (Confirmed - ukparks.com directory),Cornwall,St. Enoder,South West,no,blocked,
Little Dinham Woodland Caravan Park,PL27 6RH,https://www.littledinham.co.uk,https://www.staticcaravanparks.co.uk/parks/cornwall/little-dinham-woodland-caravan-park,01208 812 538,,,,master_parks_working.csv (Confirmed - ukparks.com directory),Cornwall,St. Minver Highlands,South West,yes,enquire,
Oaklands Park,PL13 2JS,https://www.oaklands-park.co.uk,https://www.staticcaravanparks.co.uk/parks/cornwall/oaklands-park,01503262640,,,,master_parks_working.csv (Confirmed - ukparks.com directory),Cornwall,Pelynt,South West,no,listings,Oaklands Park
Orchard Springs Campsite,PL30 5BN,https://www.orchardspringscampsite.co.uk,https://www.staticcaravanparks.co.uk/parks/cornwall/orchard-springs-campsite,,,,,master_parks_working.csv (Confirmed - ukparks.com directory),Cornwall,Bodmin,South West,no,listings not scraped,
Padstow Holiday Park,PL28 8LB,https://www.padstowholidaypark.co.uk,https://www.staticcaravanparks.co.uk/parks/cornwall/padstow-holiday-park,01841 532289,,,,master_parks_working.csv (Confirmed - ukparks.com directory),Cornwall,Padstow,South West,no,listings,Padstow Holiday Park
Perran Springs Holiday Park,TR4 9QG,http://www.perransprings.co.uk,https://www.staticcaravanparks.co.uk/parks/cornwall/perran-springs-holiday-park,01872 540 568,,,,master_parks_working.csv (Confirmed - ukparks.com directory),Cornwall,Perranzabuloe,South West,no,no sales found,
Perranporth Caravan Holidays,TR6 0AQ,https://www.caravanscornwall.co.uk,https://www.staticcaravanparks.co.uk/parks/cornwall/perranporth-caravan-holidays,,,,,master_parks_working.csv (Confirmed - ukparks.com directory),Cornwall,Perranzabuloe,South West,no,blocked,
Polzeath Beach Holiday Park,PL27 6ST,https://www.polzeathbeachholidaypark.com,https://www.staticcaravanparks.co.uk/parks/cornwall/polzeath-beach-holiday-park,,,,,master_parks_working.csv (Confirmed - ukparks.com directory),Cornwall,St. Minver Highlands,South West,no,no sales found,
Praa Sands Golf and Country Club,TR20 9SH,https://haulfrynholidays.co.uk,https://www.staticcaravanparks.co.uk/parks/cornwall/praa-sands-golf-and-country-club,01736 762 201,,,,master_parks_working.csv (Confirmed - part of existing scraper coverage),Cornwall,Breage,South West,no,listings,Haulfryn
River Valley Holiday Park,TR20 9ER,https://www.rivervalleyholidaypark.co.uk,https://www.staticcaravanparks.co.uk/parks/cornwall/river-valley-holiday-park,01736 763 398,,,,master_parks_working.csv (Confirmed - ukparks.com directory),Cornwall,St. Erth,South West,no,listings,
St Tinney Farm,PL32 9TA,https://www.st-tinney.co.uk,https://www.staticcaravanparks.co.uk/parks/cornwall/st-tinney-farm,,,,,master_parks_working.csv (Confirmed - ukparks.com directory),Cornwall,Otterham,South West,no,enquire,
The Retreats,PL28 8LD,https://www.padstowholidaypark.co.uk,https://www.staticcaravanparks.co.uk/parks/cornwall/the-retreats,,,,,master_parks_working.csv (Confirmed - for sale content found),Cornwall,Padstow,South West,no,enquire,Padstow Holiday Park
Trewiston Farm Caravan Park,PL27 6PX,https://www.trewiston.co.uk,https://www.staticcaravanparks.co.uk/parks/cornwall/trewiston-farm-caravan-park,,,,,master_parks_working.csv (Confirmed - ukparks.com directory),Cornwall,St. Minver Lowlands,South West,yes,no sales found,
Witton Castle Country Park,DL14 0DE,https://www.wittoncastlecountrypark.co.uk,https://www.staticcaravanparks.co.uk/parks/county-durham/witton-castle-country-park,01388 488 230,850.0,,,master_parks_working.csv (Confirmed - ukparks.com directory),County Durham,Evenwood and Barony,North East,no,listings,
Bend Holme Farm Caravan Park,DL12 0AX,http://www.dalyscaravanparks.co.uk/bendholm,https://www.staticcaravanparks.co.uk/parks/county-durham/bend-holme-farm-caravan-park,01833 650457,,,,master_parks_working.csv (Found (in original directory)),County Durham,Eggleston,North East,no,no sales found,
Bobby Shafto Caravan Park,DH9 0RY,http://www.bobbyshaftocaravanpark.co.uk/,https://www.staticcaravanparks.co.uk/parks/county-durham/bobby-shafto-caravan-park,0191 370 1776,,,,master_parks_working.csv (Found (in original directory)),Gateshead,Lamesley,North East,no,enquire,
Bradley Mill Caravan Park,DL13 3JH,http://www.bradleyburn.co.uk/,https://www.staticcaravanparks.co.uk/parks/county-durham/bradley-mill-caravan-park,01388 527 285,,,,master_parks_working.csv (Found (in original directory)),County Durham,Wolsingham,North East,no,listings not scraped,
Brotherlee Holiday Home Park,DL13 1SR,http://www.brotherleeholidayhomepark.co.uk/,https://www.staticcaravanparks.co.uk/parks/county-durham/brotherlee-holiday-home-park,01388 517 276,,,,master_parks_working.csv (Found (in original directory)),County Durham,Stanhope,North East,no,no sales found,
Castledene Caravan Park,TS27 4TF,http://www.castledenepark.co.uk/,https://www.staticcaravanparks.co.uk/parks/county-durham/castledene-caravan-park,01429 835686,57.0,,,master_parks_working.csv (Found (in original directory)),County Durham,Castle Eden,North East,no,listings not scraped,
Cote House Caravan Park,DL12 0PN,http://www.cotehousecaravanpark.uk,https://www.staticcaravanparks.co.uk/parks/county-durham/cote-house-caravan-park,01325 710470,82.0,,,master_parks_working.csv (Found (in original directory)),County Durham,Mickleton,North East,no,blocked,
Craggwood Caravan Park,DL14 0NS,http://www.craggwoodleisure.co.uk/,https://www.staticcaravanparks.co.uk/parks/county-durham/craggwood-caravan-park,01388 835 866,135.0,,,master_parks_working.csv (Found (in original directory)),County Durham,Evenwood and Barony,North East,no,enquire,
Drovers Way Holiday Caravan Park,TS21 1AJ,https://www.droversway.com,https://www.staticcaravanparks.co.uk/parks/county-durham/drovers-way-holiday-caravan-park,01642 581 800,,,,master_parks_working.csv (Confirmed - ukparks.com directory),Stockton-on-Tees,Elton,North East,no,no sales found,
Greenfoot Caravan Park,DL13 2JT,https://www.greenfoot.co.uk,https://www.staticcaravanparks.co.uk/parks/county-durham/greenfoot-caravan-park,01388 526 457,,,,master_parks_working.csv (Confirmed - multi-park operator),County Durham,Stanhope,North East,no,enquire,
Hetherick Caravan Park,DL12 8QX,https://www.hetherickcaravanpark.co.uk,https://www.staticcaravanparks.co.uk/parks/county-durham/hetherick-caravan-park,,,,,master_parks_working.csv (Confirmed - ukparks.com directory),County Durham,Marwood,North East,no,enquire,
Mickleton Mill Caravan Park,DL12 0LS,https://www.mickletonmill.co.uk,https://www.staticcaravanparks.co.uk/parks/county-durham/mickleton-mill-caravan-park,,,,,master_parks_working.csv (Confirmed - ukparks.com directory),County Durham,Mickleton,North East,no,enquire,
Stanhope,DL13 2UH,https://www.stanhopecaravanpark.co.uk,https://www.staticcaravanparks.co.uk/parks/county-durham/stanhope-caravan-park,,70.0,,,master_parks_working.csv (Confirmed - ukparks.com directory),County Durham,Stanhope,North East,no,listings,
Weardale,DL13 1LJ,https://www.weardaleholidayhomepark.co.uk,https://www.staticcaravanparks.co.uk/parks/county-durham/weardale-caravan-park,01388 526 457,,,,master_parks_working.csv (Confirmed - ukparks.com directory),County Durham,Stanhope,North East,no,listings,
Calf Lonnin Caravan Park,CA15 6TL,http://11 Lonsdale Terrace,https://www.staticcaravanparks.co.uk/parks/cumbria/calf-lonnin-caravan-park,01900819769,,,,master_parks_working.csv (Found (in original directory)),Cumberland,Crosscanonby,North West,no,blocked,
Ings Hall Caravan Park,LA8 9PZ,http://Ingshallholidaypark.co.uk,https://www.staticcaravanparks.co.uk/parks/cumbria/ings-hall-caravan-park,07938244519,,,,master_parks_working.csv (Found (in original directory)),Westmorland and Furness,Hugill,North West,no,blocked,
Moss Bank Country Lodges,CA11 9NA,http://mossbanklodges.co.uk/,https://www.staticcaravanparks.co.uk/parks/cumbria/moss-bank-country-lodges,07817 019110,,,,master_parks_working.csv (Found (in original directory)),Westmorland and Furness,Great Salkeld,North West,no,enquire,
Seacote Caravan Park,CA7 4QJ,https://edenparks.co.uk/seacote-park/,https://www.staticcaravanparks.co.uk/parks/cumbria/seacote-caravan-park,01697 331 121,,,,master_parks_working.csv (Confirmed - for sale content found),Cumberland,Silloth-on-Solway,North West,yes,listings,
Allen Parkfoot Ltd,CA10 2NA,http://www.parkfootullswater.co.uk/,https://www.staticcaravanparks.co.uk/parks/cumbria/allen-parkfoot-ltd,017684 86309,,,,master_parks_working.csv (Found (in original directory)),Westmorland and Furness,Barton and Pooley Bridge,North West,no,enquire,
Argill Caravan Park,CA17 4DH,https://www.argillcaravanpark.co.uk,https://www.staticcaravanparks.co.uk/parks/cumbria/argill-caravan-park,,,,,master_parks_working.csv (Confirmed - for sale content found),Westmorland and Furness,Stainmore,North West,no,enquire,
Augill Caravan Park,CA17 4DX,http://www.augillbeck.co.uk/,https://www.staticcaravanparks.co.uk/parks/cumbria/augill-caravan-park,01539 823 659,,,,master_parks_working.csv (Found (in original directory)),Westmorland and Furness,Brough,North West,no,listings not scraped,
Bardsea Leisure Park,LA12 9QE,http://www.bardsealeisure.co.uk/site-and-facilities,https://www.staticcaravanparks.co.uk/parks/cumbria/bardsea-leisure-park,01229 584 712,,,,master_parks_working.csv (Found (in original directory)),Westmorland and Furness,Ulverston,North West,no,no sales found,
Bassenthwaite Lakeside Lodges,CA12 4QZ,http://www.blll.co.uk,https://www.staticcaravanparks.co.uk/parks/cumbria/bassenthwaite-lakeside-lodges,,,,,master_parks_working.csv (Confirmed - ukparks.com directory),Cumberland,Bassenthwaite,North West,no,enquire,
Bigland Hall Caravan Park,LA12 8PJ,http://www.biglandhallcaravanpark.co.uk/index.php/en/,https://www.staticcaravanparks.co.uk/parks/cumbria/bigland-hall-caravan-park,015395 31702,,,,master_parks_working.csv (Confirmed - ukparks.com directory),Westmorland and Furness,Haverthwaite,North West,no,blocked,
Blenkett Wood Lodge Park,LA11 7QY,http://www.blenkettwoodlodgepark.co.uk/,https://www.staticcaravanparks.co.uk/parks/cumbria/blenkett-wood-lodge-park,07970 414909,,,,master_parks_working.csv (Found (in original directory)),Westmorland and Furness,Lower Allithwaite,North West,no,enquire,
Blue Dial Caravan Park,CA15 6PB,https://www.bluedialcaravans.co.uk,https://www.staticcaravanparks.co.uk/parks/cumbria/blue-dial-caravan-park,01900 881 277,,,,master_parks_working.csv (Confirmed - ukparks.com directory),Cumberland,Hayton and Mealo,North West,no,no sales found,
Bowber Head,CA17 4NL,http://www.bowberhead.co.uk,https://www.staticcaravanparks.co.uk/parks/cumbria/bowber-head,01539 623254,,,,master_parks_working.csv (Confirmed - for sale content found),Westmorland and Furness,Ravenstonedale,North West,no,blocked,
Bramble Beck Holiday Park,CA5 6HB,http://bramblebeckpark.com/,https://www.staticcaravanparks.co.uk/parks/cumbria/bramble-beck-holiday-park,01228 576 615,,,,master_parks_working.csv (Found (in original directory)),Cumberland,Burgh by Sands,North West,no,blocked,
Brigham Caravan Park,CA13 0XH,http://www.brighamcaravanpark.co.uk/,https://www.staticcaravanparks.co.uk/parks/cumbria/brigham-caravan-park,1900 821820,,,,master_parks_working.csv (Found (in original directory)),Cumberland,Brigham,North West,no,blocked,
Bulman Strands Farm and Caravan Park,LA8 8LP,http://www.bulmanstrands.co.uk/,https://www.staticcaravanparks.co.uk/parks/cumbria/bulman-strands-farm-and-caravan-park,015395 68239,,,,master_parks_working.csv (Found (in original directory)),Westmorland and Furness,Crook,North West,no,no sales found,
Butterflowers Holiday Homes,LA18 4HB,http://www.leisureparksltd.co.uk/butterflowers/,https://www.staticcaravanparks.co.uk/parks/cumbria/butterflowers-holiday-homes,01229772880,,,,master_parks_working.csv (Found (in original directory)),Cumberland,Millom,North West,no,listings,
Camelot Holiday Park,CA6 5SZ,http://www.camelotholidaypark.co.uk,https://www.staticcaravanparks.co.uk/parks/cumbria/camelot-holiday-park,,,,,master_parks_working.csv (Confirmed - ukparks.com directory),Cumberland,Arthuret,North West,no,enquire,
Cartmel Caravan and Camping Park,LA11 6PN,http://www.cartmellodgepark.co.uk/,https://www.staticcaravanparks.co.uk/parks/cumbria/cartmel-caravan-and-camping-park,01539 536 270,,,,master_parks_working.csv (Found (in original directory)),Westmorland and Furness,Lower Allithwaite,North West,no,enquire,
Chapel Farm Caravan Park,CA16 6QE,http://www.chapelfarmcaravanpark.co.uk/,https://www.staticcaravanparks.co.uk/parks/cumbria/chapel-farm-caravan-park,01539623665,,,,master_parks_working.csv (Found (in original directory)),Westmorland and Furness,Asby,North West,no,enquire,
Chapel House Caravan Park,CA8 1LP,https://www.chapelhousecaravanpark.co.uk,https://www.staticcaravanparks.co.uk/parks/cumbria/chapel-house-caravan-park,,,,,master_parks_working.csv (Confirmed - ukparks.com directory),Cumberland,Hayton,North West,no,no sales found,
Church Stile Farm,CA20 1ET,http://churchstile.co.uk/,https://www.staticcaravanparks.co.uk/parks/cumbria/church-stile-farm,0191 236 3031,,,,master_parks_working.csv (Found (in original directory)),Cumberland,Wasdale,North West,no,enquire,
Coniston Hall Caravan Park,LA21 8AS,https://conistonhallcampsite.wordpress.com/contact-us/,https://www.staticcaravanparks.co.uk/parks/cumbria/coniston-hall-caravan-park,01539 441223,,,,master_parks_working.csv (Found (in original directory)),Westmorland and Furness,Coniston,North West,no,no sales found,
Cottage and Glendale Caravan Park,CA7 5DJ,https://www.parkholidays.com,https://www.staticcaravanparks.co.uk/parks/cumbria/cottage-and-glendale-caravan-park,016973 51317,,,,master_parks_working.csv (Confirmed - part of existing scraper coverage),Cumberland,Bowness,North West,no,enquire,Park Holidays
Cove Caravan and Camping Park,CA11 0LS,https://www.cove-park.co.uk,https://www.staticcaravanparks.co.uk/parks/cumbria/cove-caravan-and-camping-park,01768 486 549,,,,master_parks_working.csv (Confirmed - ukparks.com directory),Westmorland and Furness,Matterdale,North West,no,listings not scraped,
Cross Dormont,CA10 2NA,http://www.crossdormont.co.uk,https://www.staticcaravanparks.co.uk/parks/cumbria/cross-dormont,017684 86537,,,,master_parks_working.csv (Found (in original directory)),Westmorland and Furness,Barton and Pooley Bridge,North West,no,no sales found,
Cross Hall Caravan Park,LA10 5LY,http://crosshallcaravanparksedberghcumbria.uk/contact-cross-hall-farm/,https://www.staticcaravanparks.co.uk/parks/cumbria/cross-hall-caravan-park,01539-620668,,,,master_parks_working.csv (Found (in original directory)),Westmorland and Furness,Sedbergh,North West,no,no sales found,
Dickinsons Place Caravan Park,CA15 6QE,http://www.dickinsonplace.co.uk,https://www.staticcaravanparks.co.uk/parks/cumbria/dickinsons-place-caravan-park,01900 881440,,,,master_parks_working.csv (Found (in original directory)),Cumberland,Allonby,North West,no,enquire,
Flusco Wood Holiday Lodges,CA11 0JB,https://www.fluscowood.co.uk,https://www.staticcaravanparks.co.uk/parks/cumbria/flusco-wood-holiday-lodges,017684 80020,,,,master_parks_working.csv (Confirmed - ukparks.com directory),Westmorland and Furness,Dacre,North West,no,enquire,
Greaves Farm Caravan Park,LA11 6HR,https://www.greavesfarmcaravanpark.co.uk,https://www.staticcaravanparks.co.uk/parks/cumbria/greaves-farm-caravan-park,01539 536 329,,,,master_parks_working.csv (Confirmed - ukparks.com directory),Westmorland and Furness,Broughton East,North West,no,enquire,
Hall More Caravan Park,LA7 7BP,https://www.pure-leisure.co.uk,https://www.staticcaravanparks.co.uk/parks/cumbria/hall-more-caravan-park,0152 462266,,,,master_parks_working.csv (Confirmed - part of existing scraper coverage),Westmorland and Furness,Beetham,North West,no,listings,Pure Leisure
High Close Holiday Home Park,CA12 4QX,https://highclose.co.uk,https://www.staticcaravanparks.co.uk/parks/cumbria/high-close-holiday-home-park,,,,,master_parks_working.csv (Confirmed - ukparks.com directory),Cumberland,Bassenthwaite,North West,no,listings not scraped,
Highgate Caravan Park,CA10 3BB,https://www.highgatecaravanpark.co.uk,https://www.staticcaravanparks.co.uk/parks/cumbria/highgate-caravan-park,,,,,master_parks_working.csv (Confirmed - ukparks.com directory),Westmorland and Furness,Morland,North West,no,enquire,
Hillcroft Park,CA10 2LT,https://www.hillcroftpark.co.uk,https://www.staticcaravanparks.co.uk/parks/cumbria/hillcroft-park,01768 484959,,,,master_parks_working.csv (Confirmed - ukparks.com directory),Westmorland and Furness,Barton and Pooley Bridge,North West,no,enquire,
Holgates Caravan Park Ltd,LA5 0SH,https://www.holgates.co.uk,https://www.staticcaravanparks.co.uk/parks/cumbria/holgates-caravan-park-ltd,01524 701508,,,,master_parks_working.csv (Confirmed - multi-park operator),Lancashire,Silverdale,North West,no,listings not scraped,Holgates
Hylton Caravan Park,CA7 4AY,https://www.stanwix.com,https://www.staticcaravanparks.co.uk/parks/cumbria/hylton-caravan-park,016973 32555,,,,master_parks_working.csv (Confirmed - ukparks.com directory),Cumberland,Silloth-on-Solway,North West,no,listings not scraped,Stanwix
Knotts Hill Caravan Park,CA11 0JR,https://www.knottshill.co.uk,https://www.staticcaravanparks.co.uk/parks/cumbria/knotts-hill-caravan-park,01768 486309,,,,master_parks_working.csv (Confirmed - ukparks.com directory),Westmorland and Furness,Matterdale,North West,no,enquire,
Larkrigg Hall Caravan Park,LA9 7QS,https://www.larkrigghallcaravanpark.co.uk,https://www.staticcaravanparks.co.uk/parks/cumbria/larkrigg-hall-caravan-park,07710912860,,,,master_parks_working.csv (Confirmed - ukparks.com directory),Westmorland and Furness,Natland,North West,no,blocked,
Lingwood Park,LA11 7QA,https://www.lingwoodpark.co.uk,https://www.staticcaravanparks.co.uk/parks/cumbria/lingwood-park,,,,,master_parks_working.csv (Confirmed - ukparks.com directory),Westmorland and Furness,Grange-over-Sands,North West,no,no sales found,
Low Fell Gate Caravan Park,LA11 7EG,https://www.lowfellgate.co.uk,https://www.staticcaravanparks.co.uk/parks/cumbria/low-fell-gate-caravan-park,01539 533 149,,,,master_parks_working.csv (Confirmed - ukparks.com directory),Westmorland and Furness,Grange-over-Sands,North West,no,no sales found,
Lowther Holiday Park,CA10 2JB,https://www.pure-leisure.co.uk,https://www.staticcaravanparks.co.uk/parks/cumbria/lowther-holiday-park,01768 863 631,,,,master_parks_working.csv (Confirmed - part of existing scraper coverage),Westmorland and Furness,Yanwath and Eamont Bridge,North West,no,listings,Pure Leisure
Melmerby Mill Caravan Park,CA10 1HA,https://www.melmerbymill.co.uk,https://www.staticcaravanparks.co.uk/parks/cumbria/melmerby-mill-caravan-park,01768 881 355,,,,master_parks_working.csv (Confirmed - ukparks.com directory),Westmorland and Furness,Ousby,North West,no,no sales found,
Millbrook Caravan Park,LA8 0HJ,https://www.millbrookcaravanpark.co.uk,https://www.staticcaravanparks.co.uk/parks/cumbria/millbrook-caravan-park,01539 567 624,,,,master_parks_working.csv (Confirmed - ukparks.com directory),Westmorland and Furness,Preston Patrick,North West,no,enquire,
New Barns Caravan Park,LA5 0BN,https://www.newbarnscaravanpark.co.uk,https://www.staticcaravanparks.co.uk/parks/cumbria/new-barns-caravan-park,01524 762257,,,,master_parks_working.csv (Confirmed - ukparks.com directory),Westmorland and Furness,Arnside,North West,yes,listings not scraped,
Park Foot Caravan and Camping Park,CA10 2NA,https://www.parkfootullswater.co.uk,https://www.staticcaravanparks.co.uk/parks/cumbria/park-foot-caravan-and-camping-park,01768 486 309,,,,master_parks_working.csv (Confirmed - ukparks.com directory),Westmorland and Furness,Barton and Pooley Bridge,North West,no,enquire,
Seacote Park,CA27 0ET,https://www.seacote.com,https://www.staticcaravanparks.co.uk/parks/cumbria/seacote-park,01946 822 777,,,,master_parks_working.csv (Confirmed - ukparks.com directory),Cumberland,St. Bees,North West,no,no sales found,
Seat Farm,CA10 2NA,https://www.seatfarmholidaypark.co.uk,https://www.staticcaravanparks.co.uk/parks/cumbria/seat-farm,01768 486 208,,,,master_parks_working.csv (Confirmed - ukparks.com directory),Westmorland and Furness,Barton and Pooley Bridge,North West,no,enquire,
Skiddaw View Holiday Park,CA7 2JN,https://www.skiddawview.co.uk,https://www.staticcaravanparks.co.uk/parks/cumbria/skiddaw-view-holiday-park,016973 20919,,,,master_parks_working.csv (Confirmed - ukparks.com directory),Cumberland,Bothel and Threapland,North West,no,enquire,
Sockenber Park,CA10 3BT,https://www.sockenber.co.uk,https://www.staticcaravanparks.co.uk/parks/cumbria/sockenber-park,01931 714 606,,,,master_parks_working.csv (Confirmed - ukparks.com directory),Westmorland and Furness,King's Meaburn,North West,no,blocked,
Stanwix Park Holiday Centre,CA7 4HH,https://www.stanwix.com,https://www.staticcaravanparks.co.uk/parks/cumbria/stanwix-park-holiday-centre,01697 332666,,,,master_parks_working.csv (Confirmed - ukparks.com directory),Cumberland,Silloth-on-Solway,North West,no,listings not scraped,Stanwix
Stonefold Caravan Park,CA11 0HP,https://www.stonefold.co.uk,https://www.staticcaravanparks.co.uk/parks/cumbria/stonefold-caravan-park,01768 866 383,,,,master_parks_working.csv (Confirmed - ukparks.com directory),Westmorland and Furness,Dacre,North West,no,no sales found,
Tanglewood Caravan Park,CA7 4PE,https://www.tanglewoodcaravanpark.co.uk,https://www.staticcaravanparks.co.uk/parks/cumbria/tanglewood-caravan-park,01697 331 252,,,,master_parks_working.csv (Confirmed - ukparks.com directory),Cumberland,Holme Low,North West,no,blocked,
The Quiet Site,CA11 0LS,https://www.thequietsite.co.uk,https://www.staticcaravanparks.co.uk/parks/cumbria/the-quiet-site,01768 486 337,,,,master_parks_working.csv (Confirmed - ukparks.com directory),Westmorland and Furness,Matterdale,North West,no,no sales found,
Vicarage Field,CA15 6PE,http://www.vicaragefield.com,https://www.staticcaravanparks.co.uk/parks/cumbria/vicarage-field,01524 850 829,,,,master_parks_working.csv (Confirmed - ukparks.com directory),Cumberland,Allonby,North West,no,enquire,
Waters Edge Caravan Park,LA7 7NN,https://www.watersedgecaravanpark.co.uk,https://www.staticcaravanparks.co.uk/parks/cumbria/waters-edge-caravan-park,01539 567 708,,,,master_parks_working.csv (Confirmed - ukparks.com directory),Westmorland and Furness,Preston Richard,North West,no,no sales found,Water's Edge Caravan Park
White Gate Caravan Park,CA16 6BU,https://www.whitegatecaravanpark.com,https://www.staticcaravanparks.co.uk/parks/cumbria/white-gate-caravan-park,,,,,master_parks_working.csv (Confirmed - ukparks.com directory),Westmorland and Furness,Long Marton,North West,no,blocked,
Woodside Caravan Park,CA11 0TJ,https://www.woodside-caravanpark.com,https://www.staticcaravanparks.co.uk/parks/cumbria/woodside-caravan-park,017684 83253,,,,master_parks_working.csv (Confirmed - ukparks.com directory),Westmorland and Furness,Greystoke,North West,no,enquire,Woodside Caravan Park
Birchwood Farm Caravan Park,DE4 5HS,http://www.birchwoodfarm.co.uk/,https://www.staticcaravanparks.co.uk/parks/derbyshire/birchwood-farm-caravan-park,01629 822 280,,,,master_parks_working.csv (Confirmed - ukparks.com directory),Derbyshire,Alderwasley,Central England,no,no sales found,
Callow Top Holiday Park,DE6 2AQ,https://www.callowtop.co.uk,https://www.staticcaravanparks.co.uk/parks/derbyshire/callow-top-holiday-park,01335 344 020,,,,master_parks_working.csv (Confirmed - ukparks.com directory),Derbyshire,Offcote and Underwood,Central England,no,enquire,
Eden Tree House Caravan Park,S33 9JT,https://www.edentreecaravanpark.co.uk,https://www.staticcaravanparks.co.uk/parks/derbyshire/eden-tree-house-caravan-park,01433623444,,,,master_parks_working.csv (Confirmed - ukparks.com directory),Derbyshire,Bradwell,Central England,no,blocked,
Greenhills Holiday Park,DE45 1PX,https://www.greenhillsholidaypark.co.uk,https://www.staticcaravanparks.co.uk/parks/derbyshire/greenhills-holiday-park,01629 813052,,,,master_parks_working.csv (Website found - sale relevance unconfirmed),Derbyshire,Bakewell,Central England,no,enquire,
Shardlow Marina and Caravan Park,DE72 2GL,https://www.shardlowmarina.co.uk,https://www.staticcaravanparks.co.uk/parks/derbyshire/shardlow-marina-and-caravan-park,01332 792 832,,,,master_parks_working.csv (Website found - sale relevance unconfirmed),Derbyshire,Shardlow and Great Wilne,Central England,no,listings not scraped,
Palstone Holiday Lodges,TQ10 9NU,http://www.palstonelodges.co.uk,https://www.staticcaravanparks.co.uk/parks/devon/palstone-holiday-lodges,07866725035,,,,master_parks_working.csv (Found (in original directory)),Devon,South Brent,South West,no,no sales found,
Ruda Holiday Park,EX33 1NP,https://www.johnfowlerholidays.com/devon-holiday-park/ruda-holiday-park,https://www.staticcaravanparks.co.uk/parks/devon/ruda-holiday-park,01271890671,,,,master_parks_working.csv (Confirmed - ukparks.com directory),Devon,Georgeham,South West,no,enquire,John Fowler Holidays
Acorn Holiday Home Park,EX10 0PH,https://www.oakdown.co.uk,https://www.staticcaravanparks.co.uk/parks/devon/acorn-holiday-home-park,01395 513731,,,,master_parks_working.csv (Confirmed - ukparks.com directory),Devon,Branscombe,South West,no,listings not scraped,Oakdown
Alston Farm Caravan Park,TQ7 3BJ,http://www.alstoncampsite.co.uk/,https://www.staticcaravanparks.co.uk/parks/devon/alston-farm-caravan-park,07808030921,,,,master_parks_working.csv (Found (in original directory)),Devon,Malborough,South West,no,enquire,
Andrewhayes Caravan Park,EX13 7DY,http://www.andrewshayes.co.uk/new/,https://www.staticcaravanparks.co.uk/parks/devon/andrewhayes-caravan-park,01404 808 523,,,,master_parks_working.csv (Found (in original directory)),Devon,Dalwood,South West,no,enquire,
Ashdown Caravan Park,EX24 6HY,http://ashdowncaravanpark.com/,https://www.staticcaravanparks.co.uk/parks/devon/ashdown-caravan-park,01297 20292,,,,master_parks_working.csv (Found (in original directory)),Devon,Colyford,South West,no,no sales found,
Beerhead Caravan Park,EX12 3AH,http://www.beer-head.com/,https://www.staticcaravanparks.co.uk/parks/devon/beerhead-caravan-park,,,,,master_parks_working.csv (Found (in original directory)),Devon,Beer,South West,yes,no sales found,
Berry Barton Caravan Park,EX12 3BD,http://www.berrybarton.co.uk/,https://www.staticcaravanparks.co.uk/parks/devon/berry-barton-caravan-park,01297 680208,,,,master_parks_working.csv (Found (in original directory)),Devon,Branscombe,South West,no,no sales found,
Berrynarbor Pak,EX34 9TA,http://www.berrynarborpark.co.uk/,https://www.staticcaravanparks.co.uk/parks/devon/berrynarbor-pak,01670 861 478,,,,master_parks_working.csv (Found (in original directory)),Devon,Berrynarbor,South West,no,no sales found,
Beverley Holidays,TQ4 7JE,https://www.beverleyholidayhomes.co.uk,https://www.staticcaravanparks.co.uk/parks/devon/beverley-park,01803 843887,,,,master_parks_working.csv (Confirmed - real listing scraped),Torbay,"Torbay, unparished area",South West,no,listings,
Blossom Hill Park,EX14 4XW,https://www.dreamlodgeholidays.co.uk/our-holiday-parks/blossom-hill/overview/,https://www.staticcaravanparks.co.uk/parks/devon/blossom-hill-park,01404 891 855,,,,master_parks_working.csv (Found (in original directory)),Devon,Dunkeswell,South West,no,blocked,
Blue Water Holiday Home Park,EX7 0NA,http://www.bluewaterholidayhomes.co.uk/,https://www.staticcaravanparks.co.uk/parks/devon/blue-water-holiday-home-park,01626 889 357,,,,master_parks_working.csv (Found (in original directory)),Devon,Dawlish,South West,yes,no sales found,
Bona Vista Caravan Park,TQ4 7PY,http://www.bona-vista.co.uk/,https://www.staticcaravanparks.co.uk/parks/devon/bona-vista-caravan-park,01803 551 971,,,,master_parks_working.csv (Found (in original directory)),Torbay,"Torbay, unparished area",South West,no,no sales found,
Briar Hill Farm,PL8 1AR,https://www.briarhillfarm.co.uk,https://www.staticcaravanparks.co.uk/parks/devon/briar-hill-farm,01752872252,,,,master_parks_working.csv (Confirmed - ukparks.com directory),Devon,Newton and Noss,South West,yes,no sales found,
Castle Brake Holiday Park,EX5 1HA,https://www.castlebrake.co.uk,https://www.staticcaravanparks.co.uk/parks/devon/castle-brake-holiday-park,01395 232 431,,,,master_parks_working.csv (Confirmed - ukparks.com directory),Devon,Woodbury,South West,no,listings not scraped,
Channel View Caravan and Camping Park,EX35 6LD,http://www.channel-view.co.uk/,https://www.staticcaravanparks.co.uk/parks/devon/channel-view-caravan-and-camping-park,01598753349,,,,master_parks_working.csv (Found (in original directory)),Devon,Lynton and Lynmouth,South West,yes,blocked,
Chapmanswell Caravan Park,PL15 9SG,http://www.chapmanswellcaravanpark.co.uk/,https://www.staticcaravanparks.co.uk/parks/devon/chapmanswell-caravan-park,01409 211 382,,,,master_parks_working.csv (Found (in original directory)),Devon,St. Giles on the Heath,South West,no,listings not scraped,
Combe Martin Beach Holiday Park,EX34 0AS,https://www.johnfowlerholidays.com,https://www.staticcaravanparks.co.uk/parks/devon/combe-martin-beach-holiday-park,01271 883 920,,,,master_parks_working.csv (Confirmed - part of existing scraper coverage),Devon,Combe Martin,South West,yes,enquire,John Fowler Holidays
Dunscombe Manor Caravan Park,EX10 0PN,https://www.dunscombe-manor-caravan-park.co.uk,https://www.staticcaravanparks.co.uk/parks/devon/dunscombe-manor-caravan-park,01395513654,,,,master_parks_working.csv (Confirmed - ukparks.com directory),Devon,Sidmouth,South West,no,enquire,
Forest Glade Holiday Park,EX15 2DT,https://www.forest-glade.co.uk,https://www.staticcaravanparks.co.uk/parks/devon/forest-glade-holiday-park,01404 841381,,,,master_parks_working.csv (Confirmed - ukparks.com directory),Devon,Kentisbeare,South West,no,no sales found,
Harford Bridge Holiday Park,PL19 9LS,https://www.harfordbridge.co.uk,https://www.staticcaravanparks.co.uk/parks/devon/harford-bridge-holiday-park,01822810349,,,,master_parks_working.csv (Confirmed - ukparks.com directory),Devon,Peter Tavy,South West,no,no sales found,
Landscove Holiday Park,TQ5 9EP,https://www.landscoveholidays.co.uk,https://www.staticcaravanparks.co.uk/parks/devon/landscove-holiday-park,01803 221 255,,,,master_parks_working.csv (Confirmed - ukparks.com directory),Torbay,Brixham,South West,no,listings,
Lufflands Caravan Park,EX22 7PJ,http://www.lufflands.com,https://www.staticcaravanparks.co.uk/parks/devon/lufflands-caravan-park,01409 241 426,,,,master_parks_working.csv (Confirmed - ukparks.com directory),Devon,Pancrasweek,South West,no,listings,
Nichols Nymett Holiday Park,EX20 2BP,http://www.nicholsnymettholidaypark.co.uk,https://www.staticcaravanparks.co.uk/parks/devon/nichols-nymett-holiday-park,01837 824 484,,,,master_parks_working.csv (Confirmed - ukparks.com directory),Devon,North Tawton,South West,no,enquire,
North Morte Farm,EX34 7EG,https://www.northmortefarm.co.uk,https://www.staticcaravanparks.co.uk/parks/devon/north-morte-farm,01271 870 381,,,,master_parks_working.csv (Confirmed - ukparks.com directory),Devon,Mortehoe,South West,no,no sales found,
Oakdown Holiday Park,EX10 0PT,https://www.oakdown.co.uk,https://www.staticcaravanparks.co.uk/parks/devon/oakdown-holiday-park,01297 680 387,,,,master_parks_working.csv (Confirmed - ukparks.com directory),Devon,Branscombe,South West,no,listings not scraped,Oakdown
Riviera Bay Coastal Retreat,TQ5 9EJ,https://www.rivierabay.co.uk,https://www.staticcaravanparks.co.uk/parks/devon/riviera-bay-holiday-park,01872 572385,,,,master_parks_working.csv (Confirmed - ukparks.com directory),Torbay,Brixham,South West,no,listings,
Surf Bay,EX39 1HD,https://www.surfbay.co.uk,https://www.staticcaravanparks.co.uk/parks/devon/surf-bay-holiday-park,01237 471 833,,,,master_parks_working.csv (Confirmed - ukparks.com directory),Devon,Northam,South West,no,listings,
Thatches Holiday Village,PL21 0SB,http://www.thethatches.co.uk,https://www.staticcaravanparks.co.uk/parks/devon/thatches-holiday-village,01548 830346,,,,master_parks_working.csv (Confirmed - ukparks.com directory),Devon,Aveton Gifford,South West,no,enquire,
Twitchen House Holiday Park,EX34 7ES,https://www.woolacombe.co.uk/devon-holiday-parks/twitchen-house,https://www.staticcaravanparks.co.uk/parks/devon/twitchen-house-holiday-park,01271 870 343,,,,master_parks_working.csv (Confirmed - ukparks.com directory),Devon,Mortehoe,South West,no,no sales found,
Woodovis Park,PL19 8NY,https://www.woodovis.com,https://www.staticcaravanparks.co.uk/parks/devon/woodovis-park,01822 832 968,,,,master_parks_working.csv (Confirmed - for sale content found),Devon,Gulworthy,South West,no,listings not scraped,
Yeatheridge Farm Caravan Park,EX17 4TN,https://www.yeatheridge.co.uk,https://www.staticcaravanparks.co.uk/parks/devon/yeatheridge-farm-caravan-park,01884860330,,,,master_parks_working.csv (Confirmed - ukparks.com directory),Devon,Thelbridge,South West,no,no sales found,
Sandford Holiday Park,BH16 6JZ,https://www.parkdeanresorts.co.uk/,https://www.staticcaravanparks.co.uk/parks/dorset/sandford-holiday-park,01202622513,,,,master_parks_working.csv (Confirmed - ukparks.com directory),Dorset,Wareham St. Martin,South West,no,listings not scraped,Parkdean
Warmwell Holiday Park,DT2 8JE,http://www.parkdeanresorts.co.uk,https://www.staticcaravanparks.co.uk/parks/dorset/warmwell-holiday-park,01305851080,,,,master_parks_working.csv (Confirmed - ukparks.com directory),Dorset,Crossways,South West,no,blocked,Parkdean
West Bay Holiday Park,DT6 4HB,http://www.parkdeanresorts.co.uk,https://www.staticcaravanparks.co.uk/parks/dorset/west-bay-holiday-park,01308422424,,,,master_parks_working.csv (Confirmed - ukparks.com directory),Dorset,Bridport,South West,no,blocked,Parkdean
Bull Inn Caravan Park,DT2 9BZ,http://www.thebullinnswyre.co.uk/holiday-accommodation/,https://www.staticcaravanparks.co.uk/parks/dorset/bull-inn-caravan-park,01308 897 250,,,,master_parks_working.csv (Found (in original directory)),Dorset,Puncknowle,South West,no,blocked,
Cauldron Barn Farm Caravan Park,BH19 1QQ,http://www.cauldronbarncaravanpark.co.uk/,https://www.staticcaravanparks.co.uk/parks/dorset/cauldron-barn-farm-caravan-park,01929 422080,,,,master_parks_working.csv (Found (in original directory)),Dorset,Swanage,South West,no,blocked,
Chesilvista Holiday Park,DT4 9AG,https://www.watersideholidaygroup.co.uk/our-holiday-parks/chesil-vista/,https://www.staticcaravanparks.co.uk/parks/dorset/chesilvista-holiday-park,01305 773233,,,,master_parks_working.csv (Found (in original directory)),Dorset,Weymouth,South West,no,blocked,Waterside Holiday Group
Clay Pigeon Caravan Park,DT2 9PW,http://www.caravansitefinder.co.uk/parks/view/26086-clay-pigeon-caravan-park,http://www.caravansitefinder.co.uk/parks/view/26086-clay-pigeon-caravan-park,01935 83492,,,,master_parks_working.csv (Found (in original directory)),Dorset,Sydling St. Nicholas,South West,no,no sales found,
Cove Holiday Park,DT5 1HU,https://www.myholidaycaravan.co.uk,https://www.staticcaravanparks.co.uk/parks/dorset/cove-holiday-park,01305 821286,,,,master_parks_working.csv (Confirmed - real listing scraped),Dorset,Portland,South West,yes,listings not scraped,
Durdle Door Holiday Park,BH20 5PU,https://www.surfbayleisure.co.uk,https://www.staticcaravanparks.co.uk/parks/dorset/durdle-door-holiday-park,01929 400 200,,,,master_parks_working.csv (Confirmed - for sale content found),Dorset,West Lulworth,South West,no,enquire,Surf Bay Leisure
Gorselands Caravan Park,DT2 9DJ,https://www.gorselands.co.uk,https://www.staticcaravanparks.co.uk/parks/dorset/gorselands-caravan-park,01308 897 232,,,,master_parks_working.csv (Confirmed - ukparks.com directory),Dorset,Puncknowle,South West,no,blocked,
Manor Farm Caravan Park,BH20 6AW,http://www.woolsbridgemanorcaravanpark.co.uk,https://www.staticcaravanparks.co.uk/parks/dorset/manor-farm-caravan-park,01929 462 870,,,,master_parks_working.csv (Confirmed - ukparks.com directory),Dorset,East Stoke,South West,no,no sales found,
Meadowbank Holidays,BH23 2PQ,https://www.meadowbank-holidays.co.uk,https://www.staticcaravanparks.co.uk/parks/dorset/meadowbank-holidays,01202 483 597,,,,master_parks_working.csv (Confirmed - ukparks.com directory),"Bournemouth, Christchurch and Poole",Christchurch,South West,no,enquire,
Merley House Holiday Park Ltd,BH21 3AA,https://www.merleyhouse.co.uk,https://www.staticcaravanparks.co.uk/parks/dorset/merley-house-holiday-park-ltd,01202 883 283,,,,master_parks_working.csv (Confirmed - ukparks.com directory),"Bournemouth, Christchurch and Poole","Bournemouth, Christchurch and Poole, unparished area",South West,no,enquire,
Newlands Holiday Park,DT6 6RB,https://www.newlandsholidays.co.uk,https://www.staticcaravanparks.co.uk/parks/dorset/newlands-holiday-park,01297 560 259,,,,master_parks_working.csv (Confirmed - ukparks.com directory),Dorset,Stanton St. Gabriel,South West,no,enquire,
Pebble Bank Caravan Park,DT4 9HF,https://www.pebblebank.co.uk,https://www.staticcaravanparks.co.uk/parks/dorset/pebble-bank-caravan-park,01305 774 844,,,,master_parks_working.csv (Confirmed - ukparks.com directory),Dorset,Chickerell,South West,no,no sales found,
Timber Vale Caravan Park,DT7 3HG,https://www.timbervale.co.uk,https://www.staticcaravanparks.co.uk/parks/dorset/timber-vale-caravan-park,01297 442 585,,,,master_parks_working.csv (Confirmed - ukparks.com directory),Dorset,Lyme Regis,South West,no,enquire,
Woodfarm Caravan Park,DT6 6BT,https://www.parkleisure.co.uk,https://www.staticcaravanparks.co.uk/parks/dorset/woodfarm-caravan-park,01297 560697,,,,"master_parks_working.csv (Confirmed - multi-park operator (new, not yet in scraper))",Dorset,Charmouth,South West,no,blocked,Park Leisure
Firs Caravan Park,CO16 9RN,https://www.firspark.com,https://www.staticcaravanparks.co.uk/parks/essex/firs-caravan-park,01255 860 279,,,,master_parks_working.csv (Confirmed - ukparks.com directory),Essex,Little Clacton,General East,no,blocked,
Leisureglades Park,CO16 8BS,http://www.leisureglades.co.uk,https://www.staticcaravanparks.co.uk/parks/essex/leisureglades-park,01255 820028,,,,master_parks_working.csv (Found (in original directory)),Essex,St Osyth,General East,no,blocked,
Martello Beach Holiday Park,CO15 2LF,https://www.parkdeanresorts.co.uk/location/essex/martello-beach/#!#park-content,https://www.staticcaravanparks.co.uk/parks/essex/martello-beach-holiday-park,01255 820 372,,,,master_parks_working.csv (Found (in original directory)),,,,,listings,Parkdean
Waterside Holiday Park (Royale),CM0 7LY,https://www.parkdeanresorts.co.uk/location/essex/waterside/,https://www.staticcaravanparks.co.uk/parks/essex/waterside-holiday-park-royale,01621 779 248,,,,master_parks_working.csv (Found (in original directory)),Essex,St. Lawrence,General East,yes,enquire,Parkdean
Bentley Country Park,CO7 8RF,http://www.bentleycountrypark.co.uk,https://www.staticcaravanparks.co.uk/parks/essex/bentley-country-park,01255 820 517,,,,master_parks_working.csv (Found (in original directory)),Essex,Great Bentley,General East,no,enquire,
Castlehill Park,CO16 9QP,http://www.tingdene-parks.net/purchasing/park-detail/castlehill-park-,https://www.staticcaravanparks.co.uk/parks/essex/castlehill-park,,,,,master_parks_working.csv (Found (in original directory)),Essex,"Tendring, unparished area",General East,no,enquire,
Chester Chalet and Caravan Park,CO16 8BB,http://www.silverdawntouringpark.co.uk/,https://www.staticcaravanparks.co.uk/parks/essex/chester-chalet-and-caravan-park,,,,,master_parks_working.csv (Found (in original directory)),Essex,"Tendring, unparished area",General East,no,blocked,
Fen Farm Caravan Park,CO5 8FE,https://www.fenfarm.co.uk,https://www.staticcaravanparks.co.uk/parks/essex/fen-farm-caravan-park,01206 383275,,,,master_parks_working.csv (Confirmed - ukparks.com directory),Essex,East Mersea,General East,yes,enquire,
Homestead Lake Country Park,CO16 9JN,https://www.homesteadlodges.co.uk,https://www.staticcaravanparks.co.uk/parks/essex/homestead-lake-country-park,01255 830 671,,,,master_parks_working.csv (Confirmed - ukparks.com directory),Essex,Weeley,General East,no,enquire,
Hutleys Caravan Parks,CO16 8TB,https://www.hutleys.co.uk,https://www.staticcaravanparks.co.uk/parks/essex/hutleys-caravan-parks,01255 820712,,,,master_parks_working.csv (Confirmed - ukparks.com directory),Essex,St Osyth,General East,yes,enquire,
Mill Beach Seaside Resort Ltd,CM9 4RF,http://www.millbeach.com,https://www.staticcaravanparks.co.uk/parks/essex/mill-beach-seaside-resort-ltd,,,,,master_parks_working.csv (Confirmed - ukparks.com directory),Essex,Heybridge,General East,no,listings not scraped,
New Hall Lodge Park,CO12 3TS,http://www.newhalllodgepark.co.uk,https://www.staticcaravanparks.co.uk/parks/essex/new-hall-lodge-park,,,,,master_parks_working.csv (Confirmed - ukparks.com directory),Essex,Harwich,General East,yes,enquire,
Riverside Village Holiday Park,SS4 2EY,https://www.riversidevillageholidaypark.co.uk,https://www.staticcaravanparks.co.uk/parks/essex/riverside-village-holiday-park,01702 258297,,,,master_parks_working.csv (Confirmed - ukparks.com directory),Essex,Canewdon,General East,yes,enquire,
Seaview Caravan Park,CO5 8DA,https://www.seaviewcaravansales.com,https://www.staticcaravanparks.co.uk/parks/essex/seaview-caravan-park,01206 382 534,,,,master_parks_working.csv (Confirmed - for sale content found),Essex,West Mersea,General East,yes,enquire,
Cotswold Grange Country Park,GL20 6DQ,http://www.cotswoldgrange.net,https://www.staticcaravanparks.co.uk/parks/gloucestershire/cotswold-grange-country-park,01684 276 926,,,,master_parks_working.csv (Found (in original directory)),Gloucestershire,Twyning,Central England,no,listings not scraped,
Dawleys Caravan Park,GL20 6EQ,http://www.dawleyscaravanpark.co.uk,https://www.staticcaravanparks.co.uk/parks/gloucestershire/dawleys-caravan-park,01684 292 622,,,,master_parks_working.csv (Confirmed - ukparks.com directory),Gloucestershire,Twyning,Central England,no,enquire,
Mill Avon Holiday Park,GL20 5SW,https://www.millavon.com,https://www.staticcaravanparks.co.uk/parks/gloucestershire/mill-avon-holiday-park,01684 296 876,,,,master_parks_working.csv (Confirmed - ukparks.com directory),Gloucestershire,Tewkesbury,South West,no,blocked,
Sunset View Park,GL20 6DA,https://www.hollandparks.com,https://www.staticcaravanparks.co.uk/parks/gloucestershire/sunset-view-park,01684 292145,,,,master_parks_working.csv (Confirmed - ukparks.com directory),Gloucestershire,Twyning,South West,no,enquire,
Broadway Park,GU31 4NF,http://www.tingdene-parks.net/purchasing/park-detail/broadway-park-,https://www.staticcaravanparks.co.uk/parks/hampshire/broadway-park,,,,,master_parks_working.csv (Found (in original directory)),Hampshire,Petersfield,South East,no,enquire,
Carrington Park,SO41 0UQ,http://www.carringtonpark.co.uk/,https://www.staticcaravanparks.co.uk/parks/hampshire/carrington-park,01590 642 654,,,,master_parks_working.csv (Found (in original directory)),Hampshire,Milford-on-sea,South East,no,blocked,
Fishers Caravan Park,PO11 9NU,https://www.fishers-park.com,https://www.staticcaravanparks.co.uk/parks/hampshire/fishers-caravan-park,,,,,master_parks_working.csv (Confirmed - ukparks.com directory),Hampshire,"Havant, unparished area",South East,yes,listings not scraped,
Kingfisher Caravan Park,PO13 9BG,http://www.kingfisher-caravan-park.co.uk,https://www.staticcaravanparks.co.uk/parks/hampshire/kingfisher-caravan-park,02392 526 555,,,,master_parks_working.csv (Confirmed - ukparks.com directory),Hampshire,"Gosport, unparished area",South East,yes,listings,
The Rock Caravan Park,HR7 4LP,http://www.rockcaravanpark.com/,https://www.staticcaravanparks.co.uk/parks/herefordshire/the-rock-caravan-park,01299 271064,,,,master_parks_working.csv (Found (in original directory)),"Herefordshire, County of",Bromyard and Winslow,Central England,no,enquire,
Beech Park,HP23 6JF,http://www.morrisonparkhomes.co.uk/index.php?option,https://www.staticcaravanparks.co.uk/parks/hertfordshire/beech-park,07802 322 979,,,,master_parks_working.csv (Found (in original directory)),Hertfordshire,Wigginton,South East,no,blocked,
Landguard Holiday Park,PO37 7PJ,https://www.parkdeanresorts.co.uk/,https://www.staticcaravanparks.co.uk/parks/isle-of-wight/landguard-holiday-park,01983836100,,,,master_parks_working.csv (Confirmed - ukparks.com directory),Isle of Wight,Shanklin,South East,no,listings not scraped,Parkdean
Beaper Farm Camping and Caravan Park,PO33 1QJ,https://www.beaperfarm.com,https://www.staticcaravanparks.co.uk/parks/isle-of-wight/beaper-farm-camping-and-caravan-park,01983 615 210,,,,master_parks_working.csv (Confirmed - ukparks.com directory),Isle of Wight,Brading,South East,no,blocked,
Cheverton Copse Holiday Park,PO36 0JP,https://www.chevertoncopse.com,https://www.staticcaravanparks.co.uk/parks/isle-of-wight/cheverton-copse-holiday-park,01983403161,,,,master_parks_working.csv (Confirmed - ukparks.com directory),Isle of Wight,Newchurch,South East,no,no sales found,
Roebeck Country Park,PO33 4BP,https://www.roebeckcountrypark.co.uk,https://www.staticcaravanparks.co.uk/parks/isle-of-wight/roebeck-country-park,01983 562 505,,,,master_parks_working.csv (Confirmed - for sale content found),Isle of Wight,Havenstreet and Ashey,South East,no,enquire,
Rookley Country Park,PO38 3LU,https://www.awayresorts.co.uk,https://www.staticcaravanparks.co.uk/parks/isle-of-wight/rookley-country-park,01983 721606,,,,master_parks_working.csv (Confirmed - part of existing scraper coverage),Isle of Wight,Rookley,South East,no,listings not scraped,Away Resorts
St Helens Holiday Park,PO33 1UX,https://www.awayresorts.co.uk,https://www.staticcaravanparks.co.uk/parks/isle-of-wight/st-helens-holiday-park,,,,,master_parks_working.csv (Confirmed - part of existing scraper coverage),Isle of Wight,St Helens,South East,no,listings,Away Resorts
Sunnycott Caravan Park,PO31 8NN,https://www.sunnycottcaravanpark.co.uk,https://www.staticcaravanparks.co.uk/parks/isle-of-wight/sunnycott-caravan-park,,,,,master_parks_working.csv (Confirmed - ukparks.com directory),Isle of Wight,Gurnard,South East,yes,no sales found,
Waverley Park,PO32 6AW,https://www.waverley-park.co.uk,https://www.staticcaravanparks.co.uk/parks/isle-of-wight/waverley-park,,,,,master_parks_working.csv (Confirmed - ukparks.com directory),Isle of Wight,East Cowes,South East,no,no sales found,
Ashcroft Coast Holiday Park,ME12 4JH,https://www.parkdeanresorts.co.uk/location/kent-sussex/ashcroft-coast/,https://www.staticcaravanparks.co.uk/parks/kent/ashcroft-coast-holiday-park,01795 880 324,,,,master_parks_working.csv (Found (in original directory)),Kent,Eastchurch,South East,no,enquire,Parkdean
Dog and Duck Leisure Park,CT3 1JB,https://www.klpgroup.co.uk,https://www.staticcaravanparks.co.uk/parks/kent/dog-and-duck-leisure-park,01843 821 542,,,,master_parks_working.csv (Confirmed - ukparks.com directory),Kent,Stourmouth,South East,yes,enquire,
Preston Parks,CT12 5AR,http://www.prestonparks.com,https://www.staticcaravanparks.co.uk/parks/kent/preston-parks,01843 823346,236.0,,,master_parks_working.csv (Found (in original directory)),Kent,Manston,South East,no,enquire,
Shurland Dale Holiday Park,ME12 4EN,https://www.parkdeanresorts.co.uk/location/kent-sussex/shurland-dale/,https://www.staticcaravanparks.co.uk/parks/kent/shurland-dale-holiday-park,01795 220 353,,,,master_parks_working.csv (Found (in original directory)),Kent,Eastchurch,South East,no,enquire,Parkdean
Bluewater Caravan Park,CT21 6ND,http://www.bluewatercaravanpark.co.uk/default.html,https://www.staticcaravanparks.co.uk/parks/kent/bluewater-caravan-park,01303 267132,,,,master_parks_working.csv (Found (in original directory)),Kent,Hythe,South East,no,no sales found,
Bradgate Caravan Park,CT9 4LG,http://wyldecrestholidayparks.co.uk/property_location/bradgate-park/,https://www.staticcaravanparks.co.uk/parks/kent/bradgate-caravan-park,01843 823 207,232.0,,,master_parks_working.csv (Found (in original directory)),Kent,Manston,South East,no,enquire,Wyldecrest Holiday Parks
Broadhembury Caravan and Camping Park,TN26 1NQ,https://www.broadhembury.co.uk,https://www.staticcaravanparks.co.uk/parks/kent/broadhembury-caravan-and-camping-park,01233 620 859,,,,master_parks_working.csv (Confirmed - ukparks.com directory),Kent,Kingsnorth,South East,no,no sales found,
Brookside Leisure Caravan Park,ME12 4JN,http://brooksideleisure.co.uk/,https://www.staticcaravanparks.co.uk/parks/kent/brookside-leisure-caravan-park,,,,,master_parks_working.csv (Found (in original directory)),Kent,Eastchurch,South East,no,enquire,
Capel Court Park,CT18 7AZ,http://www.guardianparks.co.uk/residential-home-parks/capel-court-park/,https://www.staticcaravanparks.co.uk/parks/kent/capel-court-park,01303 253 462,,,,master_parks_working.csv (Found (in original directory)),Kent,Capel-le-Ferne,South East,yes,listings,
Cottington Lakes,CT14 0AR,http://www.cottingtonlakes.co.uk/,https://www.staticcaravanparks.co.uk/parks/kent/cottington-lakes,01304 371898,,,,master_parks_working.csv (Found (in original directory)),Kent,Sholden,South East,no,blocked,
Eden Leisure Park,ME12 4ES,https://www.edenleisurepark.com,https://www.staticcaravanparks.co.uk/parks/kent/eden-leisure-park,,,,,master_parks_working.csv (Confirmed - for sale content found),Kent,Eastchurch,South East,no,enquire,
Hollybush Farm,ME12 3QR,https://www.meadowbay.com,https://www.staticcaravanparks.co.uk/parks/kent/hollybush-farm,ME12 3QR,,,,master_parks_working.csv (Confirmed - ukparks.com directory),Kent,Minster-on-Sea,South East,no,no sales found,Meadow Bay
Marlie Farm Holiday Village,TN28 8UE,https://www.parkholidays.com,https://www.staticcaravanparks.co.uk/parks/kent/marlie-farm-holiday-village,08458 159751,,,,master_parks_working.csv (Confirmed - part of existing scraper coverage),Kent,New Romney,South East,no,enquire,Park Holidays
Nutts Farm Caravan Park,ME12 4QT,https://www.prioryhill.co.uk,https://www.staticcaravanparks.co.uk/parks/kent/nutts-farm-caravan-park,01795 510 267,,,,master_parks_working.csv (Confirmed - ukparks.com directory),Kent,Leysdown,South East,yes,listings not scraped,
Priory Hill Holiday Park,ME12 4QT,https://www.prioryhill.co.uk,https://www.staticcaravanparks.co.uk/parks/kent/priory-hill-holiday-park,01795 510267,,,,master_parks_working.csv (Confirmed - ukparks.com directory),Kent,Leysdown,South East,yes,listings not scraped,
Sandy Bay Caravan Park,CT21 4NF,https://www.sandybaypreesall.co.uk,https://www.staticcaravanparks.co.uk/parks/kent/sandy-bay-caravan-park,01303 873214,,,,master_parks_working.csv (Confirmed - for sale content found),Kent,Hythe,South East,no,enquire,Sandy Bay Preesall
Seacliff Holiday Estate,ME12 3QS,https://www.seacliffhe.co.uk,https://www.staticcaravanparks.co.uk/parks/kent/seacliff-holiday-estate,,,,,master_parks_working.csv (Confirmed - multi-park operator),Kent,Minster-on-Sea,South East,no,enquire,
Moss Wood Caravan Park,LA2 0ES,https://www.mosswood.co.uk,https://www.staticcaravanparks.co.uk/parks/lancashire/moss-wood-caravan-park,01524 791041,,,,master_parks_working.csv (Confirmed - ukparks.com directory),Lancashire,Cockerham,North West,no,listings not scraped,
Bank Lane Caravan Park,PR4 1TB,http://www.banklanecaravanpark.co.uk/,https://www.staticcaravanparks.co.uk/parks/lancashire/bank-lane-caravan-park,01772 633513,,,,master_parks_working.csv (Found (in original directory)),Lancashire,Bryning-with-Warton,North West,no,blocked,
Beacon Fell View Holiday Park,PR3 2TF,http://www.hagansleisure.co.uk/pages/index.asp?title,https://www.staticcaravanparks.co.uk/parks/lancashire/beacon-fell-view-holiday-park,01772 783 233,,,,master_parks_working.csv (Found (in original directory)),Lancashire,Longridge,North West,no,enquire,
Boothfield House Caravan Park,FY6 0HB,http://www.slynecaravanpark.co.uk/boothfield/,https://www.staticcaravanparks.co.uk/parks/lancashire/boothfield-house-caravan-park,01524 823322,,,,master_parks_working.csv (Found (in original directory)),Lancashire,Preesall,North West,no,listings not scraped,
Bridge House Marina and Caravan Park,PR3 0JJ,https://www.bridgehousemarina.co.uk,https://www.staticcaravanparks.co.uk/parks/lancashire/bridge-house-marina-and-caravan-park,01995 603 207,,,,master_parks_working.csv (Confirmed - ukparks.com directory),Lancashire,Nateby,North West,no,enquire,
Claylands Caravan Park,PR3 1AJ,http://www.claylandspark.co.uk,https://www.staticcaravanparks.co.uk/parks/lancashire/claylands-caravan-park,01524791242,,,,master_parks_working.csv (Confirmed - ukparks.com directory),Lancashire,Cabus,North West,no,listings,
Clifton Fields Caravan Park,FY4 5JU,http://www.pipersheight.co.uk/,https://www.staticcaravanparks.co.uk/parks/lancashire/clifton-fields-caravan-park,,,,,master_parks_working.csv (Found (in original directory)),Lancashire,Westby-with-Plumptons,North West,no,enquire,
Detron Gate Caravan Park,LA5 9TN,https://www.holgates.co.uk/bay-view,https://www.staticcaravanparks.co.uk/parks/lancashire/detron-gate-caravan-park,01524 701508,,,,master_parks_working.csv (Found (in original directory)),Lancashire,Bolton-le-Sands,North West,no,listings not scraped,Holgates
Falls Park,LA6 3JH,http://www.falls-park.co.uk,https://www.staticcaravanparks.co.uk/parks/lancashire/falls-park,01524 241 010,,,,master_parks_working.csv (Confirmed - ukparks.com directory),North Yorkshire,Ingleton,Yorkshire and Humber,no,no sales found,
Foxhouses Park,PR3 1DB,https://www.foxhousespark.co.uk,https://www.staticcaravanparks.co.uk/parks/lancashire/foxhouses-park,01995 603 271,,,,master_parks_working.csv (Confirmed - for sale content found),Lancashire,Nether Wyresdale,North West,no,listings,
Hackings Caravan Park,BB7 9HZ,https://www.hackingscaravanpark.co.uk,https://www.staticcaravanparks.co.uk/parks/lancashire/hackings-caravan-park,01254 822680,,,,master_parks_working.csv (Confirmed - ukparks.com directory),Lancashire,Billington and Langho,North West,no,enquire,
Hawthorns Park,LA6 1EA,https://www.hawthornscaravanpark.co.uk,https://www.staticcaravanparks.co.uk/parks/lancashire/hawthorns-park,01524 732079,,,,master_parks_working.csv (Confirmed - ukparks.com directory),Lancashire,Nether Kellet,North West,no,enquire,
Holgates Ribble Valley,BB7 4EE,https://www.parkholidays.com,https://www.staticcaravanparks.co.uk/parks/lancashire/holgates-ribble-valley,01200 445 355,,,,master_parks_working.csv (Confirmed - real listing scraped),Lancashire,Rimington,North West,no,enquire,Park Holidays
Hurlston Hall Country Caravan Park,L40 8HB,https://www.hurlstonhall.co.uk,https://www.staticcaravanparks.co.uk/parks/lancashire/hurlston-hall-country-caravan-park,01704 841064,,,,master_parks_working.csv (Confirmed - ukparks.com directory),Lancashire,Scarisbrick,North West,no,listings not scraped,
Merlewood Country Park,PR3 0YP,https://www.MerlewoodCountryPark.co.uk,https://www.staticcaravanparks.co.uk/parks/lancashire/merlewood-country-park,01995 670 317,,,,master_parks_working.csv (Confirmed - ukparks.com directory),Lancashire,Little Eccleston-with-Larbreck,North West,no,listings not scraped,
Moorlands Caravan Park,OL3 5UN,https://www.moorlandscp.co.uk,https://www.staticcaravanparks.co.uk/parks/lancashire/moorlands-caravan-park,01457 874 348,,,,master_parks_working.csv (Confirmed - ukparks.com directory),Oldham,Saddleworth,North West,no,enquire,
Morecambe Lodge Caravan Park,LA5 8JP,https://www.morecambe-lodge.co.uk,https://www.staticcaravanparks.co.uk/parks/lancashire/morecambe-lodge-caravan-park,01524 824 361,,,,master_parks_working.csv (Confirmed - ukparks.com directory),Lancashire,Bolton-le-Sands,North West,no,listings not scraped,
Mowbreck Holiday and Residential Park,PR4 3JR,https://www.mowbreckpark.co.uk,https://www.staticcaravanparks.co.uk/parks/lancashire/mowbreck-holiday-and-residential-park,01772 682 494,,,,master_parks_working.csv (Confirmed - ukparks.com directory),Lancashire,Medlar-with-Wesham,North West,no,enquire,
New England Caravan Park,LA6 1AD,https://www.newenglandcaravanpark.co.uk/,https://www.staticcaravanparks.co.uk/parks/lancashire/new-england-caravan-park,,,,,master_parks_working.csv (Confirmed - ukparks.com directory),Lancashire,Over Kellet,North West,no,no sales found,
Old Hall Caravan Park,LA6 1AD,http://www.oldhallcaravanpark.co.uk,https://www.staticcaravanparks.co.uk/parks/lancashire/old-hall-caravan-park,01524 733 276,,,,master_parks_working.csv (Confirmed - ukparks.com directory),Lancashire,Over Kellet,North West,no,blocked,
Pipers Height Caravan Park,FY4 5JT,https://www.pipersheight.co.uk,https://www.staticcaravanparks.co.uk/parks/lancashire/pipers-height-caravan-park,01253 763 767,,,,master_parks_working.csv (Confirmed - ukparks.com directory),Lancashire,Westby-with-Plumptons,North West,no,enquire,
Ribblesdale Park,BB7 4LP,https://www.ribblesdalepark.com,https://www.staticcaravanparks.co.uk/parks/lancashire/ribblesdale-park,,,,,master_parks_working.csv (Confirmed - ukparks.com directory),Lancashire,Gisburn,North West,no,enquire,
Sandside Caravan Park,LA5 8JS,https://www.sandsidecaravanpark.co.uk,https://www.staticcaravanparks.co.uk/parks/lancashire/sandside-caravan-park,,,,,master_parks_working.csv (Confirmed - ukparks.com directory),Lancashire,Bolton-le-Sands,North West,no,enquire,
South Lakeland Leisure Village,LA6 1BH,https://www.pure-leisure.co.uk,https://www.staticcaravanparks.co.uk/parks/lancashire/south-lakeland-leisure-village,,,,,master_parks_working.csv (Confirmed - ukparks.com directory),Lancashire,Warton,North West,no,listings not scraped,Pure Leisure
Todber Valley,BB7 4JJ,http://www.parkdeanresorts.co.uk,https://www.staticcaravanparks.co.uk/parks/lancashire/todber-valley,01200 445322,,,,master_parks_working.csv (Confirmed - ukparks.com directory),Lancashire,Rimington,North West,no,blocked,Parkdean
Westgate Caravan Park,LA3 3DE,https://www.westgatecaravanpark.co.uk,https://www.staticcaravanparks.co.uk/parks/lancashire/westgate-caravan-park,01524 411 448,,,,master_parks_working.csv (Confirmed - ukparks.com directory),Lancashire,Morecambe,North West,no,listings not scraped,
Wild Boar Caravan Park,PR3 0UH,https://www.wildboarcaravanpark.co.uk,https://www.staticcaravanparks.co.uk/parks/lancashire/wild-boar-caravan-park,,,,,master_parks_working.csv (Confirmed - ukparks.com directory),Lancashire,Upper Rawcliffe-with-Tarnacre,North West,no,enquire,
Wyreside Farm Park,PR3 0TZ,https://www.wyresidefarmpark.co.uk,https://www.staticcaravanparks.co.uk/parks/lancashire/wyreside-farm-park,,,,,master_parks_working.csv (Confirmed - ukparks.com directory),Lancashire,Upper Rawcliffe-with-Tarnacre,North West,no,enquire,
Charnwood Acres Caravan Park,LE6 0LU,http://www.charnwoodacres.co.uk/,https://www.staticcaravanparks.co.uk/parks/leicestershire/charnwood-acres-caravan-park,01332 792832,,,,master_parks_working.csv (Found (in original directory)),Leicestershire,Ratby,Central England,no,enquire,
Mablethorpe Chalet Park Ltd,LN12 1QN,https://tingdeneholidayparks.com,https://www.staticcaravanparks.co.uk/parks/lincolnshire/mablethorpe-chalet-park-ltd,01507 473 732,,,,master_parks_working.csv (Confirmed - part of existing scraper coverage),Lincolnshire,Mablethorpe and Sutton,Central England,no,listings,Tingdene Holiday Parks
7 Lakes Country Park,DN17 4BQ,http://www.7lakes.co.uk,https://www.staticcaravanparks.co.uk/parks/lincolnshire/7-lakes-country-park,01724 712211,,,,master_parks_working.csv (Found (in original directory)),North Lincolnshire,Crowle and Ealand,Yorkshire and Humber,no,enquire,
Anderby Springs,PE24 5XW,https://www.springsholidayestates.co.uk/AnderbySprings/index.html,https://www.staticcaravanparks.co.uk/parks/lincolnshire/anderby-springs,01754872265,,,,master_parks_working.csv (Confirmed - ukparks.com directory),Lincolnshire,Anderby,Central England,yes,blocked,Springs Holiday Estates
Annandale Caravan Park,PE25 1HS,http://www.annandalepark.co.uk/,https://www.staticcaravanparks.co.uk/parks/lincolnshire/annandale-caravan-park,07702 275622,,,,master_parks_working.csv (Found (in original directory)),Lincolnshire,Skegness,Central England,yes,blocked,
Barham Caravan Park,PE25 1JE,http://www.barhamcaravan.co.uk/,https://www.staticcaravanparks.co.uk/parks/lincolnshire/barham-caravan-park,01754 766 962,,,,master_parks_working.csv (Found (in original directory)),Lincolnshire,Ingoldmells,Central England,yes,enquire,
Baythorpe Caravan Park,PE25 2RA,https://www.baythorpepark.co.uk,https://www.staticcaravanparks.co.uk/parks/lincolnshire/baythorpe-caravan-park,01754 898 905,,,,master_parks_working.csv (Confirmed - ukparks.com directory),Lincolnshire,Skegness,Central England,yes,enquire,
Beachcomber Holiday Centre,DN36 4ET,http://www.beachcomberholidaypark.co.uk/,https://www.staticcaravanparks.co.uk/parks/lincolnshire/beachcomber-holiday-centre,01472 812 666,,,,master_parks_working.csv (Found (in original directory)),North East Lincolnshire,Humberston,Yorkshire and Humber,no,blocked,
Beachside Holiday Estate,PE24 5XP,http://www.beachsidecaravanpark.com/,https://www.staticcaravanparks.co.uk/parks/lincolnshire/beachside-holiday-estate,01754 872 261,,,,master_parks_working.csv (Found (in original directory)),Lincolnshire,Anderby,Central England,yes,no sales found,
Beacon Park Homes,PE25 1HL,http://www.beaconpark.info/home.htm,https://www.staticcaravanparks.co.uk/parks/lincolnshire/beacon-park-homes,01754 610842,,,,master_parks_working.csv (Found (in original directory)),Lincolnshire,Skegness,Central England,no,blocked,
Bell Bank Caravan Holiday Park,PE24 5TU,http://www.blueanchorleisure.co.uk/bell-bank-caravan-park/,https://www.staticcaravanparks.co.uk/parks/lincolnshire/bell-bank-caravan-holiday-park,01754 872292.,,,,master_parks_working.csv (Found (in original directory)),Lincolnshire,Chapel St. Leonards,Central England,yes,enquire,Blue Anchor Leisure
Bempton Caravan and Chalet Park,YO15 1JF,http://www.bridlingtoncaravans.com/caravan_parks/bempton-chalet-park/,https://www.staticcaravanparks.co.uk/parks/lincolnshire/bempton-caravan-and-chalet-park,,,,,master_parks_working.csv (Found (in original directory)),East Riding of Yorkshire,Bempton,Yorkshire and Humber,no,enquire,
Blue Anchor Leisure,PE25 1JE,https://blueanchorleisure.co.uk,https://www.staticcaravanparks.co.uk/parks/lincolnshire/blue-anchor-leisure,01754 897897,,,,"master_parks_working.csv (Confirmed - multi-park operator, in scraper)",Lincolnshire,Ingoldmells,Central England,yes,enquire,Blue Anchor Leisure
Blue Dolphin Caravan Park,LN12 2NX,http://www.skegness-caravans.co.uk/blue_dolphin.html,https://www.staticcaravanparks.co.uk/parks/lincolnshire/blue-dolphin-caravan-park,01754 763441,,,,master_parks_working.csv (Found (in original directory)),Lincolnshire,Mablethorpe and Sutton,Central England,yes,blocked,
Bridge Farm Caravan Park,PE22 0UG,https://www.bridgefarmcaravanpark.co.uk,https://www.staticcaravanparks.co.uk/parks/lincolnshire/bridge-farm-caravan-park,07966 452 961,,,,master_parks_working.csv (Confirmed - ukparks.com directory),Lincolnshire,Sibsey,Central England,no,no sales found,
Castaways Holiday Park,PE25 1LZ,http://castawaysholidaypark.net/,https://www.staticcaravanparks.co.uk/parks/lincolnshire/castaways-holiday-park,01754 871 382,,,,master_parks_working.csv (Found (in original directory)),Lincolnshire,Ingoldmells,Central England,yes,enquire,
Catch Water Meadow Leisure Park,PE24 5JD,http://www.catchwatermeadow.co.uk/about.php,https://www.staticcaravanparks.co.uk/parks/lincolnshire/catch-water-meadow-leisure-park,,,,,master_parks_working.csv (Found (in original directory)),Lincolnshire,Burgh le Marsh,Central England,no,blocked,
Chapel Hill Marina and Caravan Park,LN4 4QB,http://www.lodgeslincolnshire.co.uk/,https://www.staticcaravanparks.co.uk/parks/lincolnshire/chapel-hill-marina-and-caravan-park,,,,,master_parks_working.csv (Found (in original directory)),Lincolnshire,Holland Fen with Brothertoft,Central England,no,blocked,
Cherry Lea Holiday Park,PE24 4UF,http://www.cherrylea.co.uk/,https://www.staticcaravanparks.co.uk/parks/lincolnshire/cherry-lea-holiday-park,,,,,master_parks_working.csv (Found (in original directory)),Lincolnshire,Burgh le Marsh,Central England,no,blocked,
Coastfield Leisure Village,PE25 1LU,http://www.coastfieldsleisureltd.co.uk/contact-us/,https://www.staticcaravanparks.co.uk/parks/lincolnshire/coastfield-leisure-village,01754 872592,,,,master_parks_working.csv (Found (in original directory)),Lincolnshire,Ingoldmells,Central England,yes,blocked,
Coral Beach Leisure,PE25 1JW,http://www.coral-beach.co.uk/contact.php,https://www.staticcaravanparks.co.uk/parks/lincolnshire/coral-beach-leisure,01754 872 402,,,,master_parks_working.csv (Found (in original directory)),Lincolnshire,Ingoldmells,Central England,yes,enquire,
Country Meadows Holiday Park,PE25 1LZ,https://www.countrymeadows.co.uk,https://www.staticcaravanparks.co.uk/parks/lincolnshire/country-meadows-holiday-park,01754 874455,,,,master_parks_working.csv (Confirmed - ukparks.com directory),Lincolnshire,Ingoldmells,Central England,yes,listings not scraped,
Croft Bank Holiday Park,PE24 4RE,https://www.blueanchorleisure.co.uk,https://www.staticcaravanparks.co.uk/parks/lincolnshire/croft-bank-holiday-park,01754 763 887,,,,master_parks_working.csv (Confirmed - ukparks.com directory),Lincolnshire,Croft,Central England,no,enquire,Blue Anchor Leisure
Elmhirst Lakes,LN9 5LU,https://www.elmhirstlakes.co.uk,https://www.staticcaravanparks.co.uk/parks/lincolnshire/elmhirst-lakes,01507527533,,,,master_parks_working.csv (Confirmed - ukparks.com directory),Lincolnshire,Horncastle,Central England,no,blocked,
Fantasy Island Sunnymede Caravan Park,PE25 1RH,https://www.fantasyislandcaravansales.co.uk,https://www.staticcaravanparks.co.uk/parks/lincolnshire/fantasy-island-sunnymede-caravan-park,01754 872 020,,,,master_parks_working.csv (Confirmed - for sale content found),Lincolnshire,Ingoldmells,Central England,yes,listings not scraped,
Golden Anchor Caravan Park,PE24 5TU,https://www.blueanchorleisure.co.uk,https://www.staticcaravanparks.co.uk/parks/lincolnshire/golden-anchor-caravan-park,01754 872292,,,,master_parks_working.csv (Confirmed - ukparks.com directory),Lincolnshire,Chapel St. Leonards,Central England,yes,enquire,Blue Anchor Leisure
Golden Beach Holiday Park,PE25 1LT,https://www.golden-beach.co.uk,https://www.staticcaravanparks.co.uk/parks/lincolnshire/golden-beach-holiday-park,01754 873 000,,,,master_parks_working.csv (Website found - sale relevance unconfirmed),Lincolnshire,Ingoldmells,Central England,yes,listings,Golden Beach
Golden Palm Resort,PE24 5TR,https://www.goldenpalmresort.co.uk,https://www.staticcaravanparks.co.uk/parks/lincolnshire/golden-palm-resort,,,,,master_parks_working.csv (Confirmed - ukparks.com directory),Lincolnshire,Chapel St. Leonards,Central England,yes,listings,
Highgate Park,LN12 2RY,https://www.highgate-park.co.uk,https://www.staticcaravanparks.co.uk/parks/lincolnshire/highgate-park,,,,,master_parks_working.csv (Confirmed - ukparks.com directory),Lincolnshire,Mablethorpe and Sutton,Central England,yes,listings not scraped,
Holivans,LN12 1HQ,https://www.holivans.co.uk,https://www.staticcaravanparks.co.uk/parks/lincolnshire/holivans,01507 473 327,,,,master_parks_working.csv (Confirmed - ukparks.com directory),Lincolnshire,Mablethorpe and Sutton,Central England,yes,blocked,
Mermaid Caravan Park,LN12 2NX,http://mermaidcaravanpark.wixsite.com/mermaid,https://www.staticcaravanparks.co.uk/parks/lincolnshire/mermaid-caravan-park,,,,,master_parks_working.csv (Confirmed - ukparks.com directory),Lincolnshire,Mablethorpe and Sutton,Central England,yes,blocked,
Merryfield Caravan Park,PE24 5TL,https://www.coastfields.co.uk,https://www.staticcaravanparks.co.uk/parks/lincolnshire/merryfield-caravan-park,,,,,master_parks_working.csv (Confirmed - part of existing scraper coverage),Lincolnshire,Chapel St. Leonards,Central England,yes,listings not scraped,Coastfields Leisure
Millfields Caravan Park,PE25 1JH,https://www.blueanchorleisure.co.uk,https://www.staticcaravanparks.co.uk/parks/lincolnshire/millfields-caravan-park,,,,,master_parks_working.csv (Confirmed - ukparks.com directory),Lincolnshire,Addlethorpe,Central England,yes,enquire,Blue Anchor Leisure
Orchard Park,PE20 3QU,https://www.orchardpark.co.uk,https://www.staticcaravanparks.co.uk/parks/lincolnshire/orchard-park,01205 290 328,,,,master_parks_working.csv (Confirmed - ukparks.com directory),Lincolnshire,Frampton,Central England,no,no sales found,
Priory Caravan Park,YO16 7BA,https://www.blueanchorleisure.co.uk,https://www.staticcaravanparks.co.uk/parks/lincolnshire/priory-caravan-park,,,,,master_parks_working.csv (Confirmed - ukparks.com directory),East Riding of Yorkshire,Bridlington,Yorkshire and Humber,no,enquire,Blue Anchor Leisure
Sandfield Holiday Centre,PE24 5TP,https://www.coastfields.co.uk,https://www.staticcaravanparks.co.uk/parks/lincolnshire/sandfield-holiday-centre,,,,,master_parks_working.csv (Confirmed - part of existing scraper coverage),Lincolnshire,Chapel St. Leonards,Central England,yes,listings not scraped,Coastfields Leisure
Seacroft Holiday Estates,LN12 2PN,https://www.seacroftcaravanpark.co.uk,https://www.staticcaravanparks.co.uk/parks/lincolnshire/seacroft-holiday-estates,,,,,master_parks_working.csv (Confirmed - ukparks.com directory),Lincolnshire,Mablethorpe and Sutton,Central England,yes,enquire,
Short Ferry Caravan Park,LN3 4HU,http://www.shortferry.co.uk,https://www.staticcaravanparks.co.uk/parks/lincolnshire/short-ferry-caravan-park,01526 398 021,,,,master_parks_working.csv (Confirmed - ukparks.com directory),Lincolnshire,Fiskerton,Central England,no,enquire,
Smallgrove Caravan Park,PE25 1NU,https://www.coastfields.co.uk,https://www.staticcaravanparks.co.uk/parks/lincolnshire/smallgrove-caravan-park,01754 872 519,,,,master_parks_working.csv (Confirmed - real listing scraped),Lincolnshire,Ingoldmells,Central England,yes,listings not scraped,Coastfields Leisure
Stows Manor Farm Caravan Park,PE25 1HY,https://www.manorfarmcaravanpark.co.uk,https://www.staticcaravanparks.co.uk/parks/lincolnshire/stows-manor-farm-caravan-park,,,,,master_parks_working.csv (Confirmed - ukparks.com directory),Lincolnshire,Skegness,Central England,no,no sales found,
Sutton Springs Holiday Estate,LN12 2PZ,https://www.springsholidayestates.co.uk,https://www.staticcaravanparks.co.uk/parks/lincolnshire/sutton-springs-holiday-estate,,,,,master_parks_working.csv (Confirmed - ukparks.com directory),Lincolnshire,Mablethorpe and Sutton,Central England,yes,no sales found,Springs Holiday Estates
Swallow Park Caravan Site,LN12 1QG,https://www.swallowpark.co.uk,https://www.staticcaravanparks.co.uk/parks/lincolnshire/swallow-park-caravan-site,,,,,master_parks_working.csv (Confirmed - ukparks.com directory),Lincolnshire,Mablethorpe and Sutton,Central England,no,no sales found,
The Chase Caravan Park,PE25 1LZ,https://www.blueanchorleisure.co.uk,https://www.staticcaravanparks.co.uk/parks/lincolnshire/the-chase-caravan-park,,,,,master_parks_working.csv (Confirmed - ukparks.com directory),Lincolnshire,Ingoldmells,Central England,yes,enquire,Blue Anchor Leisure
The Deepings Caravan Park,PE6 8LQ,https://www.thedeepings.com,https://www.staticcaravanparks.co.uk/parks/lincolnshire/the-deepings-caravan-park,01778 344 335,,,,master_parks_working.csv (Confirmed - ukparks.com directory),Lincolnshire,Market Deeping,Central England,no,blocked,
The Grange Caravan Park,PE25 1LZ,https://www.blueanchorleisure.co.uk,https://www.staticcaravanparks.co.uk/parks/lincolnshire/the-grange-caravan-park,,,,,master_parks_working.csv (Confirmed - ukparks.com directory),Lincolnshire,Ingoldmells,Central England,yes,enquire,Blue Anchor Leisure
Tomlinsons Leisure Park Ltd,PE24 5TL,https://www.tomlinsons-leisure.co.uk,https://www.staticcaravanparks.co.uk/parks/lincolnshire/tomlinsons-leisure-park-ltd,01754 872 241,,,,master_parks_working.csv (Confirmed - ukparks.com directory),Lincolnshire,Chapel St. Leonards,Central England,yes,listings not scraped,
Torksey Caravan Park,LN1 2EJ,https://www.qualitycaravans.com,https://www.staticcaravanparks.co.uk/parks/lincolnshire/torksey-caravan-park,,,,,master_parks_working.csv (Confirmed - ukparks.com directory),Lincolnshire,Fenton,Central England,no,no sales found,
Towervans Caravan Park,LN12 2NX,https://www.blueanchorleisure.co.uk,https://www.staticcaravanparks.co.uk/parks/lincolnshire/towervans-caravan-park,01507 472 459,,,,master_parks_working.csv (Confirmed - ukparks.com directory),Lincolnshire,Mablethorpe and Sutton,Central England,yes,enquire,Blue Anchor Leisure
Trusthorpe Springs Leisure Park,LN12 2QQ,https://www.springsholidayestates.co.uk/TrusthorpeSprings/index.html,https://www.staticcaravanparks.co.uk/parks/lincolnshire/trusthorpe-springs-leisure-park,01507 441 384,,,,master_parks_working.csv (Confirmed - ukparks.com directory),Lincolnshire,Mablethorpe and Sutton,Central England,no,blocked,Springs Holiday Estates
White Swan Caravan Park,LN1 2EJ,https://www.qualitycaravans.com,https://www.staticcaravanparks.co.uk/parks/lincolnshire/white-swan-caravan-park,,,,,master_parks_working.csv (Confirmed - ukparks.com directory),Lincolnshire,Fenton,Central England,no,no sales found,
Formby Point Caravan Park,L37 2EB,https://www.formbypointcaravanpark.co.uk,https://www.staticcaravanparks.co.uk/parks/merseyside/formby-point-caravan-park,01704 874 367,,,,master_parks_working.csv (Confirmed - ukparks.com directory),Sefton,Formby,North West,no,blocked,
Leakes Caravan Park,NR27 9NH,http://www.leakescaravanpark.co.uk,https://www.staticcaravanparks.co.uk/parks/norfolk/leakes-caravan-park,01263515807,,,,master_parks_working.csv (Found (in original directory)),Norfolk,Runton,General East,yes,listings not scraped,
Pioneer Holiday Park,PE31 7BB,https://www.pioneercaravans.co.uk,https://www.staticcaravanparks.co.uk/parks/norfolk/pioneer-holiday-park,01485 570 372,,,,master_parks_working.csv (Confirmed - ukparks.com directory),Norfolk,Heacham,General East,no,listings not scraped,
Summerfields Holiday Park,NR29 3NW,https://www.parkdeanresorts.co.uk/,https://www.staticcaravanparks.co.uk/parks/norfolk/summerfields-holiday-park,01493731419,,,,master_parks_working.csv (Confirmed - ukparks.com directory),Norfolk,Ormesby St. Margaret with Scratby,General East,no,listings not scraped,Parkdean
4 Shores Caravan Park,PE36 5BA,http://www.mcdonnellcaravans.co.uk/pages/park-locations/hunstanton-4shores-the-promenade.php,https://www.staticcaravanparks.co.uk/parks/norfolk/4-shores-caravan-park,01485 535 961,,,,master_parks_working.csv (Found (in original directory)),Norfolk,Hunstanton,General East,no,blocked,McDonnell Caravans
Bacton Road Caravan Park,NR28 0RA,http://www.thedreamlodgegroup.co.uk/our-locations/norfolk-park/overview/,https://www.staticcaravanparks.co.uk/parks/norfolk/bacton-road-caravan-park,01279 905 851,,,,master_parks_working.csv (Found (in original directory)),Norfolk,North Walsham,General East,no,no sales found,
Beach Caravan Park,PE31 7RB,https://www.myholidaycaravan.co.uk,https://www.staticcaravanparks.co.uk/parks/norfolk/beach-caravan-park,,,,,master_parks_working.csv (Confirmed - real listing scraped),Norfolk,Snettisham,General East,no,listings not scraped,
Beeston Regis Caravan Park,NR27 9QZ,http://www.beestonregis.co.uk/,https://www.staticcaravanparks.co.uk/parks/norfolk/beeston-regis-caravan-park,01263 823614,,,,master_parks_working.csv (Found (in original directory)),Norfolk,Beeston Regis,General East,yes,listings,
Broadland SA Ltd,NR14 8NG,http://www.broadlandsun.co.uk/,https://www.staticcaravanparks.co.uk/parks/norfolk/broadland-sa-ltd,07823 405582,,,,master_parks_working.csv (Found (in original directory)),Norfolk,Stoke Holy Cross,General East,no,no sales found,
Bureside Holiday Park,NR29 3BW,http://bureside.com/,https://www.staticcaravanparks.co.uk/parks/norfolk/bureside-holiday-park,01493 369 233,,,,master_parks_working.csv (Found (in original directory)),Norfolk,Ashby with Oby,General East,yes,no sales found,
Burgh Castle Marina and Caravan Park,NR31 9PZ,http://www.burghcastlemarina.co.uk/,https://www.staticcaravanparks.co.uk/parks/norfolk/burgh-castle-marina-and-caravan-park,01493 780 331,,,,master_parks_working.csv (Found (in original directory)),Norfolk,Burgh Castle,General East,yes,blocked,
Burgh Hall Holiday Park,NR31 9EP,http://www.burghhallholidaypark.co.uk,https://www.staticcaravanparks.co.uk/parks/norfolk/burgh-hall-holiday-park,01493780847,,,,master_parks_working.csv (Confirmed - ukparks.com directory),Norfolk,Burgh Castle,General East,yes,no sales found,
Cable Gap Holiday Park,NR12 0EW,http://www.cablegap.co.uk/,https://www.staticcaravanparks.co.uk/parks/norfolk/cable-gap-holiday-park,01692 650436,,,,master_parks_working.csv (Found (in original directory)),Norfolk,Bacton,General East,yes,blocked,
Forest Park Caravan Site,NR27 0JR,https://www.forestpark.co.uk,https://www.staticcaravanparks.co.uk/parks/norfolk/forest-park-caravan-site,01263 513290,,,,master_parks_working.csv (Confirmed - ukparks.com directory),Norfolk,Northrepps,General East,no,no sales found,
Friary Farm Caravan Park,NR25 7NW,https://www.friaryfarm.co.uk,https://www.staticcaravanparks.co.uk/parks/norfolk/friary-farm-caravan-park,01263 740 393,,,,master_parks_working.csv (Confirmed - ukparks.com directory),Norfolk,Blakeney,General East,yes,enquire,
Ivy Farm Holiday Park,NR27 0AB,https://www.ivy-farm.co.uk,https://www.staticcaravanparks.co.uk/parks/norfolk/ivy-farm-holiday-park,01263579239,,,,master_parks_working.csv (Confirmed - ukparks.com directory),Norfolk,Overstrand,General East,no,no sales found,
Kelling Heath Holiday Park,NR25 7HW,https://www.kellingheath.co.uk,https://www.staticcaravanparks.co.uk/parks/norfolk/kelling-heath-holiday-park,01263 588 181,,,,master_parks_working.csv (Confirmed - ukparks.com directory),Norfolk,Weybourne,General East,yes,listings not scraped,
Kiln Cliffs Mundesley Ltd,NR11 8DF,http://www.kilncliffcaravanpark.co.uk,https://www.staticcaravanparks.co.uk/parks/norfolk/kiln-cliffs-mundesley-ltd,01263 72 449,,,,master_parks_working.csv (Confirmed - ukparks.com directory),Norfolk,Mundesley,General East,yes,no sales found,
Laburnum Caravan Park,NR27 9QP,https://www.laburnumcaravanpark.co.uk,https://www.staticcaravanparks.co.uk/parks/norfolk/laburnum-caravan-park,01263 837473,,,,master_parks_working.csv (Confirmed - ukparks.com directory),Norfolk,Runton,General East,yes,blocked,
Langmere Lakes,NR10 3BP,https://www.langmerelakes.co.uk,https://www.staticcaravanparks.co.uk/parks/norfolk/langmere-lakes,1263 512 140,,,,master_parks_working.csv (Confirmed - ukparks.com directory),Norfolk,Hainford,General East,no,enquire,
Long Acres Holiday Home Park,PE31 7BA,https://www.heachamholidays.com,https://www.staticcaravanparks.co.uk/parks/norfolk/long-acres-holiday-home-park,01485 572206,,,,master_parks_working.csv (Confirmed - ukparks.com directory),Norfolk,Heacham,General East,no,listings not scraped,Heacham Holidays
Meadows Caravan Park Ltd,PE31 7LD,https://www.mcdonnellcaravans.co.uk,https://www.staticcaravanparks.co.uk/parks/norfolk/meadows-caravan-park-ltd,01485 572206,,,,master_parks_working.csv (Confirmed - ukparks.com directory),Norfolk,Heacham,General East,no,listings,McDonnell Caravans
Newport Caravan Park,NR29 4NW,https://www.newportcaravanpark.co.uk,https://www.staticcaravanparks.co.uk/parks/norfolk/newport-caravan-park,,,,,master_parks_working.csv (Confirmed - ukparks.com directory),Norfolk,Hemsby,General East,no,blocked,
Pinewood Caravan Park,NR27 9JN,https://www.pinewoodcaravanpark.com,https://www.staticcaravanparks.co.uk/parks/norfolk/pinewood-caravan-park,,,,,master_parks_working.csv (Confirmed - ukparks.com directory),Norfolk,Cromer,General East,no,listings not scraped,
Pinewoods Holiday Park,NR23 1DR,https://www.pinewoods.co.uk,https://www.staticcaravanparks.co.uk/parks/norfolk/pinewoods-holiday-park,01328 710 439,,,,master_parks_working.csv (Confirmed - ukparks.com directory),Norfolk,Wells-next-the-Sea,General East,yes,no sales found,
Putting Green Caravan Park,PE31 7AR,http://www.heachamholidays.com,https://www.staticcaravanparks.co.uk/parks/norfolk/putting-green-caravan-park,,,,,master_parks_working.csv (Confirmed - ukparks.com directory),Norfolk,Heacham,General East,no,listings not scraped,Heacham Holidays
Red House Chalet and Caravan Park,NR12 0JB,http://www.redhousechalets.co.uk,https://www.staticcaravanparks.co.uk/parks/norfolk/red-house-chalet-and-caravan-park,01692650815,,,,master_parks_working.csv (Confirmed - ukparks.com directory),Norfolk,Bacton,General East,yes,enquire,
Riverside Holiday Home Park,PE31 7AR,https://www.heachamholidays.com,https://www.staticcaravanparks.co.uk/parks/norfolk/riverside-holiday-home-park,01485 570 676,,,,master_parks_working.csv (Confirmed - ukparks.com directory),Norfolk,Heacham,General East,no,listings not scraped,Heacham Holidays
Roman Camp Caravan Park,NR27 9ND,https://www.romancampcaravanpark.co.uk,https://www.staticcaravanparks.co.uk/parks/norfolk/roman-camp-caravan-park,,,,,master_parks_working.csv (Confirmed - ukparks.com directory),Norfolk,Aylmerton,General East,yes,listings not scraped,
Sandy Gulls Caravan Park,NR11 8DF,https://www.sandygulls.co.uk,https://www.staticcaravanparks.co.uk/parks/norfolk/sandy-gulls-caravan-park,,,,,master_parks_working.csv (Confirmed - ukparks.com directory),Norfolk,Mundesley,General East,yes,no sales found,
Shepherds Port,PE31 7RB,https://www.mcdonnellcaravans.co.uk,https://www.staticcaravanparks.co.uk/parks/norfolk/shepherds-port,,,,,master_parks_working.csv (Confirmed - ukparks.com directory),Norfolk,Snettisham,General East,no,listings,McDonnell Caravans
Tall Trees Caravan Park,PE31 7AS,http://www.talltreesheacham.co.uk,https://www.staticcaravanparks.co.uk/parks/norfolk/tall-trees-caravan-park,01485 570 361,,,,master_parks_working.csv (Confirmed - ukparks.com directory),Norfolk,Heacham,General East,no,enquire,
Tuddenham Caravan Park,NR29 3QW,https://www.tuddenhamcaravanpark.co.uk,https://www.staticcaravanparks.co.uk/parks/norfolk/tuddenham-caravan-park,01493 730 845,,,,master_parks_working.csv (Confirmed - ukparks.com directory),Norfolk,Ormesby St. Margaret with Scratby,General East,no,enquire,
Waveney River Centre Park,NR34 0BT,https://tingdeneholidayparks.com,https://www.staticcaravanparks.co.uk/parks/norfolk/waveney-river-centre-park,,,,,master_parks_working.csv (Confirmed - part of existing scraper coverage),Norfolk,Burgh St. Peter,General East,no,listings not scraped,Tingdene Holiday Parks
Waveney Valley Lakes,IP20 0EJ,https://www.waveneyvalleylakes.co.uk,https://www.staticcaravanparks.co.uk/parks/norfolk/waveney-valley-lakes,01986 788 676,,,,master_parks_working.csv (Confirmed - ukparks.com directory),Norfolk,Wortwell,General East,no,enquire,
White Horse Caravan Park,PE36 6LH,https://www.mcdonnellcaravans.co.uk,https://www.staticcaravanparks.co.uk/parks/norfolk/white-horse-caravan-park,,388.0,,,master_parks_working.csv (Confirmed - ukparks.com directory),Norfolk,Holme next the Sea,General East,yes,listings,McDonnell Caravans
Woodhill Park,NR27 9PX,https://www.woodhill-park.com,https://www.staticcaravanparks.co.uk/parks/norfolk/woodhill-park,01263 512 242,,,,master_parks_working.csv (Confirmed - ukparks.com directory),Norfolk,Runton,General East,yes,listings not scraped,
Woodlands Caravan Park,NR26 8TU,https://www.woodlandscaravanpark.co.uk,https://www.staticcaravanparks.co.uk/parks/norfolk/woodlands-caravan-park,01263 823 802,,,,master_parks_working.csv (Confirmed - ukparks.com directory),Norfolk,Bodham,General East,no,listings not scraped,
Cogenhoe Mill Holiday Park,NN7 1NA,https://www.meadowbay.com,https://www.staticcaravanparks.co.uk/parks/northamptonshire/cogenhoe-mill-holiday-park,01604 890 579,,,,master_parks_working.csv (Confirmed - ukparks.com directory),West Northamptonshire,Cogenhoe and Whiston,Central England,no,no sales found,Meadow Bay
Cosgrove Leisure Park,MK19 7JP,http://www.cosgrovepark.co.uk,https://www.staticcaravanparks.co.uk/parks/northamptonshire/cosgrove-leisure-park,01908 563 360,,,,master_parks_working.csv (Found (in original directory)),West Northamptonshire,Cosgrove,Central England,no,enquire,
Whitehill Caravan Park,BT44 0HG,http://www.whitehillcaravans.com,https://www.staticcaravanparks.co.uk/parks/northern-ireland/whitehill-caravan-park,02828 885533,,,,master_parks_working.csv (Confirmed - ukparks.com directory),Mid and East Antrim,Mid and East Antrim,Northern Ireland,no,enquire,
Annalong Holiday Park,BT34 4TJ,https://www.chestnuttholidayparks.com/,https://www.staticcaravanparks.co.uk/parks/northern-ireland/annalong-caravan-park,02843 768 248,,,,classify_new_batch.py (not in original reference table),"Newry, Mourne and Down","Newry, Mourne and Down",Northern Ireland,no,enquire,Chestnutt Holiday Parks
Ballyferris Holiday Park,BT22 2LA,https://www.sandycove.co.uk,https://www.staticcaravanparks.co.uk/parks/northern-ireland/ballyferris-holiday-park,02842758200,,,,master_parks_working.csv (Confirmed - ukparks.com directory),Ards and North Down,Ards and North Down,Northern Ireland,no,listings not scraped,Sandy Cove
Ballyhalbert Holiday Park,BT22 1BJ,http://www.lifestylehomesireland.com/package/ballyhalbert-holiday-park/,https://www.staticcaravanparks.co.uk/parks/northern-ireland/ballyhalbert-holiday-park,02891 464 323,,,,master_parks_working.csv (Found (in original directory)),Ards and North Down,Ards and North Down,Northern Ireland,no,blocked,
Ballyness Caravan Park,BT57 8TN,http://www.ballynesscaravanpark.com/,https://www.staticcaravanparks.co.uk/parks/northern-ireland/ballyness-caravan-park,028 2073 2393,,,,master_parks_working.csv (Found (in original directory)),Causeway Coast and Glens,Causeway Coast and Glens,Northern Ireland,no,enquire,
Ballywhiskin Caravan and Camping Park,BT22 2LY,http://www.ballywhiskincaravanandcamping.com/,https://www.staticcaravanparks.co.uk/parks/northern-ireland/ballywhiskin-caravan-and-camping-park,023 9186 2262,,,,master_parks_working.csv (Found (in original directory)),Ards and North Down,Ards and North Down,Northern Ireland,no,blocked,
Blairs Caravan Park,BT56 8EW,http://blairscaravans.com/,https://www.staticcaravanparks.co.uk/parks/northern-ireland/blairs-caravan-park,02870 823537,,,,master_parks_working.csv (Found (in original directory)),Causeway Coast and Glens,Causeway Coast and Glens,Northern Ireland,no,blocked,
Bonnys Caravan Park,BT33 0PD,http://www.bonnys.net/,https://www.staticcaravanparks.co.uk/parks/northern-ireland/bonnys-caravan-park,+44 (0)28 4372 2351,,,,master_parks_working.csv (Found (in original directory)),"Newry, Mourne and Down","Newry, Mourne and Down",Northern Ireland,no,blocked,
Carrick Dhu Caravan Park,BT56 8LS,https://www.causewaycoastandglens.gov.uk/see-do/caravan-parks/carrick-dhu-caravan-park,https://www.staticcaravanparks.co.uk/parks/northern-ireland/carrick-dhu-caravan-park,02870 823 712,,,,master_parks_working.csv (Found (in original directory)),Causeway Coast and Glens,Causeway Coast and Glens,Northern Ireland,no,no sales found,
Castle Archdale Caravan Park,BT94 1PP,http://www.castlearchdale.com/,https://www.staticcaravanparks.co.uk/parks/northern-ireland/castle-archdale-caravan-park,02868 621 333,,,,master_parks_working.csv (Found (in original directory)),Fermanagh and Omagh,Fermanagh and Omagh,Northern Ireland,no,no sales found,
Chestnutt Caravan Park,BT34 4LW,http://www.chestnuttholidayparks.com/,https://www.staticcaravanparks.co.uk/parks/northern-ireland/chestnutt-caravan-park,02841 762 653,,,,master_parks_working.csv (Found (in original directory)),"Newry, Mourne and Down","Newry, Mourne and Down",Northern Ireland,no,enquire,Chestnutt Holiday Parks
Clareview Leisure Park,BT93 1RF,http://www.clareviewleisure.com/,https://www.staticcaravanparks.co.uk/parks/northern-ireland/clareview-leisure-park,02868631588,,,,master_parks_working.csv (Found (in original directory)),Fermanagh and Omagh,Fermanagh and Omagh,Northern Ireland,no,blocked,
Cloughey Holiday Village,BT22 1JB,http://www.lifestylehomesireland.com/package/cloughey-holiday-park/,https://www.staticcaravanparks.co.uk/parks/northern-ireland/cloughey-holiday-village,,,,,master_parks_working.csv (Found (in original directory)),Ards and North Down,Ards and North Down,Northern Ireland,no,blocked,
Cranfield Holiday Park,BT34 4LJ,http://www.cranfieldcaravanpark.co.uk/,https://www.staticcaravanparks.co.uk/parks/northern-ireland/cranfield-holiday-park,02841762572,,,,master_parks_working.csv (Found (in original directory)),"Newry, Mourne and Down","Newry, Mourne and Down",Northern Ireland,no,blocked,
Cushendun Caravan Site,BT44 0PX,http://www.glenscoastcaravanparks.com,https://www.staticcaravanparks.co.uk/parks/northern-ireland/cushendun-caravan-site,028 217 612 54,,,,master_parks_working.csv (Found (in original directory)),Causeway Coast and Glens,Causeway Coast and Glens,Northern Ireland,no,enquire,
Deighans Caravan Park Deacons Caravans,BT49 0LQ,http://deighanscaravans.com/,https://www.staticcaravanparks.co.uk/parks/northern-ireland/deighans-caravan-park-deacons-caravans,02877 750 557,,,,master_parks_working.csv (Found (in original directory)),Causeway Coast and Glens,Causeway Coast and Glens,Northern Ireland,no,no sales found,
Hilltop Holiday Park,BT56 8PD,https://www.blairsholidayparks.com,https://www.staticcaravanparks.co.uk/parks/northern-ireland/hilltop-holiday-park,0287082 3537,,,,master_parks_working.csv (Confirmed - multi-park operator),Causeway Coast and Glens,Causeway Coast and Glens,Northern Ireland,no,enquire,
Murlough Cottage Caravan Park,BT33 0LN,https://www.murloughcottage.com,https://www.staticcaravanparks.co.uk/parks/northern-ireland/murlough-cottage-caravan-park,02843 722 906,,,,master_parks_working.csv (Confirmed - ukparks.com directory),"Newry, Mourne and Down","Newry, Mourne and Down",Northern Ireland,no,blocked,
Ringbuoy Caravan Park,BT22 1JD,https://www.facebook.com/ringbuoycaravanpark,https://www.staticcaravanparks.co.uk/parks/northern-ireland/ringbuoy-caravan-park,,,,,master_parks_working.csv (Confirmed - ukparks.com directory),Ards and North Down,Ards and North Down,Northern Ireland,no,blocked,
Rockmore Caravan Park,BT22 2PJ,https://www.rockmorecaravanpark.co.uk,https://www.staticcaravanparks.co.uk/parks/northern-ireland/rockmore-caravan-park,,,,,master_parks_working.csv (Confirmed - ukparks.com directory),Ards and North Down,Ards and North Down,Northern Ireland,no,no sales found,
Sandycove Holiday Park,BT22 2JZ,https://www.sandycove.co.uk,https://www.staticcaravanparks.co.uk/parks/northern-ireland/sandycove-holiday-park,02842758200,,,,master_parks_working.csv (Confirmed - ukparks.com directory),Ards and North Down,Ards and North Down,Northern Ireland,no,listings not scraped,Sandy Cove
Sunnyholme Caravan Park,BT33 0JY,https://www.bonnys.net,https://www.staticcaravanparks.co.uk/parks/northern-ireland/sunnyholme-caravan-park,02843 722739,,,,master_parks_working.csv (Confirmed - ukparks.com directory),"Newry, Mourne and Down","Newry, Mourne and Down",Northern Ireland,no,blocked,
Allendale Caravan Park,NE47 9QF,http://www.allendale-holidays.co.uk/,https://www.staticcaravanparks.co.uk/parks/northumberland/allendale-caravan-park,01434 683 362,,,,master_parks_working.csv (Found (in original directory)),Northumberland,Allendale,North East,no,blocked,
Amble Links Coastal Retreat & Holiday Park,NE65 0SD,https://www.parklink.uk,https://www.staticcaravanparks.co.uk/parks/northumberland/amble-links-coastal-retreat-holiday-park,0808 231 5572,,,,classify_new_batch.py (not in original reference table),Northumberland,Amble by the Sea,North East,yes,listings,
Beadnell Bay Caravan Park Ltd,NE67 5BX,https://www.beadnellbaycaravanpark.co.uk,https://www.staticcaravanparks.co.uk/parks/northumberland/beadnell-bay-caravan-park-ltd,01665 720526,,,,master_parks_working.csv (Confirmed - ukparks.com directory),,,,,no sales found,
Beadnell Hall Caravan Park,NE67 5AT,http://beadnellhall.co.uk/,https://www.staticcaravanparks.co.uk/parks/northumberland/beadnell-hall-caravan-park,,,,,master_parks_working.csv (Found (in original directory)),Northumberland,Beadnell,North East,no,no sales found,
Bluebell Farm Caravan Park,NE70 7QE,http://www.bluebellfarmbelford.com/,https://www.staticcaravanparks.co.uk/parks/northumberland/bluebell-farm-caravan-park,01668 213362,,,,master_parks_working.csv (Found (in original directory)),Northumberland,Belford,North East,no,blocked,
Border Forest Caravan Park,NE19 1TF,http://www.borderforest.com/,https://www.staticcaravanparks.co.uk/parks/northumberland/border-forest-caravan-park,01830 520 259,,,,master_parks_working.csv (Found (in original directory)),Northumberland,Rochester,North East,no,enquire,
Budle Newton Caravan Park,NE70 7EE,http://www.budlebaycampsite.co.uk/,https://www.staticcaravanparks.co.uk/parks/northumberland/budle-newton-caravan-park,01668 214 598,,,,master_parks_working.csv (Found (in original directory)),Northumberland,Belford,North East,no,blocked,
Clearsky Lodge Park,NE48 1EL,http://www.clearskylodgekielder.co.uk,https://www.staticcaravanparks.co.uk/parks/northumberland/clearsky-lodge-park,01434 250251,,,,master_parks_working.csv (Confirmed - ukparks.com directory),Northumberland,Kielder,North East,no,enquire,
Coquet Moor Caravan Park,NE65 9AL,https://www.coquetmoor.co.uk,https://www.staticcaravanparks.co.uk/parks/northumberland/coquet-moor-caravan-park,01665 713 786,,,,master_parks_working.csv (Confirmed - ukparks.com directory),Northumberland,Warkworth,North East,no,enquire,
Coquet View Holiday Park,NE65 0SW,http://www.coquetviewpark.co.uk/,https://www.staticcaravanparks.co.uk/parks/northumberland/coquet-view-holiday-park,01665 712 721,,,,master_parks_working.csv (Found (in original directory)),Northumberland,Warkworth,North East,no,listings,
Coquetdale Caravan Park,NE65 7RU,http://coquetdaleholidaypark.co.uk,https://www.staticcaravanparks.co.uk/parks/northumberland/coquetdale-caravan-park,01669 620549,,,,master_parks_working.csv (Found (in original directory)),Northumberland,Whitton and Tosson,North East,no,listings not scraped,
Heathergate Country Park,NE46 2NN,https://www.heathergate.co.uk,https://www.staticcaravanparks.co.uk/parks/northumberland/heathergate-country-park,,,,,master_parks_working.csv (Confirmed - ukparks.com directory),Northumberland,Hexham,North East,no,blocked,
Highburn House,NE71 6EE,https://www.highburn-house.co.uk,https://www.staticcaravanparks.co.uk/parks/northumberland/highburn-house,,,,,master_parks_working.csv (Confirmed - ukparks.com directory),Northumberland,Wooler,North East,no,no sales found,
Kaims Country Park,NE70 7JT,http://www.maguirescountryparks.co.uk/kaims-country-park,https://www.staticcaravanparks.co.uk/parks/northumberland/kaims-country-park,01668 213991,,,,master_parks_working.csv (Confirmed - ukparks.com directory),Northumberland,Adderstone with Lucker,North East,no,listings,Maguires Country Parks
Low Haber Caravan Park,NE47 8HH,https://www.parmontleyhall.co.uk,https://www.staticcaravanparks.co.uk/parks/northumberland/low-haber-caravan-park,01434 345 202,,,,master_parks_working.csv (Confirmed - ukparks.com directory),Northumberland,West Allen,North East,no,listings not scraped,
Seafield Caravan Park,NE68 7SP,https://www.seafieldpark.co.uk,https://www.staticcaravanparks.co.uk/parks/northumberland/seafield-caravan-park,01665 720 628,,,,master_parks_working.csv (Confirmed - ukparks.com directory),Northumberland,North Sunderland,North East,no,listings not scraped,
Seldom Seen Caravan Park,NE49 0NE,https://www.seldomseencaravanpark.co.uk,https://www.staticcaravanparks.co.uk/parks/northumberland/seldom-seen-caravan-park,01434 320 571,,,,master_parks_working.csv (Confirmed - ukparks.com directory),Northumberland,Haltwhistle,North East,no,blocked,
South Meadows,NE70 7DP,https://www.southmeadows.co.uk,https://www.staticcaravanparks.co.uk/parks/northumberland/south-meadows,,,,,master_parks_working.csv (Confirmed - ukparks.com directory),Northumberland,Belford,North East,no,listings not scraped,
Yont The Cleugh Caravan Park,NE49 0QN,https://www.yontthecleugh.co.uk,https://www.staticcaravanparks.co.uk/parks/northumberland/yont-the-cleugh-caravan-park,01434 320274,,,,master_parks_working.csv (Confirmed - for sale content found),Northumberland,Coanwood,North East,no,no sales found,
Milestone Caravan Park,NG23 6JE,https://www.milestonepark.co.uk,https://www.staticcaravanparks.co.uk/parks/nottinghamshire/milestone-caravan-park,01636 821 244,,,,master_parks_working.csv (Confirmed - ukparks.com directory),Nottinghamshire,Cromwell,Central England,no,no sales found,
Bluewood Park,OX7 6UJ,https://www.bluewoodlodges.com,https://www.staticcaravanparks.co.uk/parks/oxfordshire/bluewood-park,01608659946,,,,master_parks_working.csv (Confirmed - ukparks.com directory),Oxfordshire,Churchill,South East,no,no sales found,
Three TTT Water Sports,OX29 7QW,https://www.3twatersports.co.uk,https://www.staticcaravanparks.co.uk/parks/oxfordshire/three-ttt-water-sports,01865 300 621,,,,master_parks_working.csv (Confirmed - ukparks.com directory),Oxfordshire,Standlake,South East,no,no sales found,
Chesterfield Country Park,TD13 5YH,https://www.shorewoodlg.co.uk/chesterfield,https://www.staticcaravanparks.co.uk/parks/scotland/chesterfield-country-park,01368 830459,,,,master_parks_working.csv (Found (in original directory)),Scottish Borders,Scottish Borders,Scotland,no,blocked,Shorewood
Riverview Caravan Park,DD5 4NN,https://www.riverview.co.uk,https://www.staticcaravanparks.co.uk/parks/scotland/riverview-caravan-park,01382 535471,,,,master_parks_working.csv (Confirmed - ukparks.com directory),Angus,Angus,Scotland,no,enquire,Riverview
Seaton Estate Holiday Park,DD11 5SZ,https://www.seatonestate.co.uk,https://www.staticcaravanparks.co.uk/parks/scotland/seaton-estate-holiday-park,01241815713,,,,master_parks_working.csv (Found (in original directory)),Angus,Angus,Scotland,no,listings,
Aberlour Gardens Caravan And Camping Par,AB38 9LD,http://www.aberlourgardens.co.uk/,https://www.staticcaravanparks.co.uk/parks/scotland/aberlour-gardens-caravan-and-camping-par,01340871586,,,,master_parks_working.csv (Found (in original directory)),Moray,Moray,Scotland,no,no sales found,
Aboyne Loch Caravan Park,AB34 5BR,https://www.ukparks.com/park/aboyne/,https://www.staticcaravanparks.co.uk/parks/scotland/aboyne-loch-caravan-park,01339 886 244,,,,master_parks_working.csv (Confirmed - ukparks.com directory),Aberdeenshire,Aberdeenshire,Scotland,no,no sales found,
Angecroft Caravan Park,TD7 5HY,http://www.hoseasons.co.uk/lodges/angecroft-park-ange,https://www.staticcaravanparks.co.uk/parks/scotland/angecroft-caravan-park,0175062355,,,,master_parks_working.csv (Found (in original directory)),Scottish Borders,Scottish Borders,Scotland,no,blocked,
Anwoth Caravan Park,DG7 2JU,http://swalwellholidaygroup.co.uk/index.php/anwoth-holiday-park,https://www.staticcaravanparks.co.uk/parks/scotland/anwoth-caravan-park,01557 814 333,,,,master_parks_working.csv (Found (in original directory)),Dumfries and Galloway,Dumfries and Galloway,Scotland,yes,enquire,
Ardlui Holiday Home Park,G83 7EB,http://www.ardlui.com/holidaypark/aboutus.aspx,https://www.staticcaravanparks.co.uk/parks/scotland/ardlui-holiday-home-park,01301 704 243,,,,master_parks_working.csv (Found (in original directory)),Argyll and Bute,Argyll and Bute,Scotland,no,blocked,
Ardmillan Castle Caravan Park,KA26 0HP,http://www.ardmillancastleholidaypark.com/,https://www.staticcaravanparks.co.uk/parks/scotland/ardmillan-castle-caravan-park,01465 714 891,,,,master_parks_working.csv (Found (in original directory)),South Ayrshire,South Ayrshire,Scotland,no,enquire,
Argyll Caravan Park,PA32 8XT,https://www.ukparks.com/park/argyll-caravan-park/,https://www.staticcaravanparks.co.uk/parks/scotland/argyll-caravan-park,01499 302285,,,,master_parks_working.csv (Confirmed - ukparks.com directory),Argyll and Bute,Argyll and Bute,Scotland,yes,no sales found,
Auchnahillin Caravan and Camping Centre,IV2 5XQ,http://www.auchnahillin.co.uk/,https://www.staticcaravanparks.co.uk/parks/scotland/auchnahillin-caravan-and-camping-centre,01463 77 22 86,,,,master_parks_working.csv (Found (in original directory)),Highland,Highland,Scotland,no,enquire,
Balcomie Links Caravan Park,KY10 3TN,http://www.balcomielinks.co.uk/index.html,https://www.staticcaravanparks.co.uk/parks/scotland/balcomie-links-caravan-park,01333 450383,,,,master_parks_working.csv (Confirmed - ukparks.com directory),Fife,Fife,Scotland,no,blocked,
Ballater Caravan Park,AB35 5QW,http://www.ballatercaravanpark.com/,https://www.staticcaravanparks.co.uk/parks/scotland/ballater-caravan-park,013397 55727,,,,master_parks_working.csv (Found (in original directory)),Aberdeenshire,Aberdeenshire,Scotland,no,no sales found,
Banff Links Caravan Park,AB45 2JJ,http://banfflinkscaravanpark.co.uk/,https://www.staticcaravanparks.co.uk/parks/scotland/banff-links-caravan-park,01261 812228,,,,master_parks_working.csv (Found (in original directory)),Aberdeenshire,Aberdeenshire,Scotland,yes,enquire,
Barlochan Caravan Park,DG7 1PF,http://www.gillespie-leisure.co.uk/content/view/128/219/,https://www.staticcaravanparks.co.uk/parks/scotland/barlochan-caravan-park,01556 600 256,,,,master_parks_working.csv (Found (in original directory)),Dumfries and Galloway,Dumfries and Galloway,Scotland,no,blocked,
Barnsoul Farm and Wild Life Area,DG2 9SQ,http://www.barnsoulcaravanpark.co.uk/,https://www.staticcaravanparks.co.uk/parks/scotland/barnsoul-farm-and-wild-life-area,01387730249,,,,master_parks_working.csv (Found (in original directory)),Dumfries and Galloway,Dumfries and Galloway,Scotland,no,blocked,
Barrhill Holiday Park,KA26 0PZ,http://www.barrhillholidaypark.com/,https://www.staticcaravanparks.co.uk/parks/scotland/barrhill-holiday-park,01465 821 355,,,,master_parks_working.csv (Found (in original directory)),South Ayrshire,South Ayrshire,Scotland,no,no sales found,
Beech Hedge Caravan Park,PH2 6DU,http://www.beech-hedge-caravan-park.co.uk/,https://www.staticcaravanparks.co.uk/parks/scotland/beech-hedge-caravan-park,01250 883249,,,,master_parks_working.csv (Found (in original directory)),Perth and Kinross,Perth and Kinross,Scotland,no,blocked,
Belhaven Bay Caravan Park,EH42 1TU,http://www.meadowhead.co.uk/,https://www.staticcaravanparks.co.uk/parks/scotland/belhaven-bay-caravan-park,01368 865 956,,,,master_parks_working.csv (Found (in original directory)),East Lothian,East Lothian,Scotland,yes,listings not scraped,Meadowhead
Bellochantuy Beach Holiday Park,PA28 6QE,http://www.bellochantuybeach.co.uk/,https://www.staticcaravanparks.co.uk/parks/scotland/bellochantuy-beach-holiday-park,0777 425 2449,,,,master_parks_working.csv (Found (in original directory)),Argyll and Bute,Argyll and Bute,Scotland,no,enquire,
Bennane Shore Holiday Park,KA26 0JG,https://www.bennaneshore.com,https://www.staticcaravanparks.co.uk/parks/scotland/bennane-shore-holiday-park,01465 891 233,,,,master_parks_working.csv (Confirmed - ukparks.com directory),South Ayrshire,South Ayrshire,Scotland,no,enquire,
Black Rock Caravan and Camping Park,IV16 9UN,http://www.blackrockscotland.com/,https://www.staticcaravanparks.co.uk/parks/scotland/black-rock-caravan-and-camping-park,01349 830917,,,,master_parks_working.csv (Found (in original directory)),Highland,Highland,Scotland,no,blocked,
Blackadder Holiday Park,TD10 6XX,http://blackadder.co/,https://www.staticcaravanparks.co.uk/parks/scotland/blackadder-holiday-park,01361 884075,,,,master_parks_working.csv (Found (in original directory)),Scottish Borders,Scottish Borders,Scotland,no,listings,
Blair Castle Caravan Park,PH18 5SR,http://www.blaircastlecaravanpark.co.uk/,https://www.staticcaravanparks.co.uk/parks/scotland/blair-castle-caravan-park,01796 481 263,,,,master_parks_working.csv (Found (in original directory)),Perth and Kinross,Perth and Kinross,Scotland,no,no sales found,
Boat of Garten Holiday Park,PH24 3BN,http://www.boatofgartenholidaypark.com,https://www.staticcaravanparks.co.uk/parks/scotland/boat-of-garten-holiday-park,01479 831 652,89.0,,,master_parks_working.csv (Found (in original directory)),Highland,Highland,Scotland,no,no sales found,
Brighouse Bay Holiday Park,DG6 4TS,http://www.brighousebay-golfclub.co.uk/,https://www.staticcaravanparks.co.uk/parks/scotland/brighouse-bay-holiday-park,01557870267,,,,master_parks_working.csv (Found (in original directory)),Dumfries and Galloway,Dumfries and Galloway,Scotland,no,blocked,
Bruces Cave Caravan Site,DG11 3AT,http://www.brucescave.co.uk/?doing_wp_cron,https://www.staticcaravanparks.co.uk/parks/scotland/bruces-cave-caravan-site,01461 800285,,,,master_parks_working.csv (Found (in original directory)),Dumfries and Galloway,Dumfries and Galloway,Scotland,no,enquire,
Bunchrew Caravan Park,IV3 8TD,http://www.bunchrew-caravanpark.co.uk/,https://www.staticcaravanparks.co.uk/parks/scotland/bunchrew-caravan-park,01463 237 802,75.0,,,master_parks_working.csv (Found (in original directory)),Highland,Highland,Scotland,yes,blocked,
Burrowhead Holiday Village,DG8 8JB,http://www.burrowheadholidayvillage.co.uk/,https://www.staticcaravanparks.co.uk/parks/scotland/burrowhead-holiday-village,01988 500 252,,,,master_parks_working.csv (Found (in original directory)),Dumfries and Galloway,Dumfries and Galloway,Scotland,yes,listings not scraped,
By The Way Hostel and Campsite,FK20 8RY,http://www.tyndrumbytheway.com/,https://www.staticcaravanparks.co.uk/parks/scotland/by-the-way-hostel-and-campsite,01838-400-333,,,,master_parks_working.csv (Found (in original directory)),Stirling,Stirling,Scotland,no,no sales found,
Cairnryan Holiday Park,DG9 8QX,http://www.cairnryancaravanpark.co.uk/,https://www.staticcaravanparks.co.uk/parks/scotland/cairnryan-holiday-park,01581 200231,,,,master_parks_working.csv (Found (in original directory)),Dumfries and Galloway,Dumfries and Galloway,Scotland,no,enquire,
Cairnsmill Caravan Park,KY16 8NN,https://www.cairnsmill.co.uk,https://www.staticcaravanparks.co.uk/parks/scotland/cairnsmill-caravan-park,01334 473 604,,,,master_parks_working.csv (Confirmed - ukparks.com directory),Fife,Fife,Scotland,no,no sales found,
Callander Holiday Park,FK17 8HW,http://www.theholidaypark.co.uk/,https://www.staticcaravanparks.co.uk/parks/scotland/callander-holiday-park,,,,,master_parks_working.csv (Found (in original directory)),Stirling,Stirling,Scotland,no,enquire,
Carradale Bay Caravan Park,PA28 6QG,http://www.carradalebay.com/,https://www.staticcaravanparks.co.uk/parks/scotland/carradale-bay-caravan-park,01583 431665,,,,master_parks_working.csv (Found (in original directory)),Argyll and Bute,Argyll and Bute,Scotland,no,no sales found,
Carry Farm,PA21 2AH,http://www.carryfarm.co.uk/,https://www.staticcaravanparks.co.uk/parks/scotland/carry-farm,01770 811717,,,,master_parks_working.csv (Found (in original directory)),Argyll and Bute,Argyll and Bute,Scotland,no,no sales found,
Castle Bay Caravan Park,DG9 9AA,http://www.castlebayholidaypark.co.uk/,https://www.staticcaravanparks.co.uk/parks/scotland/castle-bay-caravan-park,01776 810 462,,,,master_parks_working.csv (Found (in original directory)),Dumfries and Galloway,Dumfries and Galloway,Scotland,yes,blocked,
Castle Cary Holiday Park,DG8 7DQ,http://www.castlecary-caravans.com/,https://www.staticcaravanparks.co.uk/parks/scotland/castle-cary-holiday-park,01671 820 264,,,,master_parks_working.csv (Found (in original directory)),Dumfries and Galloway,Dumfries and Galloway,Scotland,no,enquire,
Castle Point Caravan Park,DG5 4QL,http://www.castlepointcc.com/index.jsp,https://www.staticcaravanparks.co.uk/parks/scotland/castle-point-caravan-park,01556 630 248,,,,master_parks_working.csv (Found (in original directory)),Dumfries and Galloway,Dumfries and Galloway,Scotland,no,blocked,
Castle Sween Caravan Park,PA31 8PT,http://www.ellary.com/caravan-rentals.html,https://www.staticcaravanparks.co.uk/parks/scotland/castle-sween-caravan-park,01546 850 223,,,,master_parks_working.csv (Found (in original directory)),Argyll and Bute,Argyll and Bute,Scotland,yes,no sales found,
Castlewigg Caravan Park,DG8 8DL,http://yhlparks.co.uk/index.php/castlewigg-about-us,https://www.staticcaravanparks.co.uk/parks/scotland/castlewigg-caravan-park,01988500616,,,,master_parks_working.csv (Found (in original directory)),Dumfries and Galloway,Dumfries and Galloway,Scotland,no,blocked,YHL Parks
Clashwhannon Caravan Park,DG9 9QE,http://www.clashwhannoncaravanpark.co.uk/,https://www.staticcaravanparks.co.uk/parks/scotland/clashwhannon-caravan-park,,,,,master_parks_working.csv (Found (in original directory)),Dumfries and Galloway,Dumfries and Galloway,Scotland,no,blocked,
Clayton Caravan Park,KY16 9YB,https://www.clayton-caravan-park.com,https://www.staticcaravanparks.co.uk/parks/scotland/clayton-caravan-park,01334 870 242,,,,master_parks_working.csv (Confirmed - ukparks.com directory),Fife,Fife,Scotland,no,listings,
Cloak Caravan Park,AB39 2UN,http://www.cloakcaravanpark.co.uk/,https://www.staticcaravanparks.co.uk/parks/scotland/cloak-caravan-park,01569 750232,,,,master_parks_working.csv (Found (in original directory)),Aberdeenshire,Aberdeenshire,Scotland,no,listings not scraped,
Cloch Caravans Holiday Park,PA19 1BA,http://www.clochcaravans.co.uk/,https://www.staticcaravanparks.co.uk/parks/scotland/cloch-caravans-holiday-park,01475 632 675,,,,master_parks_working.csv (Found (in original directory)),Inverclyde,Inverclyde,Scotland,yes,blocked,
Comrie Holiday Park Ltd,PH6 2EA,http://www.comrieholidaypark.co.uk/,https://www.staticcaravanparks.co.uk/parks/scotland/comrie-holiday-park-ltd,01482 226075,,,,master_parks_working.csv (Found (in original directory)),Perth and Kinross,Perth and Kinross,Scotland,no,listings not scraped,
Craigtoun Meadows Holiday Park,KY16 8PQ,https://www.craigtounmeadows.co.uk,https://www.staticcaravanparks.co.uk/parks/scotland/craigtoun-meadows-holiday-park,01334 475959,,,,master_parks_working.csv (Confirmed - ukparks.com directory),Fife,Fife,Scotland,no,enquire,
Croyburnfoot Leisure Park,KA19 8JS,http://www.croyburnfootcaravanpark.com/,https://www.staticcaravanparks.co.uk/parks/scotland/croyburnfoot-leisure-park,01292 500 239,,,,master_parks_working.csv (Found (in original directory)),South Ayrshire,South Ayrshire,Scotland,no,enquire,
Cruachan Farm Caravan and Camping Park,FK21 8TY,http://www.cruachanfarm.co.uk/,https://www.staticcaravanparks.co.uk/parks/scotland/cruachan-farm-caravan-and-camping-park,01567 820 302,,,,master_parks_working.csv (Found (in original directory)),Perth and Kinross,Perth and Kinross,Scotland,no,blocked,
Cullen Bay Holiday Park,AB56 4TW,http://www.cullenbayholidaypark.co.uk/,https://www.staticcaravanparks.co.uk/parks/scotland/cullen-bay-holiday-park,+44 (0)1542 840766,,,,master_parks_working.csv (Found (in original directory)),Moray,Moray,Scotland,yes,blocked,
Culzean Bay Holiday Park,KA19 8JS,https://www.culzeanbay.com,https://www.staticcaravanparks.co.uk/parks/scotland/culzean-bay-holiday-park,01292 500 444,,,,master_parks_working.csv (Confirmed - ukparks.com directory),South Ayrshire,South Ayrshire,Scotland,no,enquire,
D J Dunabie Caravans Ltd,KA19 8JZ,http://www.djdunabiecaravans.com,https://www.staticcaravanparks.co.uk/parks/scotland/d-j-dunabie-caravans-ltd,01655 760 208,,,,master_parks_working.csv (Found (in original directory)),South Ayrshire,South Ayrshire,Scotland,no,no sales found,
Dalraddy Holiday Park,PH22 1QB,https://www.campinginaviemore.co.uk,https://www.staticcaravanparks.co.uk/parks/scotland/dalraddy-holiday-park,01479 810 330,47.0,,,master_parks_working.csv (Confirmed - ukparks.com directory),Highland,Highland,Scotland,no,enquire,
Dankeith Leisure Park,KA1 5SH,http://www.neilshillpark.co.uk,https://www.staticcaravanparks.co.uk/parks/scotland/dankeith-leisure-park,01563 830 254,,,,master_parks_working.csv (Found (in original directory)),South Ayrshire,South Ayrshire,Scotland,no,enquire,
Dee Valley Caravan Park,AB31 5AU,http://www.deevalleycaravans.co.uk/,https://www.staticcaravanparks.co.uk/parks/scotland/dee-valley-caravan-park,01330 811351,,,,master_parks_working.csv (Found (in original directory)),Aberdeenshire,Aberdeenshire,Scotland,no,listings not scraped,
Dornoch Caravan and Camping Park,IV25 3LX,http://dornochcaravans.co.uk/,https://www.staticcaravanparks.co.uk/parks/scotland/dornoch-caravan-and-camping-park,01862 810 423,,,,master_parks_working.csv (Confirmed - ukparks.com directory),Highland,Highland,Scotland,no,no sales found,
Dovecot Caravan Park,AB30 1QL,https://www.dovecotcaravanpark.co.uk,https://www.staticcaravanparks.co.uk/parks/scotland/dovecot-caravan-park,01674 840 630,,,,master_parks_working.csv (Confirmed - ukparks.com directory),Aberdeenshire,Aberdeenshire,Scotland,no,no sales found,
Dutch House Caravan Park,KA9 2RE,https://www.dutch-house.com,https://www.staticcaravanparks.co.uk/parks/scotland/dutch-house-caravan-park,01292 478 285,,,,master_parks_working.csv (Confirmed - ukparks.com directory),South Ayrshire,South Ayrshire,Scotland,no,enquire,
Elie Holiday Park,KY9 1HB,https://www.abbeyford.com,https://www.staticcaravanparks.co.uk/parks/scotland/elie-holiday-park,01333 330 283,,,,master_parks_working.csv (Confirmed - multi-park operator),Fife,Fife,Scotland,yes,listings not scraped,Abbeyford
Feughside Caravan Park,AB31 6NT,https://www.feughsidecaravanpark.co.uk,https://www.staticcaravanparks.co.uk/parks/scotland/feughside-caravan-park,01330 850 669,,,,master_parks_working.csv (Confirmed - ukparks.com directory),Aberdeenshire,Aberdeenshire,Scotland,no,enquire,
Gilsland Caravan Park,EH39 5JA,http://www.gilslandpark.co.uk,https://www.staticcaravanparks.co.uk/parks/scotland/gilsland-caravan-park,01620 893 790,,,,master_parks_working.csv (Found (in original directory)),East Lothian,East Lothian,Scotland,yes,no sales found,
Glenview Caravan Park,KY8 5NQ,https://www.glenviewcaravanpark.co.uk,https://www.staticcaravanparks.co.uk/parks/scotland/glenview-caravan-park,01333 428 118,,,,master_parks_working.csv (Confirmed - ukparks.com directory),Fife,Fife,Scotland,no,enquire,
Honey Cottage Caravan Park,TD7 5HU,https://www.selkirkcaravanpark.com,https://www.staticcaravanparks.co.uk/parks/scotland/honey-cottage-caravan-park,,,,,master_parks_working.csv (Confirmed - for sale content found),Scottish Borders,Scottish Borders,Scotland,no,listings not scraped,
Huntly Castle Caravan Park,AB54 4UJ,https://www.huntlycastle.co.uk,https://www.staticcaravanparks.co.uk/parks/scotland/huntly-castle-caravan-park,01466 794 999,,,,master_parks_working.csv (Confirmed - ukparks.com directory),Aberdeenshire,Aberdeenshire,Scotland,no,blocked,
Jedwater Caravan Park,TD8 6PJ,https://www.jedwater.co.uk,https://www.staticcaravanparks.co.uk/parks/scotland/jedwater-caravan-park,01835 840219,,,,master_parks_working.csv (Confirmed - ukparks.com directory),Scottish Borders,Scottish Borders,Scotland,no,no sales found,
Kilrenny Mill Caravan Park,KY10 3JW,https://www.grangemuir-chalet-park.co.uk,https://www.staticcaravanparks.co.uk/parks/scotland/kilrenny-mill-caravan-park,01333 450 314,,,,master_parks_working.csv (Confirmed - ukparks.com directory),Fife,Fife,Scotland,yes,blocked,
Lilliardsedge Caravan Park,TD8 6TZ,https://www.lilliardsedgepark.co.uk,https://www.staticcaravanparks.co.uk/parks/scotland/lilliardsedge-caravan-park,01835 830 271,,,,master_parks_working.csv (Confirmed - for sale content found),Scottish Borders,Scottish Borders,Scotland,no,listings,
Linnhe Lochside Holidays,PH33 7NL,https://www.linnhe-lochside-holidays.co.uk,https://www.staticcaravanparks.co.uk/parks/scotland/linnhe-lochside-holidays,01397 772376,,,,master_parks_working.csv (Confirmed - ukparks.com directory),Highland,Highland,Scotland,yes,enquire,
Loch Awe Holiday Park,PA35 1HT,https://www.lochaweholidaypark.co.uk,https://www.staticcaravanparks.co.uk/parks/scotland/loch-awe-holiday-park,01866 822 666,,,,master_parks_working.csv (Confirmed - ukparks.com directory),Argyll and Bute,Argyll and Bute,Scotland,no,blocked,
Lossiemouth Bay Caravan Park,IV31 6NW,https://www.parkholidays.com,https://www.staticcaravanparks.co.uk/parks/scotland/lossiemouth-bay-caravan-park,01343813980,,,,master_parks_working.csv (Confirmed - part of existing scraper coverage),Moray,Moray,Scotland,no,enquire,Park Holidays
Maryport Caravan Site,DG9 9RD,https://www.maryportholidaypark.co.uk,https://www.staticcaravanparks.co.uk/parks/scotland/maryport-caravan-site,01776840359,,,,master_parks_working.csv (Website found - sale relevance unconfirmed),Dumfries and Galloway,Dumfries and Galloway,Scotland,no,blocked,
Mouswald Caravan Park,DG1 4JS,https://bordercaravans.co.uk,https://www.staticcaravanparks.co.uk/parks/scotland/mouswald-caravan-park,01387 830 226,,,,master_parks_working.csv (Confirmed - multi-park operator),Dumfries and Galloway,Dumfries and Galloway,Scotland,no,no sales found,Border Caravans
Muirkirk Caravan Park,KA18 3QQ,https://www.borderleisureparks.co.uk,https://www.staticcaravanparks.co.uk/parks/scotland/muirkirk-caravan-park,01290 661 915,,,,master_parks_working.csv (Confirmed - multi-park operator),East Ayrshire,East Ayrshire,Scotland,no,listings not scraped,
Riverside Caravan Park,FK14 7LX,https://bordercaravans.co.uk,https://www.staticcaravanparks.co.uk/parks/scotland/riverside-caravan-park,01259 742 896,,,,master_parks_working.csv (Confirmed - multi-park operator),Clackmannanshire,Clackmannanshire,Scotland,no,listings,Border Caravans
Rosneath Castle Caravan Park,G84 0QS,https://www.rosneathcastle.co.uk,https://www.staticcaravanparks.co.uk/parks/scotland/rosneath-castle-caravan-park,01436 831 208,,,,master_parks_working.csv (Confirmed - ukparks.com directory),Argyll and Bute,Argyll and Bute,Scotland,no,enquire,
Rothiemurchus Camp and Caravan Park,PH22 1QU,https://www.campandcaravan.com,https://www.staticcaravanparks.co.uk/parks/scotland/rothiemurchus-camp-and-caravan-park,01479 812 800,,,,master_parks_working.csv (Confirmed - ukparks.com directory),Highland,Highland,Scotland,no,blocked,
Sauchope Links Park,KY10 3XJ,http://largoleisureholidays.co.uk,https://www.staticcaravanparks.co.uk/parks/scotland/sauchope-links-park,01333450460,,,,master_parks_working.csv (Confirmed - ukparks.com directory),Fife,Fife,Scotland,no,blocked,Largo Leisure
St Andrews Holiday Park,KY16 8PX,https://www.abbeyford.com,https://www.staticcaravanparks.co.uk/parks/scotland/st-andrews-holiday-park,01334 474 250,,,,master_parks_working.csv (Confirmed - multi-park operator),Fife,Fife,Scotland,no,listings not scraped,Abbeyford
St Monans Holiday Park,KY10 2DN,https://www.abbeyford.com,https://www.staticcaravanparks.co.uk/parks/scotland/st-monans-holiday-park,01333 730 778,,,,master_parks_working.csv (Confirmed - multi-park operator),Fife,Fife,Scotland,no,listings not scraped,Abbeyford
Tayview Caravan Park,DD5 4NH,https://www.tayview.co.uk,https://www.staticcaravanparks.co.uk/parks/scotland/tayview-caravan-park,01382 532837,,,,master_parks_working.csv (Confirmed - ukparks.com directory),Angus,Angus,Scotland,no,enquire,
Thirlestane Castle Caravan and Camping Park,TD2 6RU,https://www.thirlestanecastlepark.co.uk,https://www.staticcaravanparks.co.uk/parks/scotland/thirlestane-castle-caravan-and-camping-park,07976 231 032,,,,master_parks_working.csv (Confirmed - ukparks.com directory),Scottish Borders,Scottish Borders,Scotland,no,blocked,
Tralee Bay Holiday Park,PA37 1QR,https://traleebayholidays.co.uk,https://www.staticcaravanparks.co.uk/parks/scotland/tralee-bay-holiday-park,01631 720 255,,,,master_parks_working.csv (Confirmed - ukparks.com directory),Argyll and Bute,Argyll and Bute,Scotland,no,blocked,
Whitehills Caravan Park,AB45 2JN,https://www.whitehillscaravanpark.co.uk,https://www.staticcaravanparks.co.uk/parks/scotland/whitehills-caravan-park,01261 861474,,,,master_parks_working.csv (Confirmed - ukparks.com directory),Aberdeenshire,Aberdeenshire,Scotland,yes,enquire,
Pentre Ucha Caravan Park,SY10 0PQ,https://pentreuchacaravanpark.com/,https://www.staticcaravanparks.co.uk/parks/shropshire/pentre-ucha-caravan-park,01691860224,,,,master_parks_working.csv (Confirmed - ukparks.com directory),Powys,Pen-y-Bont-Fawr,North Wales,no,enquire,
Ashlea Pools Country Park,SY7 0QD,http://www.ashleapools.co.uk/,https://www.staticcaravanparks.co.uk/parks/shropshire/ashlea-pools-country-park,01547 530 430,,,,master_parks_working.csv (Found (in original directory)),Shropshire,Clungunford,Central England,no,enquire,
Beaconsfield Farm Holiday Park,SY4 4AA,http://www.beaconsfieldholidaypark.co.uk/,https://www.staticcaravanparks.co.uk/parks/shropshire/beaconsfield-farm-holiday-park,01939 210370,,,,master_parks_working.csv (Found (in original directory)),Shropshire,Astley,Central England,no,enquire,
Bromdon Caravan Park,WV16 6QT,http://www.bromdoncaravanpark.co.uk/index.php,https://www.staticcaravanparks.co.uk/parks/shropshire/bromdon-caravan-park,01584823433,,,,master_parks_working.csv (Found (in original directory)),Shropshire,Wheathill,Central England,no,listings not scraped,
Denn Farm,WV16 6BE,http://www.dennfarm.co.uk,https://www.staticcaravanparks.co.uk/parks/shropshire/denn-farm,01746 861192,,,,master_parks_working.csv (Confirmed - ukparks.com directory),Shropshire,Chelmarsh,Central England,no,enquire,
Ditton Mill Holiday Park,DY14 0DJ,http://www.dittonmillcaravanpark.co.uk,https://www.staticcaravanparks.co.uk/parks/shropshire/ditton-mill-holiday-park,01299 270097,,,,master_parks_working.csv (Found (in original directory)),Shropshire,Hopton Wafers,Central England,no,no sales found,
Fernwood Caravan Park,SY12 0QF,https://www.fernwoodpark.co.uk,https://www.staticcaravanparks.co.uk/parks/shropshire/fernwood-caravan-park,,,,,master_parks_working.csv (Confirmed - ukparks.com directory),Shropshire,Welshampton and Lyneal,Central England,no,listings not scraped,
Lower Lacon Caravan Park,SY4 5RP,https://www.llcp.co.uk,https://www.staticcaravanparks.co.uk/parks/shropshire/lower-lacon-caravan-park,01939 232376,,,,master_parks_working.csv (Confirmed - ukparks.com directory),Shropshire,Wem Rural,Central England,no,no sales found,
Mill Farm Holiday Home Park,SY5 6NT,https://www.millfarmcaravanpark.co.uk,https://www.staticcaravanparks.co.uk/parks/shropshire/mill-farm-holiday-home-park,01746 785 208,,,,master_parks_working.csv (Confirmed - ukparks.com directory),Shropshire,Hughley,Central England,no,blocked,
Seven Oaks Holiday Park,SY5 9BU,https://www.sevenoakspark.co.uk,https://www.staticcaravanparks.co.uk/parks/shropshire/seven-oaks-holiday-park,01743 885 080,,,,master_parks_working.csv (Confirmed - ukparks.com directory),Powys,Bausley with Criggion,Central England,no,enquire,
Bowdens Crest Caravan Park,TA10 0DD,http://www.bowdenscrest.co.uk/,https://www.staticcaravanparks.co.uk/parks/somerset/bowdens-crest-caravan-park,01458 250 553,,,,master_parks_working.csv (Found (in original directory)),Somerset,Huish Episcopi,South West,no,blocked,
Brean Down Caravan Park,TA8 2RS,https://www.breandowncaravanpark.co.uk,https://www.staticcaravanparks.co.uk/parks/somerset/brean-down-caravan-park,01278 751 507,,,,master_parks_working.csv (Confirmed - ukparks.com directory),Somerset,Brean,South West,yes,enquire,
Brightholme Holiday Park,TA8 2QY,http://www.brightholmeholidaypark.co.uk/,https://www.staticcaravanparks.co.uk/parks/somerset/brightholme-holiday-park,01278 751 327,,,,master_parks_working.csv (Found (in original directory)),Somerset,Berrow,South West,no,blocked,
Bucklegrove Caravan Park,BS27 3UZ,http://www.bucklegrove.co.uk/,https://www.staticcaravanparks.co.uk/parks/somerset/bucklegrove-caravan-park,01749870261,,,,master_parks_working.csv (Found (in original directory)),Somerset,Rodney Stoke,South West,no,blocked,
Carefree Holiday Park,BS22 9UZ,http://www.carefreeholidaypark.co.uk/,https://www.staticcaravanparks.co.uk/parks/somerset/carefree-holiday-park,01934 624 541,,,,master_parks_working.csv (Found (in original directory)),North Somerset,Kewstoke,South West,no,enquire,
Coast Caravan Park,BS21 7AT,http://www.coastcaravanpark.co.uk/,https://www.staticcaravanparks.co.uk/parks/somerset/coast-caravan-park,01275 872 818,,,,master_parks_working.csv (Found (in original directory)),North Somerset,Walton-in-Gordano,South West,no,enquire,
Coombes Cider Farm,TA9 4QD,http://www.westcountryparks.co.uk/coombes-cider-farm-park/,https://www.staticcaravanparks.co.uk/parks/somerset/coombes-cider-farm,01278 641 265,,,,master_parks_working.csv (Confirmed - ukparks.com directory),Somerset,Mark,South West,no,enquire,West Country Parks
Country View Caravan Park,BS22 9UJ,http://www.cvhp.co.uk/site/,https://www.staticcaravanparks.co.uk/parks/somerset/country-view-caravan-park,01934 627595,,,,master_parks_working.csv (Found (in original directory)),North Somerset,Kewstoke,South West,no,blocked,
Cripps Farm Caravan Park Ltd,TA9 3PS,https://www.crippsfarmholidays.co.uk,https://www.staticcaravanparks.co.uk/parks/somerset/cripps-farm-caravan-park-ltd,01278 783 762,,,,master_parks_working.csv (Confirmed - ukparks.com directory),Somerset,East Huntspill,South West,no,listings not scraped,
Diamond Farm,TA8 2RL,https://www.surfbayleisure.co.uk,https://www.staticcaravanparks.co.uk/parks/somerset/diamond-farm,01278 751794,,,,master_parks_working.csv (Confirmed - for sale content found),Somerset,Brean,South West,no,enquire,Surf Bay Leisure
Dolphin Caravan Park,TA8 2QY,https://www.dolphincaravanpark.co.uk,https://www.staticcaravanparks.co.uk/parks/somerset/dolphin-caravan-park,01278 751 258,,,,master_parks_working.csv (Confirmed - ukparks.com directory),Somerset,Berrow,South West,no,blocked,
Lakeview Manor,BS23 4TE,https://www.oaktreeparks.co.uk,https://www.staticcaravanparks.co.uk/parks/somerset/manor-park,,,,,master_parks_working.csv (Confirmed - ukparks.com directory),North Somerset,Weston-super-Mare,South West,no,listings,
Merrybee Caravan Park,TA8 2RX,https://www.diamondfarm.co.uk,https://www.staticcaravanparks.co.uk/parks/somerset/merrybee-caravan-park,,,,,master_parks_working.csv (Confirmed - ukparks.com directory),Somerset,Brean,South West,no,enquire,
Riverside Holiday Village,BS24 0AN,https://www.westcountryparks.co.uk,https://www.staticcaravanparks.co.uk/parks/somerset/riverside-holiday-village,01934 812 342,,,,master_parks_working.csv (Confirmed - multi-park operator),North Somerset,Bleadon,South West,no,listings not scraped,West Country Parks
Southfield Farm Caravan Park,TA8 2RL,https://www.southfield-farm.co.uk,https://www.staticcaravanparks.co.uk/parks/somerset/southfield-farm-caravan-park,01278 751 233,,,,master_parks_working.csv (Confirmed - ukparks.com directory),Somerset,Brean,South West,no,enquire,
St Audries Bay Holiday Club,TA4 4DY,https://www.barkersleisure.com,https://www.staticcaravanparks.co.uk/parks/somerset/st-audries-bay-holiday-club,01984 632 515,,,,master_parks_working.csv (Confirmed - ukparks.com directory),Somerset,West Quantoxhead,South West,no,enquire,Barkers Leisure
Sunningcrest Caravan Park,TA8 2RA,https://www.sunningcrest.co.uk,https://www.staticcaravanparks.co.uk/parks/somerset/sunningcrest-caravan-park,01278 751 470,,,,master_parks_working.csv (Confirmed - ukparks.com directory),Somerset,Brean,South West,no,enquire,
The Warren Caravan Park,TA8 2RF,https://haulfrynholidays.co.uk,https://www.staticcaravanparks.co.uk/parks/somerset/the-warren-caravan-park,01278 784 358,,,,master_parks_working.csv (Confirmed - real listing scraped),Somerset,Brean,South West,no,listings not scraped,Haulfryn
Warren Farm Holiday Centre,TA8 2RP,https://www.warrenfarm.co.uk,https://www.staticcaravanparks.co.uk/parks/somerset/warren-farm-holiday-centre,01278 751 227,,,,master_parks_working.csv (Confirmed - ukparks.com directory),Somerset,Brean,South West,no,listings not scraped,
Westhill Farm Caravan Park,TA9 3PX,https://www.westhillfarmcaravanpark.co.uk,https://www.staticcaravanparks.co.uk/parks/somerset/westhill-farm-caravan-park,01278 786 326,,,,master_parks_working.csv (Confirmed - ukparks.com directory),Somerset,East Huntspill,South West,no,listings not scraped,
Kingfisher Holiday Park,DE13 7DN,http://www.kingfisherholidaypark.co.uk,https://www.staticcaravanparks.co.uk/parks/staffordshire/kingfisher-holiday-park,01283 790407,,,,master_parks_working.csv (Confirmed - ukparks.com directory),Staffordshire,Fradley,Central England,no,listings not scraped,
Beach Farm Holiday Park,NR33 7BD,http://www.beachfarmpark.co.uk/,https://www.staticcaravanparks.co.uk/parks/suffolk/beach-farm-holiday-park,,,,,master_parks_working.csv (Found (in original directory)),Suffolk,Lowestoft,General East,no,enquire,
Beach View Holiday Park,IP16 4TU,https://www.beachviewholidaypark.co.uk,https://www.staticcaravanparks.co.uk/parks/suffolk/beach-view-holiday-park,,,,,master_parks_working.csv (Confirmed - ukparks.com directory),Suffolk,Aldringham cum Thorpe,General East,no,enquire,
Church Farm Holiday Park,IP15 5DW,https://churchfarmparkaldeburgh.co.uk/,https://www.staticcaravanparks.co.uk/parks/suffolk/church-farm-holiday-park,01728 453 433,,,,master_parks_working.csv (Found (in original directory)),Suffolk,Aldeburgh,General East,no,listings,Amber Leisure
Cliff House Caravan Park,IP17 3DQ,http://www.cliffhouseholidays.co.uk/,https://www.staticcaravanparks.co.uk/parks/suffolk/cliff-house-caravan-park,01728 648282,,,,master_parks_working.csv (Found (in original directory)),Suffolk,Dunwich,General East,no,enquire,
Dunwich Cliffs Estate,IP17 3DG,https://www.dunwichcliffsestate.co.uk,https://www.staticcaravanparks.co.uk/parks/suffolk/dunwich-cliffs-estate,01278 688 786,,,,master_parks_working.csv (Confirmed - ukparks.com directory),Suffolk,Dunwich,General East,no,no sales found,
Peewit Caravan Park,IP11 2HB,https://www.peewitcaravanpark.co.uk,https://www.staticcaravanparks.co.uk/parks/suffolk/peewit-caravan-park,01394 284 511,,,,master_parks_working.csv (Confirmed - ukparks.com directory),Suffolk,Felixstowe,General East,no,no sales found,
Priory Park,IP10 0JT,https://www.priory-park.com,https://www.staticcaravanparks.co.uk/parks/suffolk/priory-park,01473 727 393,,,,master_parks_working.csv (Confirmed - ukparks.com directory),Suffolk,Nacton,General East,no,enquire,
Sandlings Centre,IP12 3RR,https://www.sandlings.co.uk,https://www.staticcaravanparks.co.uk/parks/suffolk/sandlings-centre,01394 411 422,,,,master_parks_working.csv (Confirmed - ukparks.com directory),Suffolk,Hollesley,General East,no,listings not scraped,
Nunnington Farm Caravan Park,PO20 8LZ,http://www.nunningtonfarmcaravanpark.co.uk,https://www.staticcaravanparks.co.uk/parks/sussex/nunnington-farm-caravan-park,01243 513519,53.0,,,master_parks_working.csv (Found (in original directory)),West Sussex,West Wittering,South East,no,enquire,
Beach Park,BN15 8LW,http://www.pebblebeachpark.com,https://www.staticcaravanparks.co.uk/parks/sussex/beach-park,01903 752 701,,,,master_parks_working.csv (Confirmed - ukparks.com directory),West Sussex,Lancing,South East,no,enquire,
Bluebell Holiday Park,BN8 6PJ,http://www.bluebellholidaypark.co.uk/,https://www.staticcaravanparks.co.uk/parks/sussex/bluebell-holiday-park,01825 840407,,,,master_parks_working.csv (Found (in original directory)),East Sussex,Laughton,South East,no,blocked,
Briar Cottage Caravan Park,PO20 8PU,http://www.briarcottagecaravanpark.co.uk/index.php,https://www.staticcaravanparks.co.uk/parks/sussex/briar-cottage-caravan-park,01243 673 216,77.0,,,master_parks_working.csv (Found (in original directory)),West Sussex,East Wittering,South East,no,no sales found,
Brook Lane Caravan Park,BN12 5JD,https://www.brooklanecaravanpark.co.uk,https://www.staticcaravanparks.co.uk/parks/sussex/brook-lane-caravan-park,01903 242 802,,,,master_parks_working.csv (Confirmed - ukparks.com directory),West Sussex,Ferring,South East,no,blocked,
Buckle Holiday Park,BN25 2QR,http://www.buckleholidaypark.co.uk/about.htm,https://www.staticcaravanparks.co.uk/parks/sussex/buckle-holiday-park,,,,,master_parks_working.csv (Found (in original directory)),East Sussex,Seaford,South East,no,no sales found,
Bywaves Park,PO20 8JW,https://www.bywaves.co.uk,https://www.staticcaravanparks.co.uk/parks/sussex/bywaves-park,01243 629830,11.0,,,master_parks_working.csv (Confirmed - ukparks.com directory),West Sussex,East Wittering,South East,no,enquire,
Cobbs Hill Farm Caravan and Camping Park,TN39 5JA,https://www.cobbshillfarm.co.uk,https://www.staticcaravanparks.co.uk/parks/sussex/cobbs-hill-farm-caravan-and-camping-park,01424 213460,,,,master_parks_working.csv (Confirmed - ukparks.com directory),East Sussex,Bexhill-on-Sea,South East,no,enquire,
Copthorne Caravan Park,PO21 3ER,http://www.copthornecaravans.co.uk/,https://www.staticcaravanparks.co.uk/parks/sussex/copthorne-caravan-park,+44 (0)1243 262408,,,,master_parks_working.csv (Found (in original directory)),West Sussex,Aldwick,South East,no,enquire,
Crowhurst Park,TN33 0SL,https://www.crowhurstpark.co.uk,https://www.staticcaravanparks.co.uk/parks/sussex/crowhurst-park,01424773344,300.0,,,master_parks_working.csv (Confirmed - ukparks.com directory),East Sussex,Crowhurst,South East,no,enquire,
Eastern Sands Holiday Park,BN15 8LW,https://www.easternsands.co.uk,https://www.staticcaravanparks.co.uk/parks/sussex/eastern-sands-holiday-park,01905 831 153,,,,master_parks_working.csv (Confirmed - ukparks.com directory),West Sussex,Lancing,South East,no,no sales found,
Lane End Farm Caravan Site,PO22 6NH,https://www.laneendcaravans.co.uk,https://www.staticcaravanparks.co.uk/parks/sussex/lane-end-farm-caravan-site,01243 821 451,,,,master_parks_working.csv (Confirmed - ukparks.com directory),West Sussex,Middleton-on-Sea,South East,no,no sales found,
Lordine Court Caravan Park Ltd,TN32 5TF,https://www.lordine-court.co.uk,https://www.staticcaravanparks.co.uk/parks/sussex/lordine-court-caravan-park-ltd,01580 830 209,,,,master_parks_working.csv (Confirmed - ukparks.com directory),East Sussex,Ewhurst,South East,no,no sales found,
Normans Bay Caravan Park,BN24 6PS,https://www.normansbaycaravanpark.co.uk/,https://www.staticcaravanparks.co.uk/parks/sussex/normans-bay-caravan-park,01323 761 842,175.0,,,master_parks_working.csv (Confirmed - ukparks.com directory),East Sussex,Bexhill-on-Sea,South East,no,enquire,
Riverside Caravan Centre Bognor Ltd,PO22 9NE,https://www.rivcentre.co.uk,https://www.staticcaravanparks.co.uk/parks/sussex/riverside-caravan-centre-bognor-ltd,01243 865 823,,,,master_parks_working.csv (Confirmed - ukparks.com directory),West Sussex,Bersted,South East,no,blocked,
Rocklands Holiday Park,TN35 5DY,https://rocklandsholidaypark.co.uk/caravan-park/,https://www.staticcaravanparks.co.uk/parks/sussex/rocklands-holiday-park,01424 423 097,,,,master_parks_working.csv (Confirmed - ukparks.com directory),East Sussex,"Hastings, unparished area",South East,no,no sales found,
Rye Harbour Holiday Park,TN31 7TX,https://www.parkleisure.co.uk,https://www.staticcaravanparks.co.uk/parks/sussex/rye-harbour-holiday-park,01797 223 011,315.0,,,"master_parks_working.csv (Confirmed - multi-park operator (new, not yet in scraper))",East Sussex,Icklesham,South East,no,listings,Park Leisure
Southdown Caravan Park,BN5 9XH,https://www.southdowncaravanpark.com,https://www.staticcaravanparks.co.uk/parks/sussex/southdown-caravan-park,,48.0,,,master_parks_working.csv (Confirmed - ukparks.com directory),West Sussex,Upper Beeding,South East,yes,no sales found,
Three Ponds Holiday Park,BN9 0TP,https://www.threepondspark.co.uk,https://www.staticcaravanparks.co.uk/parks/sussex/three-ponds-holiday-park,01273 513 530,,,,master_parks_working.csv (Confirmed - ukparks.com directory),East Sussex,South Heighton,South East,no,listings not scraped,
Wandleys Lane Caravan Park,PO20 3SE,https://www.wandleyscaravanpark.com,https://www.staticcaravanparks.co.uk/parks/sussex/wandleys-lane-caravan-park,01243 543235,,,,master_parks_working.csv (Confirmed - ukparks.com directory),West Sussex,Barnham and Eastergate,South East,no,blocked,
Westmount Caravan Park,PO20 9EL,https://www.seabrookparks.com,https://www.staticcaravanparks.co.uk/parks/sussex/westmount-caravan-park,01243 602 601,,,,master_parks_working.csv (Confirmed - ukparks.com directory),West Sussex,Selsey,South East,no,enquire,
Wicks Farm Holiday Park,PO20 8QE,https://www.wicksfarm.co.uk,https://www.staticcaravanparks.co.uk/parks/sussex/wicks-farm-holiday-park,,75.0,,,master_parks_working.csv (Confirmed - ukparks.com directory),West Sussex,West Wittering,South East,no,no sales found,
Brookside Caravan Park,SA67 8RD,http://brooksideandcastlewood.co.uk/,https://www.staticcaravanparks.co.uk/parks/wales/brookside-caravan-park,01432 760 701,,,,master_parks_working.csv (Found (in original directory)),Pembrokeshire,Narberth,South Wales,no,enquire,
Bwlch Bryn Caravan Park,LL48 6RY,http://www.bwlchbryn.com,https://www.staticcaravanparks.co.uk/parks/wales/bwlch-bryn-caravan-park,07973 667 004,,,,master_parks_working.csv (Found (in original directory)),Gwynedd,Penrhyndeudraeth,North Wales,yes,listings not scraped,
Clywedog Riverside Holiday Home Park,SY18 6NE,http://www.clywedogcaravanpark.co.uk/default.aspx,https://www.staticcaravanparks.co.uk/parks/wales/clywedog-riverside-holiday-home-park,01686 412 682,,,,master_parks_working.csv (Found (in original directory)),Powys,Llanidloes Without,South Wales,yes,enquire,
Fir View and Tan Y Fridd Caravan Park,SY21 0LT,https://www.fir-view.co.uk,https://www.staticcaravanparks.co.uk/parks/wales/fir-view-and-tan-y-fridd-caravan-park,01938 810 575,,,,master_parks_working.csv (Found (in original directory)),Powys,Llangyniew,North Wales,no,listings not scraped,
Matthew Baker Caravans,SA42 0XN,https://matthewbakercaravans.co.uk/,https://www.staticcaravanparks.co.uk/parks/wales/matthew-baker-caravans,01348 811220,,,,master_parks_working.csv (Found (in original directory)),Pembrokeshire,Dinas Cross,South Wales,yes,listings not scraped,Matthew Baker Caravans
Twin Rivers Caravan Park,SY21 0NS,https://www.twinriversholidaypark.co.uk/,https://www.staticcaravanparks.co.uk/parks/wales/twin-rivers-caravan-park,01938820516,,,,master_parks_working.csv (Found (in original directory)),Powys,Banwy,North Wales,no,enquire,
Abbeyford Caravan Park,LL22 9HN,http://www.abbeyford.com/our-parks/abbeyford-holiday-park/,https://www.staticcaravanparks.co.uk/parks/wales/abbeyford-caravan-park,01745 334 590,,,,master_parks_working.csv (Found (in original directory)),Conwy,Kinmel Bay and Towyn,North Wales,yes,blocked,Abbeyford
Aberafon Holiday Park,LL53 6LL,https://haulfrynholidays.co.uk,https://www.staticcaravanparks.co.uk/parks/wales/aberafon-holiday-park,01758 612770,,,,master_parks_working.csv (Confirmed - part of existing scraper coverage),Gwynedd,Nefyn,North Wales,no,listings not scraped,Haulfryn
Aberconwy Park and Country Club,LL32 8GA,https://www.darwinescapes.co.uk/parks/aberconwy-resort-spa/,https://www.staticcaravanparks.co.uk/parks/wales/aberconwy-park-and-country-club,01492 572 002,,,,master_parks_working.csv (Found (in original directory)),Conwy,Conwy,North Wales,no,listings not scraped,Darwin Escapes
Aberdunant Hall Caravan Park,LL49 9SR,http://www.aberdunant.com/,https://www.staticcaravanparks.co.uk/parks/wales/aberdunant-hall-caravan-park,01766 512 001,,,,master_parks_working.csv (Found (in original directory)),Gwynedd,Dolbenmaen,North Wales,no,listings,
Aberdwylan Holiday Park,SA37 0LQ,https://www.barkersleisure.com,https://www.staticcaravanparks.co.uk/parks/wales/aberdwylan-holiday-park,01239 841 476,,,,master_parks_working.csv (Confirmed - ukparks.com directory),Carmarthenshire,Cenarth,South Wales,no,enquire,Barkers Leisure
Abererch Sands Holiday Centre,LL53 6PJ,https://www.abererch-sands.co.uk,https://www.staticcaravanparks.co.uk/parks/wales/abererch-sands-holiday-centre,01758 612 327,,,,master_parks_working.csv (Confirmed - ukparks.com directory),Gwynedd,Llannor,North Wales,no,enquire,
Aberystwyth Holiday Village,SY23 1TH,http://www.aberystwyth-holidays.co.uk/,https://www.staticcaravanparks.co.uk/parks/wales/aberystwyth-holiday-village,01970 624 211,,,,master_parks_working.csv (Found (in original directory)),Ceredigion,Aberystwyth,South Wales,no,enquire,
Acorn Caravan and Camping Park,CF61 1RP,http://www.acorncamping.co.uk/,https://www.staticcaravanparks.co.uk/parks/wales/acorn-caravan-and-camping-park,01446 794 024,,,,master_parks_working.csv (Found (in original directory)),Vale of Glamorgan,Llantwit Major,South Wales,no,enquire,
Ad Astra Caravan Park,LL78 7JH,http://www.adastracaravanpark.co.uk/,https://www.staticcaravanparks.co.uk/parks/wales/ad-astra-caravan-park,01248 853 283,,,,master_parks_working.csv (Found (in original directory)),Isle of Anglesey,Llanfair-Mathafarn-Eithaf,North Wales,no,enquire,
Ael Eilian,LL68 9LU,http://www.moncaravans.com,https://www.staticcaravanparks.co.uk/parks/wales/ael-eilian,01407 830 394,,,,master_parks_working.csv (Confirmed - ukparks.com directory),Isle of Anglesey,Llaneilian,North Wales,no,no sales found,
Aeron Coast Caravan Park,SA46 0JF,https://www.aeroncoast.co.uk,https://www.staticcaravanparks.co.uk/parks/wales/aeron-coast-caravan-park,01545 570 349,,,,master_parks_working.csv (Confirmed - ukparks.com directory),Ceredigion,Aberaeron,South Wales,no,no sales found,
Aeron View Caravan Park,SY23 4TW,http://www.aeronviewcamping.co.uk/,https://www.staticcaravanparks.co.uk/parks/wales/aeron-view-caravan-park,01974 251219,,,,master_parks_working.csv (Found (in original directory)),Ceredigion,Lledrod,South Wales,no,blocked,
Afon Lodge Caravan Park,SA33 4LG,https://www.ukparks.com/park/afonlodge/,https://www.staticcaravanparks.co.uk/parks/wales/afon-lodge-caravan-park,01994 230 647,,,,master_parks_working.csv (Confirmed - ukparks.com directory),Carmarthenshire,Meidrim,South Wales,no,no sales found,
Allensbank Holiday Park,SA67 8RE,http://www.allensbank.co.uk/,https://www.staticcaravanparks.co.uk/parks/wales/allensbank-holiday-park,07891 287 527,,,,master_parks_working.csv (Found (in original directory)),Pembrokeshire,Narberth,South Wales,no,enquire,
Amroth Castle Holiday Park,SA67 8NN,http://www.amrothcastle.com/,https://www.staticcaravanparks.co.uk/parks/wales/amroth-castle-park,01834 813217,,,,master_parks_working.csv (Found (in original directory)),Pembrokeshire,Amroth,South Wales,no,listings,
Anchorage Caravan Park,LD3 0LD,https://www.anchoragecp.co.uk,https://www.staticcaravanparks.co.uk/parks/wales/anchorage-caravan-park,01874 711246,,,,master_parks_working.csv (Confirmed - ukparks.com directory),Powys,Bronllys,South Wales,no,no sales found,
Ants Hill Caravan Park,SA33 4QN,http://www.antshill.co.uk/Pages/Home.aspx,https://www.staticcaravanparks.co.uk/parks/wales/ants-hill-caravan-park,07977110095,,,,master_parks_working.csv (Found (in original directory)),Carmarthenshire,Laugharne Township,South Wales,yes,blocked,
Argae Hall,SY15 6RU,http://www.argaehall.co.uk/,https://www.staticcaravanparks.co.uk/parks/wales/argae-hall,01686 640216,,,,master_parks_working.csv (Found (in original directory)),Powys,Berriew,North Wales,no,enquire,
Argoed Meadow Camping and Caravan Park,SA38 9JL,http://www.cenarthcampsite.co.uk/,https://www.staticcaravanparks.co.uk/parks/wales/argoed-meadow-camping-and-caravan-park,01239 710 690,,,,master_parks_working.csv (Found (in original directory)),Carmarthenshire,Cenarth,South Wales,no,no sales found,
Badgers Glade Caravan Park,SY21 7DU,http://badgersglade.co.uk/,https://www.staticcaravanparks.co.uk/parks/wales/badgers-glade-caravan-park,01650 521 767,,,,master_parks_working.csv (Found (in original directory)),Powys,Welshpool,North Wales,no,no sales found,
Bagnol Caravan Park,LL65 2AZ,https://www.caravan-park-anglesey.co.uk,https://www.staticcaravanparks.co.uk/parks/wales/bagnol-caravan-park,01407 860 223,,,,master_parks_working.csv (Confirmed - ukparks.com directory),Isle of Anglesey,Trearddur,North Wales,no,enquire,Caravan Park Anglesey
Bala Caravan Park,LL23 7YG,http://www.balaholidayparks.com,https://www.staticcaravanparks.co.uk/parks/wales/bala-caravan-park,01678 520 427,,,,master_parks_working.csv (Confirmed - ukparks.com directory),Gwynedd,Llanycil,North Wales,no,enquire,Bala Holiday Parks
Bank Farm Holiday Park,SA3 1LL,http://www.bankfarmholidaypark.co.uk,https://www.staticcaravanparks.co.uk/parks/wales/bank-farm-caravan-park,01792 390228,,,,classify_new_batch.py (not in original reference table),Swansea,Penrice,South Wales,yes,listings not scraped,
Bardsey View Holiday Park,SA48 7QZ,https://www.bardseyview.co.uk,https://www.staticcaravanparks.co.uk/parks/wales/bardsey-view-holiday-park,01545 580270,,,,master_parks_working.csv (Confirmed - ukparks.com directory),Ceredigion,Llanarth,South Wales,no,listings not scraped,
Barlows Estate Ltd Caravan Park,CH7 5BH,http://www.barlowscaravanparknorthwales.co.uk/contact-us,https://www.staticcaravanparks.co.uk/parks/wales/barlows-estate-ltd-caravan-park,01352 376005,,,,master_parks_working.csv (Found (in original directory)),Flintshire,Caerwys,North Wales,no,blocked,
Baxter Mill Caravan Park,SY21 0DH,http://www.baxtermill.co.uk/,https://www.staticcaravanparks.co.uk/parks/wales/baxter-mill-caravan-park,,,,,master_parks_working.csv (Found (in original directory)),Powys,Llanfair Caereinion,North Wales,no,enquire,
Bay Caravan Park,CF64 5XS,https://www.johnfowlerholidays.com,https://www.staticcaravanparks.co.uk/parks/wales/bay-caravan-park,02920 707 512,,,,master_parks_working.csv (Confirmed - real listing scraped),Vale of Glamorgan,Sully and Lavernock,South Wales,yes,enquire,John Fowler Holidays
Beach Caravan and Chalet Park,LL22 8HB,http://www.thebeachcaravanpark.co.uk/,https://www.staticcaravanparks.co.uk/parks/wales/beach-caravan-and-chalet-park,01492513345,,,,master_parks_working.csv (Found (in original directory)),Conwy,Llanddulas and Rhyd-y-Foel,North Wales,no,blocked,
Beachside Caravan Park,SY23 3DL,https://www.oceanviewholidays.com,https://www.staticcaravanparks.co.uk/parks/wales/beachside-caravan-park,01970 623 361,,,,master_parks_working.csv (Confirmed - ukparks.com directory),Ceredigion,Tirymynach,South Wales,no,listings not scraped,
Black Rock Sands,LL49 9YH,https://www.blackrocksands.webs.com,https://www.staticcaravanparks.co.uk/parks/wales/black-rock-sands,01766 513 919,,,,master_parks_working.csv (Confirmed - ukparks.com directory),Gwynedd,Porthmadog,North Wales,yes,blocked,
Blackhills Caravan Park,SA2 7JN,http://blackhillsleisure.co.uk/about-the-park.asp,https://www.staticcaravanparks.co.uk/parks/wales/blackhills-caravan-park,01792 207 065,,,,master_parks_working.csv (Found (in original directory)),Swansea,Upper Killay,South Wales,no,no sales found,
Blaenwaun Caravan Park,SA43 1QF,http://www.blaenwaunfarm.com/,https://www.staticcaravanparks.co.uk/parks/wales/blaenwaun-caravan-park,01239613456,,,,master_parks_working.csv (Found (in original directory)),Ceredigion,Y Ferwig,South Wales,no,no sales found,
Bodafon Caravan Park,LL74 8RU,https://www.bodafonpark.co.uk,https://www.staticcaravanparks.co.uk/parks/wales/bodafon-caravan-park,01248 852417,,,,master_parks_working.csv (Confirmed - ukparks.com directory),Isle of Anglesey,Llanfair-Mathafarn-Eithaf,North Wales,no,listings not scraped,Bodafon Park
Bodfell Hall Caravan Park,LL53 6DW,http://www.bodfel.com/,https://www.staticcaravanparks.co.uk/parks/wales/bodfell-hall-caravan-park,,,,,master_parks_working.csv (Found (in original directory)),Gwynedd,Llannor,North Wales,no,blocked,
Bolymnydd Farm,LL53 7NP,http://www.bolmynydd.co.uk/,https://www.staticcaravanparks.co.uk/parks/wales/bolymnydd-farm,07882 850 820,,,,master_parks_working.csv (Found (in original directory)),Gwynedd,Llanbedrog,North Wales,no,no sales found,
Bonvilles Court Carvan Park,SA69 9NA,http://www.bonvillescourtholidaypark.co.uk/Default.aspx,https://www.staticcaravanparks.co.uk/parks/wales/bonvilles-court-carvan-park,01834 812673,,,,master_parks_working.csv (Found (in original directory)),Pembrokeshire,Saundersfoot,South Wales,no,blocked,
Borough Caravan Park,SA3 1LQ,http://www.porteynonbay.co.uk/,https://www.staticcaravanparks.co.uk/parks/wales/borough-caravan-park,,,,,master_parks_working.csv (Found (in original directory)),Swansea,Penrice,South Wales,yes,no sales found,
Brandy Brook Caravan and Camping Site,SA62 6HE,https://www.brandybrookcampsite.co.uk,https://www.staticcaravanparks.co.uk/parks/wales/brandy-brook-caravan-and-camping-site,01348 840563,,,,master_parks_working.csv (Confirmed - ukparks.com directory),Pembrokeshire,Hayscastle,South Wales,no,enquire,
Broad Haven Holiday Park,SA62 3JD,https://www.bhhp.co.uk,https://www.staticcaravanparks.co.uk/parks/wales/broad-haven-holiday-park,01437 781 277,,,,master_parks_working.csv (Confirmed - ukparks.com directory),Pembrokeshire,The Havens,South Wales,no,listings not scraped,
Broadfield Farm Caravan Park,SA69 9DG,http://www.broadfieldfarm.com/,https://www.staticcaravanparks.co.uk/parks/wales/broadfield-farm-caravan-park,01834 813 448,,,,master_parks_working.csv (Found (in original directory)),Pembrokeshire,St. Mary Out Liberty,South Wales,no,blocked,
Bron Y Wendon Touring Caravan Park,LL22 8HG,http://www.bronywendontouringpark.co.uk/home.htm,https://www.staticcaravanparks.co.uk/parks/wales/bron-y-wendon-touring-caravan-park,01492 512903,,,,master_parks_working.csv (Found (in original directory)),Conwy,Llanddulas and Rhyd-y-Foel,North Wales,no,blocked,
Broughton Farm Caravan Park,SA3 1JP,https://www.broughtonfarmcaravanpark.co.uk,https://www.staticcaravanparks.co.uk/parks/wales/broughton-farm-caravan-park,01792 386 213,,,,master_parks_working.csv (Confirmed - ukparks.com directory),Swansea,"Llangennith, Llanmadoc and Cheriton",South Wales,yes,enquire,
Brownhill Caravan Park,SA44 6JZ,https://www.brownhillholidaypark.co.uk,https://www.staticcaravanparks.co.uk/parks/wales/brownhill-caravan-park,01545 560 288,,,,master_parks_working.csv (Confirmed - ukparks.com directory),Ceredigion,Llanllwchaiarn,South Wales,no,enquire,
Browns Holiday Park,LL22 9HD,http://brownsholidaypark.co.uk/,https://www.staticcaravanparks.co.uk/parks/wales/browns-holiday-park,01745 344 844,,,,master_parks_working.csv (Found (in original directory)),Conwy,Kinmel Bay and Towyn,North Wales,yes,enquire,
Bryn Awel Caravan Park,LL75 8DZ,https://www.brynawelcaravans.co.uk,https://www.staticcaravanparks.co.uk/parks/wales/bryn-awel-caravan-park,01248 450 801,,,,master_parks_working.csv (Confirmed - ukparks.com directory),Isle of Anglesey,Pentraeth,North Wales,no,enquire,Brynawel Caravans
Bryn Bowli Caravan Park,CH7 5SQ,http://www.brynbowliocaravanpark.co.uk/,https://www.staticcaravanparks.co.uk/parks/wales/bryn-bowli-caravan-park,01352 810484,,,,master_parks_working.csv (Found (in original directory)),Denbighshire,Llanferres,North Wales,no,blocked,
Bryn Cethin Bach Caravan Park,LL53 7UL,https://www.bryncethinbach.co.uk,https://www.staticcaravanparks.co.uk/parks/wales/bryn-cethin-bach-caravan-park,01758 712719,,,,master_parks_working.csv (Confirmed - ukparks.com directory),Gwynedd,Llanengan,North Wales,no,enquire,
Bryn Defaid Caravan Park,LL29 8LJ,http://www.bryndefaidcaravanpark.co.uk/,https://www.staticcaravanparks.co.uk/parks/wales/bryn-defaid-caravan-park,01928 572 522,,,,master_parks_working.csv (Confirmed - ukparks.com directory),Conwy,Llysfaen,North Wales,no,blocked,
Bryn Gynog Caravan Park,LL32 8NF,http://wyldecrestparks.co.uk/property_location/bryn-gynog-park/,https://www.staticcaravanparks.co.uk/parks/wales/bryn-gynog-caravan-park,01492 592 326,,,,master_parks_working.csv (Found (in original directory)),Conwy,Conwy,North Wales,no,enquire,
Bryn Howel Caravan Park,LL20 7UW,https://www.brynhowelcaravanpark.co.uk,https://www.staticcaravanparks.co.uk/parks/wales/bryn-howel-caravan-park,07940 389115,,,,master_parks_working.csv (Confirmed - ukparks.com directory),Denbighshire,Llangollen,North Wales,no,blocked,
Bryn Morfa Caravan Park,LL32 8DW,https://www.brynmorfa.com,https://www.staticcaravanparks.co.uk/parks/wales/bryn-morfa-caravan-park,01492 592402,,,,master_parks_working.csv (Confirmed - ukparks.com directory),Conwy,Conwy,North Wales,no,enquire,
Bryn Uchel Caravan Park,SY20 9PE,https://www.brynuchel.co.uk,https://www.staticcaravanparks.co.uk/parks/wales/bryn-uchel-caravan-park,01650 511441,,,,master_parks_working.csv (Confirmed - ukparks.com directory),Powys,Glantwymyn,North Wales,no,enquire,
Bryn Vyrnwy Caravan Pk,SY22 6AY,http://www.brynvyrnwyholidaypark.co.uk/,https://www.staticcaravanparks.co.uk/parks/wales/bryn-vyrnwy-caravan-pk,,,,,master_parks_working.csv (Found (in original directory)),Powys,Llansantffraid,North Wales,no,enquire,
Bryn Y Gors Holiday Park,SY25 6EL,http://www.bryn-y-gors.co.uk/,https://www.staticcaravanparks.co.uk/parks/wales/bryn-y-gors-holiday-park,,,,,master_parks_working.csv (Found (in original directory)),Ceredigion,Ystrad Fflur,South Wales,no,enquire,
Brynarian Caravan Park,SY23 5NA,http://brynarian.com/,https://www.staticcaravanparks.co.uk/parks/wales/brynarian-caravan-park,01974 272 231,,,,master_parks_working.csv (Confirmed - ukparks.com directory),Ceredigion,Dyffryn Arth,South Wales,no,enquire,
Bryncrach Farm Caravan Park,LD1 5RY,http://www.midwalescaravanpark.co.uk/,https://www.staticcaravanparks.co.uk/parks/wales/bryncrach-farm-caravan-park,01982 570291,,,,master_parks_working.csv (Found (in original directory)),Powys,Glascwm,South Wales,no,no sales found,
BrynYMor Caravan Site,LL36 9AW,http://www.brynymorcaravanpark.co.uk/,https://www.staticcaravanparks.co.uk/parks/wales/brynymor-caravan-site,01654 710 232,,,,master_parks_working.csv (Found (in original directory)),Gwynedd,Tywyn,North Wales,no,enquire,
Burrows Caravan Park,SA3 1LQ,https://www.porteynonbay.co.uk/,https://www.staticcaravanparks.co.uk/parks/wales/burrows-caravan-park,01792 390 738,,,,master_parks_working.csv (Found (in original directory)),Swansea,Penrice,South Wales,yes,no sales found,
Buttyland Caravan Park,SA70 7SX,http://www.buttyland.co.uk/,https://www.staticcaravanparks.co.uk/parks/wales/buttyland-caravan-park,01834 871278,,,,master_parks_working.csv (Found (in original directory)),Pembrokeshire,Manorbier,South Wales,no,enquire,
Bwlch Farm Caravan Park,LL31 9YS,http://post@bobparry.info,https://www.staticcaravanparks.co.uk/parks/wales/bwlch-farm-caravan-park,01492 582 556,,,,master_parks_working.csv (Found (in original directory)),Conwy,Conwy,North Wales,no,blocked,
Bwlch Holiday Park,LL74 8RF,http://www.bwlchholidaypark.co.uk/,https://www.staticcaravanparks.co.uk/parks/wales/bwlch-holiday-park,01248 852914,,,,master_parks_working.csv (Found (in original directory)),Isle of Anglesey,Llanfair-Mathafarn-Eithaf,North Wales,no,blocked,
Bwlchgwyn Farm Caravan Park and,LL39 1BX,https://www.bwlchgwynfarm.co.uk,https://www.staticcaravanparks.co.uk/parks/wales/bwlchgwyn-farm-caravan-park-and,,,,,master_parks_working.csv (Confirmed - ukparks.com directory),Gwynedd,Arthog,North Wales,no,no sales found,
Cae Canol Caravan Park,LL52 0NB,http://www.criccieth-holidays.com/criccieth-holidays.cae-canol%20caravan%20&%20camping%20site.html,https://www.staticcaravanparks.co.uk/parks/wales/cae-canol-caravan-park,01766522351,,,,master_parks_working.csv (Found (in original directory)),Gwynedd,Llanystumdwy,North Wales,no,blocked,
Caer Beris Manor Holiday Park,LD2 3HH,http://www.caerberislodges.co.uk/,https://www.staticcaravanparks.co.uk/parks/wales/caer-beris-manor-holiday-park,01982 553 622,,,,master_parks_working.csv (Found (in original directory)),Powys,Duhonw,South Wales,no,enquire,
Caer Odyn Caravan Park,LL53 6PS,https://www.caerodyncaravanpark.co.uk,https://www.staticcaravanparks.co.uk/parks/wales/caer-odyn-caravan-park,,,,,master_parks_working.csv (Confirmed - ukparks.com directory),Gwynedd,Llanystumdwy,North Wales,no,blocked,
Caeran Caravan Park,LL22 9DY,https://www.caerancaravanpark.co.uk,https://www.staticcaravanparks.co.uk/parks/wales/caeran-caravan-park,01745 540211,,,,master_parks_working.csv (Confirmed - ukparks.com directory),Conwy,Llanfair Talhaiarn,North Wales,no,enquire,
Caerddaniel Holiday Park,LL42 1RR,http://www.caerddaniel.co.uk/,https://www.staticcaravanparks.co.uk/parks/wales/caerddaniel-holiday-park,01341280611,,,,master_parks_working.csv (Found (in original directory)),Gwynedd,Barmouth,North Wales,no,listings not scraped,
Caerfai Bay Caravan and Tent Park,SA62 6QT,https://www.caerfaibay.co.uk,https://www.staticcaravanparks.co.uk/parks/wales/caerfai-bay-caravan-and-tent-park,01437 720 274,,,,master_parks_working.csv (Confirmed - ukparks.com directory),Pembrokeshire,St. David's and the Cathedral Close,South Wales,no,no sales found,
Caerfelin Caravan Park,SA43 2BZ,http://www.aberporthcaravanpark.co.uk/,https://www.staticcaravanparks.co.uk/parks/wales/caerfelin-caravan-park,01239 810 540,,,,master_parks_working.csv (Found (in original directory)),Ceredigion,Aberporth,South Wales,no,listings not scraped,
Caerwys Holiday Caravan Park,CH7 5AD,http://caerwysview.co.uk/,https://www.staticcaravanparks.co.uk/parks/wales/caerwys-holiday-caravan-park,01352 720 748,,,,master_parks_working.csv (Found (in original directory)),Flintshire,Caerwys,North Wales,no,blocked,
Cambria Caravan Park,LL22 9HR,https://www.cambriacaravanpark.com,https://www.staticcaravanparks.co.uk/parks/wales/cambria-caravan-park,01745832196,,,,master_parks_working.csv (Confirmed - ukparks.com directory),Conwy,Kinmel Bay and Towyn,North Wales,yes,enquire,
Cambrian Coast Holiday Park,SY24 5JU,http://www.seariversleisure.co.uk/cambrian-coast,https://www.staticcaravanparks.co.uk/parks/wales/cambrian-coast-holiday-park,,,,,master_parks_working.csv (Found (in original directory)),Ceredigion,Borth,North Wales,no,blocked,Sea Rivers Leisure
Capel Elen Caravan Park,LL70 9PQ,http://www.capelelen.com/,https://www.staticcaravanparks.co.uk/parks/wales/capel-elen-caravan-park,,,,,master_parks_working.csv (Found (in original directory)),Isle of Anglesey,Moelfre,North Wales,no,enquire,
Captains Pitch Caravan Park,SY15 6NN,http://www.cpcaravanpark.co.uk/,https://www.staticcaravanparks.co.uk/parks/wales/captains-pitch-caravan-park,,,,,master_parks_working.csv (Found (in original directory)),Powys,Abermule with Llandyssil,North Wales,no,blocked,
Carmel Caravan Park (Dyserth),LL18 6BY,https://www.carmelcaravanpark.com,https://www.staticcaravanparks.co.uk/parks/wales/carmel-caravan-park,,,,,master_parks_working.csv (Confirmed - ukparks.com directory),Denbighshire,Dyserth,North Wales,no,listings,
Carreglwyd Caravan Park,SA3 1NN,http://www.porteynon.com/,https://www.staticcaravanparks.co.uk/parks/wales/carreglwyd-caravan-park,01792 390 693,,,,master_parks_working.csv (Found (in original directory)),Swansea,Port Eynon,South Wales,yes,blocked,
Castell March Caravan Park,LL53 7UE,https://www.castellmarch.co.uk,https://www.staticcaravanparks.co.uk/parks/wales/castell-march-caravan-park,01758 712242,,,,master_parks_working.csv (Confirmed - ukparks.com directory),Gwynedd,Llanengan,North Wales,no,no sales found,
Castle Cove Caravan Park,LL22 7PP,http://www.castlecovecaravanpark.co.uk/contact.html,https://www.staticcaravanparks.co.uk/parks/wales/castle-cove-caravan-park,,,,,master_parks_working.csv (Found (in original directory)),Conwy,Abergele,North Wales,no,blocked,
Cefn Coch Caravan Park,SY21 0AE,http://www.ukparks.com/park/cefn/,https://www.staticcaravanparks.co.uk/parks/wales/cefn-coch-caravan-park,01938 811 295,,,,master_parks_working.csv (Found (in original directory)),Powys,Dwyriw,North Wales,no,no sales found,
Cefn Crib Caravan Park,SY20 9LB,http://www.gwyliaucefncribholidays.co.uk/Contact-us---Cysylltu.html,https://www.staticcaravanparks.co.uk/parks/wales/cefn-crib-caravan-park,01654 791 239,,,,master_parks_working.csv (Found (in original directory)),Gwynedd,Pennal,North Wales,no,blocked,
Cei Bach Country Club,SA45 9SL,http://www.cei-bach.co.uk/index.htm,https://www.staticcaravanparks.co.uk/parks/wales/cei-bach-country-club,,,,,master_parks_working.csv (Found (in original directory)),Ceredigion,Llanllwchaiarn,South Wales,no,blocked,
Celyn Brithion,SY20 9LP,http://celynbrithion.co.uk/,https://www.staticcaravanparks.co.uk/parks/wales/celyn-brithion,01650 531 344,,,,master_parks_working.csv (Found (in original directory)),Gwynedd,Mawddwy,North Wales,no,blocked,
Cilan Caravan Park,LL21 0SY,http://www.cilanholidaypark.co.uk/home/4586621523,https://www.staticcaravanparks.co.uk/parks/wales/cilan-caravan-park,01490 440 440,,,,master_parks_working.csv (Found (in original directory)),Denbighshire,Llandrillo,North Wales,no,enquire,
Clwyd View Touring Park,LL18 5UB,http://www.clwydview.co.uk/index.html,https://www.staticcaravanparks.co.uk/parks/wales/clwyd-view-touring-park,01745590841,,,,master_parks_working.csv (Found (in original directory)),Denbighshire,Rhuddlan,North Wales,no,no sales found,
Consuelo Caravan Park,LL72 8NA,https://consuelocaravanpark.co.uk/,https://www.staticcaravanparks.co.uk/parks/wales/consuelo-caravan-park,,,,,master_parks_working.csv (Confirmed - ukparks.com directory),Isle of Anglesey,Moelfre,North Wales,yes,blocked,
Conwy Touring Park,LL32 8UX,http://www.conwyholidaypark.co.uk,https://www.staticcaravanparks.co.uk/parks/wales/conwy-touring-park,01492 592856,,,,master_parks_working.csv (Found (in original directory)),Conwy,Henryd,North Wales,no,blocked,
Crackwell Holiday Park,SA70 7RX,http://crackwellholidaypark.co.uk/,https://www.staticcaravanparks.co.uk/parks/wales/crackwell-holiday-park,01834 842688,,,,master_parks_working.csv (Found (in original directory)),Pembrokeshire,Penally,South Wales,no,listings not scraped,
Craiglwyd Hall Caravan Park,LL34 6ER,https://www.thornleyleisure.co.uk,https://www.staticcaravanparks.co.uk/parks/wales/craiglwyd-hall-caravan-park,01492 623 355,,,,master_parks_working.csv (Confirmed - ukparks.com directory),Conwy,Penmaenmawr,North Wales,no,listings not scraped,Thornley Leisure
Criccieth Caravan Park,LL52 0PN,https://www.meldrumleisure.co.uk,https://www.staticcaravanparks.co.uk/parks/wales/criccieth-caravan-park,,,,,master_parks_working.csv (Confirmed - ukparks.com directory),Gwynedd,Llanystumdwy,North Wales,no,enquire,Meldrum Leisure
Crugan Holiday Park,LL53 7NL,https://haulfrynholidays.co.uk,https://www.staticcaravanparks.co.uk/parks/wales/crugan-holiday-park,01758 740 349,,,,master_parks_working.csv (Confirmed - part of existing scraper coverage),Gwynedd,Llanbedrog,North Wales,no,listings not scraped,Haulfryn
Cwmlanerch Caravan Park,LL24 0BG,http://www.snowdonia-cwmlanerch.co.uk/,https://www.staticcaravanparks.co.uk/parks/wales/cwmlanerch-caravan-park,01492 642770,,,,master_parks_working.csv (Found (in original directory)),Conwy,Betws-y-Coed,North Wales,no,no sales found,
Derwen Mill Holiday Park,SY21 9PH,https://www.derwenmill.co.uk,https://www.staticcaravanparks.co.uk/parks/wales/derwen-mill-holiday-park,01938 554 365,,,,master_parks_working.csv (Confirmed - ukparks.com directory),Powys,Welshpool,North Wales,no,enquire,
Dingle Inn and Caravan Park,SA67 7DP,http://www.dinglecaravanparknarberth.co.uk/,https://www.staticcaravanparks.co.uk/parks/wales/dingle-inn-and-caravan-park,01834 861806,,,,master_parks_working.csv (Found (in original directory)),Pembrokeshire,Narberth,South Wales,no,no sales found,
Dinlle Caravan Park,LL54 5TW,https://www.thornleyleisure.co.uk,https://www.staticcaravanparks.co.uk/parks/wales/dinlle-caravan-park,,,,,master_parks_working.csv (Confirmed - ukparks.com directory),Gwynedd,Llandwrog,North Wales,no,listings not scraped,Thornley Leisure
Doldowlod Caravan Park,LD1 6NN,https://doldowlodcaravanpark.co.uk/site/,https://www.staticcaravanparks.co.uk/parks/wales/doldowlod-caravan-park,01597 810 409,,,,master_parks_working.csv (Found (in original directory)),Powys,Nantmel,South Wales,no,no sales found,
Dolgead Hall Caravan and Lodge Park,SY21 0HT,https://www.dolgeadhall.co.uk,https://www.staticcaravanparks.co.uk/parks/wales/dolgead-hall-caravan-and-lodge-park,01938 810 335,,,,master_parks_working.csv (Confirmed - ukparks.com directory),Powys,Llanfair Caereinion,North Wales,no,listings not scraped,
Dyffryn Seaside Estate,LL44 2HD,https://www.dyffryn-seaside-estate.co.uk,https://www.staticcaravanparks.co.uk/parks/wales/dyffryn-seaside-estate,01341 247 220,,,,master_parks_working.csv (Confirmed - ukparks.com directory),Gwynedd,Dyffryn Ardudwy,North Wales,no,enquire,
Edwards Leisure Park Ltd,LL22 9HY,https://www.edwardsleisurepark.co.uk,https://www.staticcaravanparks.co.uk/parks/wales/edwards-leisure-park-ltd,,,,,master_parks_working.csv (Confirmed - ukparks.com directory),Conwy,Kinmel Bay and Towyn,North Wales,yes,listings not scraped,
Erwlon Farm Caravan and Camping Park,SA20 0RD,https://www.erwlon.co.uk,https://www.staticcaravanparks.co.uk/parks/wales/erwlon-farm-caravan-and-camping-park,01550721 021,,,,master_parks_working.csv (Confirmed - ukparks.com directory),Carmarthenshire,Llandovery,South Wales,no,no sales found,
Fairfield Caravan Park,SA2 7JN,https://www.taylorleisuregroup.co.uk,https://www.staticcaravanparks.co.uk/parks/wales/fairfield-caravan-park,,,,,master_parks_working.csv (Confirmed - multi-park operator),Swansea,Upper Killay,South Wales,no,no sales found,
Foggy Bottom Holiday Park,SY15 6SP,https://www.foggybottom.co.uk,https://www.staticcaravanparks.co.uk/parks/wales/foggy-bottom-holiday-park,01588 620 079,,,,master_parks_working.csv (Confirmed - for sale content found),Shropshire,Chirbury with Brompton,North Wales,no,enquire,
Fontygary Leisure Park,CF62 3ZT,https://www.fontygary.co.uk,https://www.staticcaravanparks.co.uk/parks/wales/fontygary-leisure-park,01446710386,,,,master_parks_working.csv (Confirmed - ukparks.com directory),Vale of Glamorgan,Rhoose,South Wales,yes,blocked,
Fourways Caravan Park,LL22 9LR,https://www.fourwayscaravanpark.co.uk,https://www.staticcaravanparks.co.uk/parks/wales/fourways-caravan-park,,,,,master_parks_working.csv (Confirmed - ukparks.com directory),Conwy,Kinmel Bay and Towyn,North Wales,yes,enquire,
Garreg Goch,LL49 9YD,https://www.garreggochpark.co.uk,https://www.staticcaravanparks.co.uk/parks/wales/garreg-goch,01766 512210,,,,master_parks_working.csv (Confirmed - ukparks.com directory),Gwynedd,Porthmadog,North Wales,yes,listings not scraped,
Garth Holiday Park,SY20 8HQ,https://garthapp.co.uk/,https://www.staticcaravanparks.co.uk/parks/wales/garth-holiday-park,01654 702194,,,,master_parks_working.csv (Confirmed - ukparks.com directory),Powys,Machynlleth,North Wales,no,blocked,
Gellidywyll Caravan Park,SY17 5DJ,https://www.gellidywyllcaravanpark.co.uk,https://www.staticcaravanparks.co.uk/parks/wales/gellidywyll-caravan-park,01686 688361,,,,master_parks_working.csv (Confirmed - ukparks.com directory),Powys,Llandinam,North Wales,no,enquire,
Gelliwig Farm Caravan Park,LL53 8RG,https://www.gelliwigfarmcaravanpark.weebly.com,https://www.staticcaravanparks.co.uk/parks/wales/gelliwig-farm-caravan-park,,,,,master_parks_working.csv (Confirmed - ukparks.com directory),Gwynedd,Botwnnog,North Wales,no,blocked,
Gimblet Rock Holiday Park,LL53 5AY,https://haulfrynholidays.co.uk,https://www.staticcaravanparks.co.uk/parks/wales/gimblet-rock-holiday-park,01758 612 770,,,,master_parks_working.csv (Confirmed - part of existing scraper coverage),Gwynedd,Pwllheli,North Wales,yes,listings not scraped,Haulfryn
Glan Gors Holiday Park,LL78 8QA,https://www.glangors.co.uk,https://www.staticcaravanparks.co.uk/parks/wales/glan-gors-holiday-park,01248 853 633,,,,master_parks_working.csv (Confirmed - for sale content found),Isle of Anglesey,Llanfair-Mathafarn-Eithaf,North Wales,no,enquire,
Glanlerry Caravan Park,SY24 5LU,https://www.glanlerrycaravanpark.co.uk,https://www.staticcaravanparks.co.uk/parks/wales/glanlerry-caravan-park,01970 871413,,,,master_parks_working.csv (Confirmed - ukparks.com directory),Ceredigion,Borth,North Wales,no,enquire,
Glanrafon Uchaf Caravan Park,LL75 8DZ,https://www.brynawelcaravans.co.uk,https://www.staticcaravanparks.co.uk/parks/wales/glanrafon-uchaf-caravan-park,01248 450 801,,,,master_parks_working.csv (Confirmed - ukparks.com directory),Isle of Anglesey,Pentraeth,North Wales,no,enquire,Brynawel Caravans
GlanYDon Caravan Park,LL36 0DL,https://www.glanydonpark.co.uk,https://www.staticcaravanparks.co.uk/parks/wales/glanydon-caravan-park,,,,,master_parks_working.csv (Confirmed - multi-park operator),Gwynedd,Tywyn,North Wales,no,listings not scraped,
Green Pastures Caravan Park,LL53 7LD,https://www.thornleyleisure.co.uk,https://www.staticcaravanparks.co.uk/parks/wales/green-pastures-caravan-park,01766 810519,,,,master_parks_working.csv (Confirmed - ukparks.com directory),Gwynedd,Llanengan,North Wales,no,listings not scraped,Thornley Leisure
Greenacres Caravan Park,LL49 9YB,https://www.greenacrescaravanpark.co.uk,https://www.staticcaravanparks.co.uk/parks/wales/greenacres-caravan-park,01766 512781,,,,master_parks_working.csv (Confirmed - ukparks.com directory),Gwynedd,Porthmadog,North Wales,yes,listings,
Groesffordd Caravan Park,LL28 5NT,https://www.groesfforddcaravanpark.co.uk,https://www.staticcaravanparks.co.uk/parks/wales/groesffordd-caravan-park,,,,,master_parks_working.csv (Confirmed - ukparks.com directory),Conwy,Llansanffraid Glan Conwy,North Wales,no,blocked,
Gwernydd Hall Holiday Home Park,SY16 3NW,https://www.gwernyddhall.co.uk,https://www.staticcaravanparks.co.uk/parks/wales/gwernydd-hall-holiday-home-park,01686 650236,,,,master_parks_working.csv (Confirmed - multi-park operator),Powys,Manafon,North Wales,no,listings not scraped,
Gwynedd Holiday Home Park,LL36 0DL,https://www.gwyneddcaravanpark.co.uk,https://www.staticcaravanparks.co.uk/parks/wales/gwynedd-holiday-home-park,,,,,master_parks_working.csv (Confirmed - for sale content found),Gwynedd,Tywyn,North Wales,no,listings not scraped,
Hafod Brynog Caravan Park,SA48 8AW,https://www.hafodbrynogcaravanpark.co.uk/,https://www.staticcaravanparks.co.uk/parks/wales/hafod-brynog-caravan-park,,,,,master_parks_working.csv (Confirmed - ukparks.com directory),Ceredigion,Lampeter,South Wales,no,enquire,
Hendre Coed Isaf Caravan Park,LL42 1AJ,https://www.hendrecoedisaf.co.uk,https://www.staticcaravanparks.co.uk/parks/wales/hendre-coed-isaf-caravan-park,,,,,master_parks_working.csv (Confirmed - for sale content found),Gwynedd,Barmouth,North Wales,no,blocked,
Hendre Mawr Caravan Park,LL23 7UF,http://www.balaholidayparks.com/,https://www.staticcaravanparks.co.uk/parks/wales/hendre-mawr-caravan-park,,,,,master_parks_working.csv (Confirmed - ukparks.com directory),Gwynedd,Llanuwchllyn,North Wales,no,enquire,Bala Holiday Parks
Hendwr Caravan Park (Corwen),LL21 0SN,https://www.hendwr.co.uk,https://www.staticcaravanparks.co.uk/parks/wales/hendwr-caravan-park,,,,,master_parks_working.csv (Confirmed - ukparks.com directory),Denbighshire,Llandrillo,North Wales,no,listings,
Hidden Valley Caravan Park,SY21 9DB,https://www.hvcp.co.uk,https://www.staticcaravanparks.co.uk/parks/wales/hidden-valley-caravan-park,01938 850 300,,,,master_parks_working.csv (Confirmed - ukparks.com directory),Powys,Guilsfield,North Wales,no,enquire,
Hill Park Caravans,SA69 9BH,https://www.copeandcocaravans.co.uk,https://www.staticcaravanparks.co.uk/parks/wales/hill-park-caravans,,,,,master_parks_working.csv (Confirmed - multi-park operator),Pembrokeshire,East Williamston,South Wales,no,enquire,
Home Farm Caravan Park,LL73 8PH,https://www.homefarm-anglesey.co.uk,https://www.staticcaravanparks.co.uk/parks/wales/home-farm-caravan-park,01248 410614,,,,master_parks_working.csv (Confirmed - ukparks.com directory),Isle of Anglesey,Llaneugrad,North Wales,no,enquire,
Horton Farm Caravan Park,SA3 1LB,https://hortonfarmcaravanpark.co.uk,https://www.staticcaravanparks.co.uk/parks/wales/horton-farm-caravan-park,,,,,master_parks_working.csv (Confirmed - ukparks.com directory),Swansea,Penrice,South Wales,yes,enquire,
Islawrffordd Caravan Park,LL43 2BQ,https://www.islawrffordd.co.uk,https://www.staticcaravanparks.co.uk/parks/wales/islawrffordd-caravan-park,,,,,master_parks_working.csv (Confirmed - ukparks.com directory),Gwynedd,Dyffryn Ardudwy,North Wales,no,no sales found,
Lake Vyrnwy Holiday Home Park,SY10 0NL,https://midwalesleisure.co.uk,https://www.staticcaravanparks.co.uk/parks/wales/lake-vyrnwy-holiday-home-park,01691 870694,,,,master_parks_working.csv (Confirmed - multi-park operator),Powys,Llanwddyn,North Wales,no,no sales found,Mid Wales Leisure
Leete Valley caravan park,CH7 5HD,http://www.leetevalleycaravanpark.co.uk,https://www.staticcaravanparks.co.uk/parks/wales/leete-valley-caravan-park,,,,,master_parks_working.csv (Confirmed - ukparks.com directory),Flintshire,Cilcain,North Wales,no,blocked,
Leylands Holiday Home Park,SY18 6LQ,https://midwalesleisure.co.uk,https://www.staticcaravanparks.co.uk/parks/wales/leylands-holiday-home-park,01686 412668,,,,master_parks_working.csv (Confirmed - multi-park operator),Powys,Llanidloes Without,South Wales,yes,no sales found,Mid Wales Leisure
Llandanwg Caravan Park,LL46 2SD,https://www.llandanwgholidayhomepark.co.uk,https://www.staticcaravanparks.co.uk/parks/wales/llandanwg-caravan-park,01341 241 320,,,,master_parks_working.csv (Confirmed - multi-park operator),Gwynedd,Llanfair,North Wales,no,listings not scraped,
Llandissilio Holiday Park,SA66 7TT,https://www.llandissilioholidaypark.co.uk,https://www.staticcaravanparks.co.uk/parks/wales/llandissilio-holiday-park,01437 563 408,,,,master_parks_working.csv (Confirmed - ukparks.com directory),Pembrokeshire,Llandissilio West,South Wales,no,no sales found,
Llawr Betws Caravan Park,LL21 0HD,https://www.llawrbetws.co.uk,https://www.staticcaravanparks.co.uk/parks/wales/llawr-betws-caravan-park,01490 460 224,,,,master_parks_working.csv (Confirmed - for sale content found),Gwynedd,Llandderfel,North Wales,no,listings not scraped,
Llety Caravan Park,SA43 2ED,https://www.lletycaravanpark.co.uk,https://www.staticcaravanparks.co.uk/parks/wales/llety-caravan-park,,,,,master_parks_working.csv (Confirmed - ukparks.com directory),Ceredigion,Aberporth,South Wales,no,enquire,
Llwyngwair Manor Holiday Park,SA42 0LX,https://www.pembrokeshireholidaypark.co.uk,https://www.staticcaravanparks.co.uk/parks/wales/llwyngwair-manor-holiday-park,01239 820498,,,,master_parks_working.csv (Confirmed - ukparks.com directory),Pembrokeshire,Nevern,South Wales,no,no sales found,
LlwynYrHelm,LL40 2SA,https://www.llwynyrhelm.co.uk,https://www.staticcaravanparks.co.uk/parks/wales/llwynyrhelm,,,,,master_parks_working.csv (Confirmed - ukparks.com directory),Gwynedd,Brithdir and Llanfachreth,North Wales,no,enquire,
Llynfi Holiday Park,LD3 7TR,http://www.llynfiholidaypark.co.uk,https://www.staticcaravanparks.co.uk/parks/wales/llynfi-holiday-park,01874 658 283,,,,master_parks_working.csv (Confirmed - ukparks.com directory),Powys,Llangors,South Wales,no,blocked,
Madeleys Caravan Park,LL22 9ES,https://www.madeleyscaravanpark.com,https://www.staticcaravanparks.co.uk/parks/wales/madeleys-caravan-park,,,,,master_parks_working.csv (Confirmed - for sale content found),Conwy,Kinmel Bay and Towyn,North Wales,yes,listings not scraped,
Madryn Castle Caravan Park,LL53 8UE,https://www.madryncastle.com,https://www.staticcaravanparks.co.uk/parks/wales/madryn-castle-caravan-park,01758 720 593,,,,master_parks_working.csv (Confirmed - ukparks.com directory),Gwynedd,Tudweiliog,North Wales,no,no sales found,
Maenan Abbey Caravan Park,LL26 0UL,https://www.thornleyleisure.co.uk,https://www.staticcaravanparks.co.uk/parks/wales/maenan-abbey-caravan-park,01492 660 630,,,,master_parks_working.csv (Confirmed - ukparks.com directory),Conwy,Llanddoged and Maenan,North Wales,yes,listings not scraped,Thornley Leisure
Maes Glas Caravan Park,SA44 6QE,https://www.maesglascaravanpark.co.uk,https://www.staticcaravanparks.co.uk/parks/wales/maes-glas-caravan-park,,,,,master_parks_working.csv (Confirmed - ukparks.com directory),Ceredigion,Penbryn,South Wales,no,no sales found,
Maesdolau Farm Caravan Park,LL30 1SR,https://www.maesdolaucaravanpark.co.uk,https://www.staticcaravanparks.co.uk/parks/wales/maesdolau-farm-caravan-park,,,,,master_parks_working.csv (Confirmed - ukparks.com directory),Conwy,Conwy,North Wales,no,enquire,
Marianglas Caravan Park,LL73 8PH,https://www.brynawelcaravans.co.uk,https://www.staticcaravanparks.co.uk/parks/wales/marianglas-caravan-park,01248 450 801,,,,master_parks_working.csv (Confirmed - ukparks.com directory),Isle of Anglesey,Llaneugrad,North Wales,no,enquire,Brynawel Caravans
Marine Holiday Park,LL18 2HG,http://www.marineholidaypark.com,https://www.staticcaravanparks.co.uk/parks/wales/marine-holiday-park,01745 345194,,,,master_parks_working.csv (Confirmed - ukparks.com directory),Denbighshire,Rhyl,North Wales,no,listings not scraped,
Marton Pool Holiday Home Park,SY21 8JY,https://www.martonpool.co.uk,https://www.staticcaravanparks.co.uk/parks/wales/marton-pool-holiday-home-park,01743 891 306,,,,master_parks_working.csv (Confirmed - for sale content found),Shropshire,Chirbury with Brompton,Central England,no,listings not scraped,
Mellington Hall Caravan Park,SY15 6HX,https://www.mellingtonhall.co.uk,https://www.staticcaravanparks.co.uk/parks/wales/mellington-hall-caravan-park,01588 620 011,,,,master_parks_working.csv (Confirmed - for sale content found),Powys,Churchstoke,North Wales,no,enquire,
Midfield Holiday and Residential Park,SY23 4DX,http://www.midfield.wales,https://www.staticcaravanparks.co.uk/parks/wales/midfield-holiday-and-residential-park,01970 612 542,,,,master_parks_working.csv (Confirmed - ukparks.com directory),Ceredigion,Aberystwyth,South Wales,no,no sales found,
Millers Cottage Caravan Park,LL22 9HS,https://www.lloydscaravans.co.uk,https://www.staticcaravanparks.co.uk/parks/wales/millers-cottage-caravan-park,,,,,master_parks_working.csv (Confirmed - for sale content found),Conwy,Kinmel Bay and Towyn,North Wales,yes,listings not scraped,Lloyds Caravans
Minafon Caravan Park,SY10 0EX,https://www.minafoncaravanpark.com,https://www.staticcaravanparks.co.uk/parks/wales/minafon-caravan-park,01691 860 304,,,,master_parks_working.csv (Confirmed - ukparks.com directory),Powys,Llangynog,North Wales,no,listings not scraped,
Minffordd Caravan Park,LL70 9HJ,https://www.minfforddcaravanpark.com,https://www.staticcaravanparks.co.uk/parks/wales/minffordd-caravan-park,01248 410 555,,,,master_parks_working.csv (Confirmed - ukparks.com directory),Isle of Anglesey,Moelfre,North Wales,no,no sales found,
MinYDon Caravan Park,LL46 2UG,https://www.minydonholidayhomepark.co.uk,https://www.staticcaravanparks.co.uk/parks/wales/minydon-caravan-park,01766 780 286,,,,master_parks_working.csv (Confirmed - multi-park operator),Gwynedd,Harlech,North Wales,no,listings not scraped,
Morben Isaf Holiday Park,SY20 8SR,https://www.morbenisaf.co.uk,https://www.staticcaravanparks.co.uk/parks/wales/morben-isaf-holiday-park,01654 781 473,,,,master_parks_working.csv (Confirmed - multi-park operator),Powys,Cadfarch,North Wales,no,blocked,
Morfa Bychan Holiday Park,SY23 4QQ,https://www.hillandale.co.uk/our-parks/morfa-bychan-holiday-park,https://www.staticcaravanparks.co.uk/parks/wales/morfa-bychan-holiday-park,01970 617 254,,,,master_parks_working.csv (Confirmed - ukparks.com directory),Ceredigion,Llanfarian,South Wales,no,listings not scraped,Hillandale
Morgans Lodge Caravan Park,SA68 0RN,https://www.morganslodge.co.uk,https://www.staticcaravanparks.co.uk/parks/wales/morgans-lodge-caravan-park,,,,,master_parks_working.csv (Confirmed - ukparks.com directory),Pembrokeshire,East Williamston,South Wales,no,enquire,
Mornest Caravan Park,LL60 6HU,http://www.mornestcaravanpark.com,https://www.staticcaravanparks.co.uk/parks/wales/mornest-caravan-park,01246 421725,,,,master_parks_working.csv (Confirmed - ukparks.com directory),Isle of Anglesey,Llanfihangel Ysgeifiog,North Wales,no,blocked,
Mynydd Caravan Park,LL52 0PS,https://www.penisarmynydd.co.uk,https://www.staticcaravanparks.co.uk/parks/wales/mynydd-caravan-park,,,,,master_parks_working.csv (Confirmed - ukparks.com directory),Gwynedd,Criccieth,North Wales,no,no sales found,
Neuadd Bridge Caravan Park,SY21 0HX,https://www.nbcp.co.uk,https://www.staticcaravanparks.co.uk/parks/wales/neuadd-bridge-caravan-park,,,,,master_parks_working.csv (Confirmed - ukparks.com directory),Powys,Llanfair Caereinion,North Wales,no,listings not scraped,
New Park Farm and Caravan Park,SA67 8BG,https://www.newparklandshipping.co.uk,https://www.staticcaravanparks.co.uk/parks/wales/new-park-farm-and-caravan-park,,,,,master_parks_working.csv (Confirmed - ukparks.com directory),Pembrokeshire,Martletwy,South Wales,no,blocked,
Newport Bay Caravan Parklands,SA42 0RH,https://www.matthewbakercaravans.co.uk,https://www.staticcaravanparks.co.uk/parks/wales/newport-bay-caravan-parklands,01348 811 220,,,,master_parks_working.csv (Confirmed - ukparks.com directory),Pembrokeshire,Newport,South Wales,yes,listings not scraped,Matthew Baker Caravans
Nolton Cross Caravan Park,SA62 3NP,https://www.noltoncross-holidays.co.uk,https://www.staticcaravanparks.co.uk/parks/wales/nolton-cross-caravan-park,01437 710 701,,,,master_parks_working.csv (Confirmed - ukparks.com directory),Pembrokeshire,Nolton and Roch,South Wales,no,no sales found,
Oakwood Valley Lodges,SY21 0HX,https://www.oakwoodvalleylodges.co.uk,https://www.staticcaravanparks.co.uk/parks/wales/oakwood-valley-lodges,01938 810 245,,,,master_parks_working.csv (Confirmed - ukparks.com directory),Powys,Llanfair Caereinion,North Wales,no,enquire,
Owens Caravan Park,LL22 9ES,https://www.owenscaravanpark.co.uk,https://www.staticcaravanparks.co.uk/parks/wales/owens-caravan-park,01745353639,,,,master_parks_working.csv (Confirmed - ukparks.com directory),Conwy,Kinmel Bay and Towyn,North Wales,yes,enquire,
Pale Wood Country Park,LL23 7RA,https://www.palewood.co.uk,https://www.staticcaravanparks.co.uk/parks/wales/pale-wood-country-park,07770 436 322,,,,master_parks_working.csv (Confirmed - for sale content found),Gwynedd,Llandderfel,North Wales,no,listings not scraped,
Pant Gwyn Farm Caravan Park,LL53 7ET,https://www.pantgwynfarm.co.uk,https://www.staticcaravanparks.co.uk/parks/wales/pant-gwyn-farm-caravan-park,01758 812 200,,,,master_parks_working.csv (Confirmed - ukparks.com directory),Gwynedd,Llanengan,North Wales,no,blocked,
Pant Y Branner,LL53 7DY,https://www.pant-y-brannerpark.wales/,https://www.staticcaravanparks.co.uk/parks/wales/pant-y-branner,,,,,master_parks_working.csv (Confirmed - ukparks.com directory),Gwynedd,Llanengan,North Wales,no,no sales found,
PantYSaer Caravan Park,LL74 8SD,https://www.pantysaer.co.uk,https://www.staticcaravanparks.co.uk/parks/wales/pantysaer-caravan-park,01248852423,,,,master_parks_working.csv (Confirmed - ukparks.com directory),Isle of Anglesey,Llanfair-Mathafarn-Eithaf,North Wales,no,no sales found,
Parc Cynhinfa Caravan Park,SY22 6JP,https://www.parccynhinfacaravanpark.co.uk,https://www.staticcaravanparks.co.uk/parks/wales/parc-cynhinfa-caravan-park,01938 810 270,,,,master_parks_working.csv (Confirmed - ukparks.com directory),Powys,Llangyniew,North Wales,no,enquire,
Parc Farm Caravan Park,CH7 4QW,https://www.valeholidayparks.com,https://www.staticcaravanparks.co.uk/parks/wales/parc-farm-caravan-park,01824 780 666,,,,master_parks_working.csv (Confirmed - ukparks.com directory),Denbighshire,Llanarmon-yn-Ial,North Wales,no,enquire,Vale Holiday Parks
Parc Wernol Caravan and Chalet Park,LL53 6SW,https://www.wernol.co.uk,https://www.staticcaravanparks.co.uk/parks/wales/parc-wernol-caravan-and-chalet-park,01766 810506,,,,master_parks_working.csv (Confirmed - ukparks.com directory),Gwynedd,Llanystumdwy,North Wales,no,no sales found,
Pen Y Graig Caravan Park,SY24 5NR,http://penygraigcaravanpark.co.uk/,https://www.staticcaravanparks.co.uk/parks/wales/pen-y-graig-caravan-park,01970 871 717,,,,master_parks_working.csv (Confirmed - ukparks.com directory),Ceredigion,Borth,North Wales,no,no sales found,
Pencnwc Holiday Park,SA44 6NL,https://www.pencnwc.co.uk,https://www.staticcaravanparks.co.uk/parks/wales/pencnwc-holiday-park,01545 560479,,,,master_parks_working.csv (Confirmed - ukparks.com directory),Ceredigion,Llanllwchaiarn,South Wales,no,listings,
Penddol Holiday Park,SY17 5JP,https://www.penddolcaravanpark.co.uk,https://www.staticcaravanparks.co.uk/parks/wales/penddol-holiday-park,01686 420 259,,,,master_parks_working.csv (Confirmed - ukparks.com directory),Powys,Carno,North Wales,no,blocked,
Pengarreg Caravan and Camping Park,SY23 5DJ,https://www.pengarregcaravanpark.co.uk,https://www.staticcaravanparks.co.uk/parks/wales/pengarreg-caravan-and-camping-park,01974 202247,,,,master_parks_working.csv (Confirmed - ukparks.com directory),Ceredigion,Llanrhystyd,South Wales,no,enquire,
Penrhos Park Lodges,SY22 6JH,https://www.penrhosparklodges.com/,https://www.staticcaravanparks.co.uk/parks/wales/penrhos-park-lodges,,,,,master_parks_working.csv (Confirmed - ukparks.com directory),Powys,Llangyniew,North Wales,no,blocked,
Penrhyn Bay Caravan Park,LL65 4YG,https://www.penrhynbay.com,https://www.staticcaravanparks.co.uk/parks/wales/penrhyn-bay-caravan-park,01407 730496,,,,master_parks_working.csv (Confirmed - ukparks.com directory),Isle of Anglesey,Llanfaethlu,North Wales,yes,no sales found,
Pensieri Caravan Park,LL63 5TB,https://www.pensieri.co.uk,https://www.staticcaravanparks.co.uk/parks/wales/pensieri-caravan-park,,,,,master_parks_working.csv (Confirmed - ukparks.com directory),Isle of Anglesey,Llanfaelog,North Wales,no,blocked,
Pentre Mawr Caravan Park,LL22 7RE,https://www.lloydscaravans.co.uk,https://www.staticcaravanparks.co.uk/parks/wales/pentre-mawr-caravan-park,,,,,master_parks_working.csv (Confirmed - for sale content found),Conwy,Abergele,North Wales,no,listings,Lloyds Caravans
PenyPentre Caravan Park,SY21 0JT,https://www.lloydscaravans.co.uk,https://www.staticcaravanparks.co.uk/parks/wales/penypentre-caravan-park,,,,,master_parks_working.csv (Confirmed - for sale content found),Powys,Llangyniew,North Wales,no,listings not scraped,Lloyds Caravans
Plas Coch Caravan and Leisure Park,LL61 6EJ,https://www.parkleisure.co.uk,https://www.staticcaravanparks.co.uk/parks/wales/plas-coch-caravan-and-leisure-park,01248 714 272,,,,"master_parks_working.csv (Confirmed - multi-park operator (new, not yet in scraper))",Isle of Anglesey,Llanddaniel Fab,North Wales,yes,listings,Park Leisure
Plas Gwyn Caravan and Camping Park,LL55 2AQ,https://www.plasgwyn.co.uk,https://www.staticcaravanparks.co.uk/parks/wales/plas-gwyn-caravan-and-camping-park,,,,,master_parks_working.csv (Confirmed - ukparks.com directory),Gwynedd,Llanrug,North Wales,no,no sales found,
Plas Newydd Caravan Park,LL19 8BE,http://www.plasnewyddonline.co.uk/,https://www.staticcaravanparks.co.uk/parks/wales/plas-newydd-caravan-park,,,,,master_parks_working.csv (Confirmed - ukparks.com directory),Denbighshire,Prestatyn,North Wales,no,blocked,
Pleasant View Holiday Park,LL18 5RL,https://www.pleasantviewholidaypark.co.uk,https://www.staticcaravanparks.co.uk/parks/wales/pleasant-view-holiday-park,,,,,master_parks_working.csv (Confirmed - ukparks.com directory),Denbighshire,Rhuddlan,North Wales,no,enquire,
Plymouth Farm Caravan Park,LL52 0PS,https://www.meldrumleisure.co.uk,https://www.staticcaravanparks.co.uk/parks/wales/plymouth-farm-caravan-park,01766 522 327,,,,master_parks_working.csv (Confirmed - ukparks.com directory),Gwynedd,Criccieth,North Wales,no,enquire,Meldrum Leisure
Point Lynas Caravan Park,LL68 9LT,https://www.pointlynas.co.uk,https://www.staticcaravanparks.co.uk/parks/wales/point-lynas-caravan-park,,,,,master_parks_working.csv (Confirmed - ukparks.com directory),Isle of Anglesey,Llaneilian,North Wales,no,enquire,
Porthclais Farm Campsite,SA62 6RR,https://porthclaiscampsite.co.uk,https://www.staticcaravanparks.co.uk/parks/wales/porthclais-farm-campsite,01437 720 256,,,,master_parks_working.csv (Confirmed - ukparks.com directory),Pembrokeshire,St. David's and the Cathedral Close,South Wales,no,no sales found,
Presteigne Holiday Park,LD8 2AZ,https://presteigneholidaypark.co.uk/,https://www.staticcaravanparks.co.uk/parks/wales/presteigne-holiday-park,01938 810575,,,,master_parks_working.csv (Confirmed - ukparks.com directory),Powys,New Radnor,South Wales,no,enquire,
Pwll Coch Caravan Park,LL70 9HQ,https://www.pwllcochcaravanpark.co.uk,https://www.staticcaravanparks.co.uk/parks/wales/pwll-coch-caravan-park,,,,,master_parks_working.csv (Confirmed - ukparks.com directory),Isle of Anglesey,Moelfre,North Wales,no,enquire,
Redford Caravan Park,SA67 8TD,http://redfordcaravanpark.co.uk/,https://www.staticcaravanparks.co.uk/parks/wales/redford-caravan-park,01834 860251,,,,master_parks_working.csv (Confirmed - ukparks.com directory),Pembrokeshire,Lampeter Velfrey,South Wales,no,enquire,
Rhandir Farm,LL53 7SF,https://www.rhandircaravanpark.co.uk,https://www.staticcaravanparks.co.uk/parks/wales/rhandir-farm,,,,,master_parks_working.csv (Website found - sale relevance unconfirmed),Gwynedd,Llanengan,North Wales,no,enquire,
Rhuallt Country Park,LL17 0AW,https://www.rhualltcountrypark.co.uk,https://www.staticcaravanparks.co.uk/parks/wales/rhuallt-country-park,01745 583000,,,,master_parks_working.csv (Confirmed - ukparks.com directory),Denbighshire,Tremeirchion,North Wales,no,enquire,
River Meadow Holiday Centre,SY21 0QG,https://www.rivermeadow.co.uk,https://www.staticcaravanparks.co.uk/parks/wales/river-meadow-holiday-centre,,,,,master_parks_working.csv (Confirmed - ukparks.com directory),Powys,Llanfihangel,North Wales,no,enquire,
Riverbend Caravan Park,SY21 0PP,https://www.hillandale.co.uk/our-parks/riverbend-caravan-park,https://www.staticcaravanparks.co.uk/parks/wales/riverbend-caravan-park,01938 820 356,,,,master_parks_working.csv (Confirmed - ukparks.com directory),Powys,Banwy,North Wales,no,listings not scraped,Hillandale
Riverside International,LD3 0HL,https://www.riversideinternational.co.uk,https://www.staticcaravanparks.co.uk/parks/wales/riverside-international,01874711320,,,,master_parks_working.csv (Confirmed - ukparks.com directory),Powys,Bronllys,South Wales,no,blocked,
Rosehill Caravan Park,SA62 3LU,https://rosehillcaravanpark.co.uk/,https://www.staticcaravanparks.co.uk/parks/wales/rosehill-caravan-park,01437 781 245,,,,master_parks_working.csv (Confirmed - ukparks.com directory),Pembrokeshire,The Havens,South Wales,no,enquire,
Sandy Beach Caravan Park,LL65 4YH,http://www.sandybeachanglesey.co.uk/,https://www.staticcaravanparks.co.uk/parks/wales/sandy-beach-caravan-park,01407 730 302,,,,master_parks_working.csv (Confirmed - ukparks.com directory),Isle of Anglesey,Llanfaethlu,North Wales,yes,enquire,
Sarnfaen Holiday Park,LL43 2AQ,https://www.sarnfaen.co.uk,https://www.staticcaravanparks.co.uk/parks/wales/sarnfaen-holiday-park,01341 247 241,,,,master_parks_working.csv (Confirmed - ukparks.com directory),Gwynedd,Dyffryn Ardudwy,North Wales,no,no sales found,
Searivers Caravan Park,SY24 5JZ,http://www.seariversleisure.co.uk,https://www.staticcaravanparks.co.uk/parks/wales/searivers-caravan-park,01970871399,,,,master_parks_working.csv (Confirmed - ukparks.com directory),Ceredigion,Borth,North Wales,no,listings not scraped,Sea Rivers Leisure
Seven Springs,SY23 5LZ,https://www.luxurylodgegroup.com,https://www.staticcaravanparks.co.uk/parks/wales/seven-springs-lodge-park,,,,,master_parks_working.csv (Confirmed - ukparks.com directory),Ceredigion,Llansantffraed,South Wales,no,listings,
Shrublands Caravan Park,SA69 9HH,https://www.shrublandscaravanpark.com,https://www.staticcaravanparks.co.uk/parks/wales/shrublands-caravan-park,07813 330 228,,,,master_parks_working.csv (Confirmed - ukparks.com directory),Pembrokeshire,Saundersfoot,South Wales,no,enquire,
Silver Birch Caravan Park,CH8 9JN,https://www.bancroftleisure.co.uk,https://www.staticcaravanparks.co.uk/parks/wales/silver-birch-caravan-park,,,,,master_parks_working.csv (Confirmed - ukparks.com directory),Flintshire,Llanasa,North Wales,no,enquire,Bancroft Leisure
Smithy Caravan Park,SY15 6ND,http://www.smithypark.co.uk/,https://www.staticcaravanparks.co.uk/parks/wales/smithy-caravan-park,01584 711280,,,,master_parks_working.csv (Confirmed - ukparks.com directory),Powys,Abermule with Llandyssil,North Wales,no,enquire,
Sunrise Bay Holiday Park,SA33 5LP,https://www.sunrisebay.co.uk,https://www.staticcaravanparks.co.uk/parks/wales/sunrise-bay-holiday-park,01267 241 394,,,,master_parks_working.csv (Confirmed - ukparks.com directory),Carmarthenshire,Llansteffan,South Wales,yes,enquire,
Swallow Tree Gardens,SA69 9DE,http://www.swallowtree.com,https://www.staticcaravanparks.co.uk/parks/wales/swallow-tree-gardens,01834 812 398,,,,master_parks_working.csv (Confirmed - ukparks.com directory),Pembrokeshire,St. Mary Out Liberty,South Wales,no,blocked,
Tan Y Bryn,LL31 9JZ,https://www.tanybrynfarm.co.uk,https://www.staticcaravanparks.co.uk/parks/wales/tan-y-bryn,01492 546 307,,,,master_parks_working.csv (Confirmed - ukparks.com directory),Conwy,Llandudno,North Wales,no,blocked,
Tan Y Don Caravan Park,LL19 7UT,https://www.bancroftleisure.co.uk,https://www.staticcaravanparks.co.uk/parks/wales/tan-y-don-caravan-park,01745 853 749,,,,master_parks_working.csv (Confirmed - ukparks.com directory),Denbighshire,Prestatyn,North Wales,yes,enquire,Bancroft Leisure
Tanat Caravan Park,SY22 6LH,https://www.tanatholidaypark.co.uk,https://www.staticcaravanparks.co.uk/parks/wales/tanat-caravan-park,,,,,master_parks_working.csv (Website found - sale relevance unconfirmed),Powys,Carreghofa,Central England,no,no sales found,
The Warren,LL53 7AA,https://haulfrynholidays.co.uk,https://www.staticcaravanparks.co.uk/parks/wales/the-warren,01758 714 100,,,,master_parks_working.csv (Confirmed - part of existing scraper coverage),Gwynedd,Llanengan,North Wales,no,listings not scraped,Haulfryn
Trefach Holiday Park,SA66 7RU,http://www.trefachholidaypark.co.uk,https://www.staticcaravanparks.co.uk/parks/wales/trefach-holiday-park,01994 419 225,,,,master_parks_working.csv (Confirmed - ukparks.com directory),Pembrokeshire,Mynachlog-Ddu,South Wales,no,listings,
Tudor Glen Caravan Park,SA70 7SS,https://www.tudorglencaravanpark.com,https://www.staticcaravanparks.co.uk/parks/wales/tudor-glen-caravan-park,01834871417,,,,master_parks_working.csv (Confirmed - ukparks.com directory),Pembrokeshire,Manorbier,South Wales,no,no sales found,
Ty Canol Caravan Park,LL20 7UL,http://www.tycanolcaravanpark.com,https://www.staticcaravanparks.co.uk/parks/wales/ty-canol-caravan-park,01978 861 297,,,,master_parks_working.csv (Confirmed - ukparks.com directory),Denbighshire,Llangollen,North Wales,no,enquire,
Ty Craig Holiday Park,SY20 8PU,https://www.tycraigcaravanpark.co.uk,https://www.staticcaravanparks.co.uk/parks/wales/ty-craig-holiday-park,01970 832 339,,,,master_parks_working.csv (Confirmed - for sale content found),Ceredigion,Llangynfelyn,North Wales,no,listings,
Ty Gwyn Caravan and Camping Park,SA43 1QH,https://www.tygwynpark.co.uk,https://www.staticcaravanparks.co.uk/parks/wales/ty-gwyn-caravan-and-camping-park,,,,,master_parks_working.csv (Confirmed - for sale content found),Ceredigion,Y Ferwig,South Wales,no,listings not scraped,
Ty Newydd Caravan Park,LL53 7LE,https://www.ty-newydd-abersoch.co.uk,https://www.staticcaravanparks.co.uk/parks/wales/ty-newydd-caravan-park,01758 712 752,,,,master_parks_working.csv (Confirmed - ukparks.com directory),Gwynedd,Llanengan,North Wales,no,blocked,
Ty Newydd Leisure Park,LL76 8TZ,https://www.tynewydd.com,https://www.staticcaravanparks.co.uk/parks/wales/ty-newydd-leisure-park,01248 450 677,,,,master_parks_working.csv (Confirmed - ukparks.com directory),Isle of Anglesey,Llanfair-Mathafarn-Eithaf,North Wales,no,no sales found,
Tyddyn Llan,LL34 6TN,http://www.tyddynllancaravanpark.co.uk,https://www.staticcaravanparks.co.uk/parks/wales/tyddyn-llan,,,,,master_parks_working.csv (Confirmed - ukparks.com directory),Conwy,Penmaenmawr,North Wales,no,enquire,
Tyddyn Llwyn Caravan Park,LL49 9UR,https://www.tyddynllwyn.com,https://www.staticcaravanparks.co.uk/parks/wales/tyddyn-llwyn-caravan-park,01766 752 205,,,,master_parks_working.csv (Confirmed - ukparks.com directory),Gwynedd,Porthmadog,North Wales,yes,enquire,
Tyn Towyn Caravan Park,LL65 2YS,https://www.caravan-park-anglesey.co.uk,https://www.staticcaravanparks.co.uk/parks/wales/tyn-towyn-caravan-park,,,,,master_parks_working.csv (Confirmed - ukparks.com directory),Isle of Anglesey,Trearddur,North Wales,no,enquire,Caravan Park Anglesey
Tyn Y Cae Caravan Park,LL53 6LL,https://www.llyncaravans.co.uk,https://www.staticcaravanparks.co.uk/parks/wales/tyn-y-cae-caravan-park,,,,,master_parks_working.csv (Confirmed - ukparks.com directory),Gwynedd,Nefyn,North Wales,no,blocked,
TynyCoed,LL55 2AQ,http://www.tynycoedcaravanparkllanrug.wales/,https://www.staticcaravanparks.co.uk/parks/wales/tynycoed,,,,,master_parks_working.csv (Confirmed - ukparks.com directory),Gwynedd,Llanrug,North Wales,no,enquire,
Valley View Holiday Park,SY21 9DL,http://www.brightwaterlakes.co.uk/home.html,https://www.staticcaravanparks.co.uk/parks/wales/valley-view-holiday-park,01938 500265,,,,master_parks_working.csv (Found (in original directory)),Powys,Meifod,North Wales,no,enquire,
Waen Farm Caravan Park,LL68 0RG,https://www.waenfarm.co.uk,https://www.staticcaravanparks.co.uk/parks/wales/waen-farm-caravan-park,,,,,master_parks_working.csv (Confirmed - ukparks.com directory),Isle of Anglesey,Mechell,North Wales,no,blocked,
Warren Parc,SY20 8NN,https://www.warrenparc.co.uk,https://www.staticcaravanparks.co.uk/parks/wales/warren-parc,01654 702 054,,,,master_parks_working.csv (Confirmed - ukparks.com directory),Powys,Cadfarch,North Wales,no,enquire,
Well Park Caravans,SA70 8TL,https://www.wellparkcaravans.co.uk,https://www.staticcaravanparks.co.uk/parks/wales/well-park-caravans,,,,,master_parks_working.csv (Confirmed - ukparks.com directory),Pembrokeshire,St. Mary Out Liberty,South Wales,no,enquire,
West Point Beach Resort,LL54 5EH,http://www.westpointresort.co.uk,https://www.staticcaravanparks.co.uk/parks/wales/west-point-beach-resort,01286 660400,,,,master_parks_working.csv (Confirmed - ukparks.com directory),Gwynedd,Clynnog,North Wales,no,blocked,
Woodland Hideaway,SA44 6PP,https://www.woodlandhideawaypark.co.uk,https://www.staticcaravanparks.co.uk/parks/wales/woodland-hideaway,01239 851333,,,,master_parks_working.csv (Confirmed - ukparks.com directory),Ceredigion,Penbryn,South Wales,no,enquire,
Woodlands Holiday Park,LL36 9UH,http://www.woodlandsholidayparkllanon.co.uk/index.html,https://www.staticcaravanparks.co.uk/parks/wales/woodlands-holiday-park,,,,,master_parks_working.csv (Confirmed - ukparks.com directory),Gwynedd,Bryn-crug,North Wales,no,enquire,
Ysgboriau Tywyn Caravan Park,LL36 9RY,http://www.ysguboriaucaravanpark.co.uk,https://www.staticcaravanparks.co.uk/parks/wales/ysgboriau-tywyn-caravan-park,01654 712 287,,,,master_parks_working.csv (Found (in original directory)),Gwynedd,Bryn-crug,North Wales,no,enquire,
Gower Holiday Village,SA3 1AY,https://www.gowerholidayvillage.co.uk,https://www.staticcaravanparks.co.uk/parks/wales/gower-holiday-village,01792 390 431,,,,master_parks_working.csv (Confirmed - ukparks.com directory),Swansea,Port Eynon,South Wales,no,blocked,
Peniarth Caravan Park,LL36 9UD,https://www.peniarth.com,https://www.staticcaravanparks.co.uk/parks/wales/peniarth-caravan-park,01654710101,,,,master_parks_working.csv (Confirmed - ukparks.com directory),Gwynedd,Llanegryn,North Wales,no,no sales found,
Island Meadow Caravan Park,B95 6JP,https://www.islandmeadowcaravanpark.co.uk,https://www.staticcaravanparks.co.uk/parks/warwickshire/island-meadow-caravan-park,01789 488 273,,,,master_parks_working.csv (Confirmed - ukparks.com directory),Warwickshire,Aston Cantlow,Central England,no,no sales found,
Rayford Caravan Park,CV37 6BE,https://www.stratfordparks.co.uk,https://www.staticcaravanparks.co.uk/parks/warwickshire/rayford-caravan-park,01789 293 438,,,,master_parks_working.csv (Confirmed - ukparks.com directory),Warwickshire,Stratford-upon-Avon,Central England,no,blocked,Stratford Parks
Welford Park,CV37 9EY,https://www.smithparkhomes.co.uk,https://www.staticcaravanparks.co.uk/parks/warwickshire/welford-park,01789 570 649,,,,master_parks_working.csv (Confirmed - ukparks.com directory),Warwickshire,Stratford-upon-Avon,Central England,no,enquire,
Wixford Grange,B49 6DG,http://www.wixfordgrange.com,https://www.staticcaravanparks.co.uk/parks/warwickshire/wixford-grange,,,,,master_parks_working.csv (Confirmed - ukparks.com directory),Warwickshire,Wixford,Central England,no,blocked,
Acre Farm Caravan Park,DY14 9DS,http://www.acrefarmcaravans.co.uk/,https://www.staticcaravanparks.co.uk/parks/worcestershire/acre-farm-caravan-park,01299 266 458,,,,master_parks_working.csv (Found (in original directory)),Shropshire,Cleobury Mortimer,Central England,no,enquire,
Austcliffe Holiday Homes Park,DY10 3UR,http://www.austcliffeparkhomes.co.uk/,https://www.staticcaravanparks.co.uk/parks/worcestershire/austcliffe-holiday-homes-park,01562 851277,,,,master_parks_working.csv (Found (in original directory)),Worcestershire,Wolverley and Cookley,Central England,no,blocked,
Blakehouse Farm Caravan Park,WR15 8NS,http://www.blakehousefarmcaravanpark.com/?page_id,https://www.staticcaravanparks.co.uk/parks/worcestershire/blakehouse-farm-caravan-park,01584 881 313,,,,master_parks_working.csv (Found (in original directory)),Worcestershire,Eastham,Central England,no,enquire,
Butt Town Caravan Park,DY12 1AN,http://www.butt-town.com,https://www.staticcaravanparks.co.uk/parks/worcestershire/butt-town-caravan-park,07944 533751,,,,master_parks_working.csv (Confirmed - ukparks.com directory),Worcestershire,Bewdley,Central England,no,enquire,
Caldicotts Caravan Park,WR6 6TD,http://www.caldicottscaravanpark.co.uk/#/contact-us/4552311498,https://www.staticcaravanparks.co.uk/parks/worcestershire/caldicotts-caravan-park,01905 621042,,,,master_parks_working.csv (Found (in original directory)),Worcestershire,Shrawley,Central England,no,enquire,
Coppice Leisure Park,WR6 6YP,https://www.hillandale.co.uk/our-parks/coppice-leisure-park,https://www.staticcaravanparks.co.uk/parks/worcestershire/coppice-leisure-park,01886 888 305,,,,master_parks_working.csv (Confirmed - ukparks.com directory),Worcestershire,Holt,Central England,no,listings not scraped,Hillandale
KnightonOnTeme Caravan Park,WR15 8NA,https://www.kotcaravanpark.co.uk,https://www.staticcaravanparks.co.uk/parks/worcestershire/knightononteme-caravan-park,01584 781 246,,,,master_parks_working.csv (Confirmed - ukparks.com directory),Worcestershire,Knighton on Teme,Central England,no,listings not scraped,
Lickhill Manor,DY13 8RL,https://www.hillandale.co.uk/our-parks/lickhill-manor-caravan-park,https://www.staticcaravanparks.co.uk/parks/worcestershire/lickhill-manor,,,,,master_parks_working.csv (Confirmed - ukparks.com directory),Worcestershire,Stourport-on-Severn,Central England,no,listings not scraped,Hillandale
Lincomb Lock Caravan Park,DY13 9QR,https://www.hillandale.co.uk/our-parks/lincomb-lock-caravan-park,https://www.staticcaravanparks.co.uk/parks/worcestershire/lincomb-lock-caravan-park,01299 823 836,,,,master_parks_working.csv (Confirmed - ukparks.com directory),Worcestershire,Hartlebury,Central England,no,listings not scraped,Hillandale
Offenham Park,WR11 8QT,https://www.offenhampark.co.uk,https://www.staticcaravanparks.co.uk/parks/worcestershire/offenham-park,01386 442 011,,,,master_parks_working.csv (Confirmed - ukparks.com directory),Worcestershire,North and Middle Littleton,Central England,no,listings not scraped,
Ranch Caravan Park,WR11 7PR,https://www.ranch.co.uk,https://www.staticcaravanparks.co.uk/parks/worcestershire/ranch-caravan-park,01386 830 744,,,,master_parks_working.csv (Confirmed - ukparks.com directory),Worcestershire,Honeybourne,Central England,no,listings not scraped,
Riverside Park,WR13 6PE,https://www.riverside-park.co.uk,https://www.staticcaravanparks.co.uk/parks/worcestershire/riverside-park,01684 310 475,,,,master_parks_working.csv (Confirmed - ukparks.com directory),Worcestershire,Guarlford,Central England,no,enquire,
Robin Hood Caravan Park,WR13 6BS,http://www.mossparks.com/robin-hood-park/,https://www.staticcaravanparks.co.uk/parks/worcestershire/robin-hood-caravan-park,,,,,master_parks_working.csv (Confirmed - ukparks.com directory),Worcestershire,Castlemorton,Central England,no,enquire,
Seaborne Leisure,WR5 3JL,https://www.seaborneleisure.co.uk,https://www.staticcaravanparks.co.uk/parks/worcestershire/seaborne-leisure,01905 820 295,,,,master_parks_working.csv (Confirmed - ukparks.com directory),Worcestershire,Kempsey,Central England,no,enquire,
St Michaels Caravan Park,WR15 8TW,https://www.stmichaelscaravans.com,https://www.staticcaravanparks.co.uk/parks/worcestershire/st-michaels-caravan-park,01685 750 665,,,,master_parks_working.csv (Confirmed - ukparks.com directory),Worcestershire,Tenbury,Central England,no,enquire,
Stourport Caravan Park,DY13 0HZ,http://www.stourportcaravanpark.co.uk,https://www.staticcaravanparks.co.uk/parks/worcestershire/stourport-caravan-park,01299 824 400,,,,master_parks_working.csv (Confirmed - ukparks.com directory),Worcestershire,Stourport-on-Severn,Central England,no,blocked,
The Springs,WR10 2PD,https://www.myholidaycaravan.co.uk,https://www.staticcaravanparks.co.uk/parks/worcestershire/the-springs,01386 861 851,,,,master_parks_working.csv (Confirmed - real listing scraped),Worcestershire,Hill and Moor,Central England,no,listings,
The Wharf Caravan Park,WR6 6NN,https://www.thewharfcaravanpark.co.uk,https://www.staticcaravanparks.co.uk/parks/worcestershire/the-wharf-caravan-park,,,,,master_parks_working.csv (Confirmed - ukparks.com directory),Worcestershire,Ombersley,Central England,no,blocked,
Walshes Farm Caravan Park,DY13 0AA,https://www.walshesfarmcaravanpark.co.uk,https://www.staticcaravanparks.co.uk/parks/worcestershire/walshes-farm-caravan-park,01299 877 577,,,,master_parks_working.csv (Confirmed - ukparks.com directory),Worcestershire,Stourport-on-Severn,Central England,no,enquire,
Wigley Orchard Caravan Park,WR15 8QH,https://www.wigleyorchard.co.uk,https://www.staticcaravanparks.co.uk/parks/worcestershire/wigley-orchard-caravan-park,01885 410331,,,,master_parks_working.csv (Confirmed - ukparks.com directory),Worcestershire,Stoke Bliss,Central England,no,blocked,
Winnall Caravan Park,DY13 9RG,http://www.thewinnall.co.uk,https://www.staticcaravanparks.co.uk/parks/worcestershire/winnall-caravan-park,01299 878872  /  07774 652550      /  07834555489,,,,master_parks_working.csv (Confirmed - ukparks.com directory),Worcestershire,Ombersley,Central England,no,enquire,
Aldbrough Leisure Park,HU11 4SA,https://www.aldbroughleisurepark.co.uk,https://www.staticcaravanparks.co.uk/parks/yorkshire/aldbrough-leisure-park,01964 529 292,,,,master_parks_working.csv (Confirmed - ukparks.com directory),East Riding of Yorkshire,Aldbrough,Yorkshire and Humber,no,listings,
Beamsley Mill Caravan Park,BD23 6DJ,http://www.howgill-lodge.co.uk/,https://www.staticcaravanparks.co.uk/parks/yorkshire/beamsley-mill-caravan-park,01756 720 655,,,,master_parks_working.csv (Found (in original directory)),North Yorkshire,Barden,Yorkshire and Humber,no,no sales found,
Hornsea Leisure Park,HU18 1JY,https://www.hornsealeisurepark.co.uk,https://www.staticcaravanparks.co.uk/parks/yorkshire/hornsea-leisure-park,01964 535 352,,,,master_parks_working.csv (Confirmed - ukparks.com directory),East Riding of Yorkshire,Hornsea,Yorkshire and Humber,no,listings,
North Bay Leisure Park,YO16 6TG,https://www.northbayleisurepark.com,https://www.staticcaravanparks.co.uk/parks/yorkshire/north-bay-leisure-park,01262 673 733,,,,master_parks_working.csv (Confirmed - ukparks.com directory),East Riding of Yorkshire,Bridlington,Yorkshire and Humber,no,listings,
Staithes Chalet & Caravan Park,TS13 5AD,https://www.facebook.com/StaithesChaletCaravanPark/,https://www.staticcaravanparks.co.uk/parks/yorkshire/staithes-chalet-caravan-park,01947840352,,,,master_parks_working.csv (Found (in original directory)),North Yorkshire,Hinderwell,North East,no,blocked,
Studfold Caravan Park,HG3 5SQ,https://www.studfold.com,https://www.staticcaravanparks.co.uk/parks/yorkshire/studfold-caravan-park,01423 755084,,,,master_parks_working.csv (Confirmed - ukparks.com directory),North Yorkshire,Stonebeck Down,Yorkshire and Humber,no,enquire,
Tocketts Mill Country Park,TS14 6QA,https://www.tockettsmill.co.uk,https://www.staticcaravanparks.co.uk/parks/yorkshire/tocketts-mill-country-park-restaurant,01287 610 182,,,,master_parks_working.csv (Confirmed - ukparks.com directory),Redcar and Cleveland,Guisborough,North East,no,listings,
Westfield Caravan Park,HG3 5BX,https://westfieldfarmcaravanpark.co.uk,https://www.staticcaravanparks.co.uk/parks/yorkshire/westfield-caravan-park,07800 606204,,,,master_parks_working.csv (Found (in original directory)),North Yorkshire,Stonebeck Down,Yorkshire and Humber,no,enquire,
Allerton Park Caravan Park,HG5 0SE,https://www.yorkshireholidayparks.co.uk,https://www.staticcaravanparks.co.uk/parks/yorkshire/allerton-park-caravan-park,01423 330 569,,,,master_parks_working.csv (Confirmed - ukparks.com directory),North Yorkshire,Allerton Mauleverer with Hopperton,Yorkshire and Humber,no,listings,Yorkshire Holiday Parks
Applegrove Holiday Park,YO13 0DD,http://www.applegrovecountrypark.com/,https://www.staticcaravanparks.co.uk/parks/yorkshire/applegrove-holiday-park,01158 962 430,,,,master_parks_working.csv (Found (in original directory)),North Yorkshire,Burniston,Yorkshire and Humber,no,blocked,
Arosa Caravan Park Ltd,YO12 4QB,https://www.arosacamping.co.uk,https://www.staticcaravanparks.co.uk/parks/yorkshire/arosa-caravan-park-ltd,01723 862 166,,,,master_parks_working.csv (Confirmed - ukparks.com directory),North Yorkshire,Seamer,Yorkshire and Humber,no,no sales found,
Ashfield Caravan and Camping Park,YO17 6UU,https://www.ashfieldcaravanpark.co.uk,https://www.staticcaravanparks.co.uk/parks/yorkshire/ashfield-caravan-and-camping-park,01653 668555,,,,master_parks_working.csv (Confirmed - ukparks.com directory),North Yorkshire,Kirby Misperton,Yorkshire and Humber,no,no sales found,
Barcourt Estate Caravan Park,HU18 1JT,http://www.barcourtestate.co.uk/,https://www.staticcaravanparks.co.uk/parks/yorkshire/barcourt-estate-caravan-park,01964 532364,,,,master_parks_working.csv (Found (in original directory)),East Riding of Yorkshire,Hornsea,Yorkshire and Humber,no,blocked,
Black Bull Caravan Park,YO18 8EA,http://www.blackbullcaravanpark.com/,https://www.staticcaravanparks.co.uk/parks/yorkshire/black-bull-caravan-park,01751 472 528,,,,master_parks_working.csv (Found (in original directory)),North Yorkshire,Pickering,Yorkshire and Humber,no,enquire,
Blackwell Ox Inn and Caravan Park,TS9 7DJ,http://blackwellox.co.uk/,https://www.staticcaravanparks.co.uk/parks/yorkshire/blackwell-ox-inn-and-caravan-park,01642 712287,,,,master_parks_working.csv (Found (in original directory)),North Yorkshire,Carlton,Yorkshire and Humber,no,blocked,
Blazefield Caravan Park,HG3 5NG,https://www.blazefieldcaravans.co.uk,https://www.staticcaravanparks.co.uk/parks/yorkshire/blazefield-caravan-park,01423 711 139,,,,master_parks_working.csv (Confirmed - ukparks.com directory),North Yorkshire,High and Low Bishopside,Yorkshire and Humber,no,enquire,Blazefield Caravans
Blue Rose Caravan and Country Park,YO25 8RU,http://www.bluerosepark.com/,https://www.staticcaravanparks.co.uk/parks/yorkshire/blue-rose-caravan-and-country-park,01964 543 366,,,,master_parks_working.csv (Found (in original directory)),East Riding of Yorkshire,Brandesburton,Yorkshire and Humber,no,enquire,
Bridlington Links Golf & Leisure Estate,YO15 1DW,https://www.pure-leisure.co.uk,https://www.staticcaravanparks.co.uk/parks/yorkshire/bridlington-links-golf-leisure-estate,,,,,master_parks_working.csv (Confirmed - part of existing scraper coverage),East Riding of Yorkshire,Bridlington,Yorkshire and Humber,no,listings not scraped,Pure Leisure
Bronte Caravan Park,BD21 5QF,http://www.dalescaravanparks.co.uk/,https://www.staticcaravanparks.co.uk/parks/yorkshire/bronte-caravan-park,01535 691 746,,,,master_parks_working.csv (Found (in original directory)),Bradford,Cullingworth,Yorkshire and Humber,no,listings,
Brook Farm Park,YO7 2ES,https://www.brookfarmpark.co.uk,https://www.staticcaravanparks.co.uk/parks/yorkshire/brook-farm-park,01845597357,,,,master_parks_working.csv (Confirmed - ukparks.com directory),North Yorkshire,Sutton-under-Whitestonecliffe,Yorkshire and Humber,no,no sales found,
Brown Bank Caravan Park,BD20 0NN,http://www.brownbankcaravanpark.co.uk/,https://www.staticcaravanparks.co.uk/parks/yorkshire/brown-bank-caravan-park,01535 653241,,,,master_parks_working.csv (Found (in original directory)),Bradford,Silsden,Yorkshire and Humber,no,enquire,
Browns Caravan Park,YO11 3NN,https://www.brownscaravanpark.com,https://www.staticcaravanparks.co.uk/parks/yorkshire/browns-caravan-park,01723 582 303,,,,master_parks_working.csv (Confirmed - ukparks.com directory),North Yorkshire,Cayton,Yorkshire and Humber,no,listings not scraped,
Bulmer Farm Lodges Ltd,YO17 6SA,https://www.bulmerfarmlodges.co.uk,https://www.staticcaravanparks.co.uk/parks/yorkshire/bulmer-farm-lodges-ltd,01653 694330,,,,master_parks_working.csv (Confirmed - ukparks.com directory),North Yorkshire,Habton,Yorkshire and Humber,no,enquire,
Burnside Leisure Park,YO13 0HR,https://flowerofmay.com,https://www.staticcaravanparks.co.uk/parks/yorkshire/burnside-leisure-park,01723 363157,,,,master_parks_working.csv (Confirmed - part of existing scraper coverage),North Yorkshire,Burniston,Yorkshire and Humber,no,listings not scraped,Flower of May
Burnt House Holiday Park,YO21 2BG,https://www.burnthousecaravanpark.co.uk,https://www.staticcaravanparks.co.uk/parks/yorkshire/burnt-house-holiday-park,01947 840448,,,,master_parks_working.csv (Confirmed - ukparks.com directory),North Yorkshire,Ugthorpe,Yorkshire and Humber,no,listings not scraped,
Burton Constable Holiday Park,HU11 4LJ,http://www.burtonconstableholidaypark.co.uk,https://www.staticcaravanparks.co.uk/parks/yorkshire/burton-constable-holiday-park,01964 562 508,,,,master_parks_working.csv (Confirmed - ukparks.com directory),East Riding of Yorkshire,Burton Constable,Yorkshire and Humber,no,listings not scraped,
Cardale Estate Caravan Park,HG3 1QL,http://www.cardale-estate.co.uk/#about,https://www.staticcaravanparks.co.uk/parks/yorkshire/cardale-estate-caravan-park,,,,,master_parks_working.csv (Found (in original directory)),North Yorkshire,Beckwithshaw,Yorkshire and Humber,no,blocked,
Castle Howard Lakeside Holiday Park,YO60 7DD,https://www.castlehowardholidayhomes.co.uk/,https://www.staticcaravanparks.co.uk/parks/yorkshire/castle-howard-lakeside-holiday-park,01653 648 316,,,,master_parks_working.csv (Confirmed - ukparks.com directory),North Yorkshire,Coneysthorpe,Yorkshire and Humber,no,listings,
Cawood Holiday Park,YO8 3TT,http://www.cawoodpark.com,https://www.staticcaravanparks.co.uk/parks/yorkshire/cawood-holiday-park,01757 268450,,,,master_parks_working.csv (Confirmed - ukparks.com directory),North Yorkshire,Cawood,Yorkshire and Humber,yes,listings,
Chantry Country Retreat,DL8 4NA,https://www.parkleisure.co.uk,https://www.staticcaravanparks.co.uk/parks/yorkshire/chantry-country-retreat,01969 622 372,,,,"master_parks_working.csv (Confirmed - multi-park operator (new, not yet in scraper))",North Yorkshire,West Witton,Yorkshire and Humber,no,blocked,Park Leisure
Charity Farm Caravan Park,YO15 1EH,http://www.charityfarm-caravanpark.co.uk/about.html,https://www.staticcaravanparks.co.uk/parks/yorkshire/charity-farm-caravan-park,,,,,master_parks_working.csv (Found (in original directory)),East Riding of Yorkshire,Bridlington,Yorkshire and Humber,no,blocked,
Chestnut Farm Holiday Park,YO23 2UQ,https://www.chestnutfarmhp.co.uk,https://www.staticcaravanparks.co.uk/parks/yorkshire/chestnut-farm-holiday-park,01904 704 676,,,,master_parks_working.csv (Confirmed - ukparks.com directory),York,Acaster Malbis,Yorkshire and Humber,no,no sales found,
Cliff Farm Caravan Park,YO11 3NN,http://www.brownscaravans.co.uk/,https://www.staticcaravanparks.co.uk/parks/yorkshire/cliff-farm-caravan-park,01723 582 239,,,,master_parks_working.csv (Found (in original directory)),North Yorkshire,Cayton,Yorkshire and Humber,no,no sales found,
Cliff Top Caravan Park,YO25 8DF,https://www.goodwinleisureparks.co.uk/,https://www.staticcaravanparks.co.uk/parks/yorkshire/cliff-top-caravan-park,01964 530 404,,,,master_parks_working.csv (Confirmed - ukparks.com directory),East Riding of Yorkshire,Atwick,Yorkshire and Humber,no,listings not scraped,
Cliffe Country Lodge Park,YO8 6PA,http://www.cliffecountrylodges.co.uk,https://www.staticcaravanparks.co.uk/parks/yorkshire/cliffe-country-lodge-park,01757 638 984,,,,master_parks_working.csv (Found (in original directory)),North Yorkshire,Cliffe,Yorkshire and Humber,no,enquire,
Coneygarth Lakes and Lodges,YO25 8RT,https://www.coneygarthlakesandlodges.co.uk,https://www.staticcaravanparks.co.uk/parks/yorkshire/coneygarth-lakes-and-lodges,01964 542 250,,,,master_parks_working.csv (Confirmed - ukparks.com directory),East Riding of Yorkshire,Brandesburton,Yorkshire and Humber,no,enquire,
Cote Ghyll Caravan and Camping Park,DL6 3AH,https://www.coteghyll.com,https://www.staticcaravanparks.co.uk/parks/yorkshire/cote-ghyll-caravan-and-camping-park,01609 883 425,,,,master_parks_working.csv (Confirmed - ukparks.com directory),North Yorkshire,Osmotherley,Yorkshire and Humber,no,enquire,
Dacre Lakeside Park,YO25 8RT,https://www.dacrepark.co.uk,https://www.staticcaravanparks.co.uk/parks/yorkshire/dacre-lakeside-park,01964 543 704,,,,master_parks_working.csv (Confirmed - ukparks.com directory),East Riding of Yorkshire,Brandesburton,Yorkshire and Humber,no,enquire,
Dalesway Caravan Park,BD23 3NS,http://daleswayholidaypark.com,https://www.staticcaravanparks.co.uk/parks/yorkshire/dalesway-caravan-park,07977 011215,,,,master_parks_working.csv (Found (in original directory)),North Yorkshire,Gargrave,Yorkshire and Humber,no,no sales found,
Dene Mouth Caravan Park,TS27 4BL,http://denemouth.co.uk/,https://www.staticcaravanparks.co.uk/parks/yorkshire/dene-mouth-caravan-park,0191 586 0963,,,,master_parks_working.csv (Found (in original directory)),County Durham,Monk Hesleden,North East,no,blocked,
Dobrudden Caravan Park,BD17 5EE,http://www.dobrudden.co.uk/,https://www.staticcaravanparks.co.uk/parks/yorkshire/dobrudden-caravan-park,01274 581016,,,,master_parks_working.csv (Found (in original directory)),Bradford,Baildon,Yorkshire and Humber,no,enquire,
Fellbeck Caravan Park,HG3 5ET,http://www.blazefieldcaravans.co.uk,https://www.staticcaravanparks.co.uk/parks/yorkshire/fellbeck-caravan-park,014237711139,,,,master_parks_working.csv (Confirmed - ukparks.com directory),North Yorkshire,High and Low Bishopside,Yorkshire and Humber,no,enquire,Blazefield Caravans
Flamingoland Theme Park and Zoo,YO17 6UX,https://www.flamingoland.co.uk,https://www.staticcaravanparks.co.uk/parks/yorkshire/flamingoland-theme-park-and-zoo,01653 668 287,,,,master_parks_working.csv (Confirmed - ukparks.com directory),North Yorkshire,Kirby Misperton,Yorkshire and Humber,no,enquire,
Flixton Caravan Park,YO11 3UD,https://flixtoncaravanpark.co.uk/,https://www.staticcaravanparks.co.uk/parks/yorkshire/flixton-caravan-park,01723 891644,,,,master_parks_working.csv (Confirmed - ukparks.com directory),North Yorkshire,Folkton,Yorkshire and Humber,no,enquire,
Fosse Hill Caravan Park,YO25 8SB,https://www.fossehill.com,https://www.staticcaravanparks.co.uk/parks/yorkshire/fosse-hill-caravan-park,,,,,master_parks_working.csv (Confirmed - ukparks.com directory),East Riding of Yorkshire,Brandesburton,Yorkshire and Humber,no,no sales found,
Gallaber Park,BD23 4QF,https://www.gallaberpark.com,https://www.staticcaravanparks.co.uk/parks/yorkshire/gallaber-park,01729 851397,,,,master_parks_working.csv (Confirmed - ukparks.com directory),North Yorkshire,Hellifield,Yorkshire and Humber,no,blocked,
Golden Square Caravan Park,YO62 5YQ,https://www.goldensquarecaravanpark.com,https://www.staticcaravanparks.co.uk/parks/yorkshire/golden-square-caravan-park,01439 788 269,,,,master_parks_working.csv (Confirmed - ukparks.com directory),North Yorkshire,Oswaldkirk,Yorkshire and Humber,no,enquire,
Goodenbergh Country Holiday Park,LA2 7EU,https://www.goodenberghleisure.co.uk,https://www.staticcaravanparks.co.uk/parks/yorkshire/goodenbergh-country-holiday-park,01524 262 022,,,,master_parks_working.csv (Confirmed - ukparks.com directory),North Yorkshire,Bentham,Yorkshire and Humber,no,no sales found,
Goosewood Caravan Park,YO61 1ET,https://flowerofmay.com,https://www.staticcaravanparks.co.uk/parks/yorkshire/goosewood-caravan-park,01347 810 829,,,,master_parks_working.csv (Confirmed - part of existing scraper coverage),North Yorkshire,Sutton-on-the-Forest,Yorkshire and Humber,no,listings,Flower of May
Green Grass Park,YO25 8NB,https://www.greengrasspark.info,https://www.staticcaravanparks.co.uk/parks/yorkshire/green-grass-park,01964 542 112,,,,master_parks_working.csv (Confirmed - ukparks.com directory),East Riding of Yorkshire,Brandesburton,Yorkshire and Humber,no,listings not scraped,
Heathfield Caravan Park,HG3 5PY,https://www.heathfieldhp.co.uk,https://www.staticcaravanparks.co.uk/parks/yorkshire/heathfield-caravan-park,,,,,master_parks_working.csv (Confirmed - ukparks.com directory),North Yorkshire,Stonebeck Down,Yorkshire and Humber,no,blocked,
High Moor Farm Park,HG3 2LT,https://www.highmoorfarmpark.co.uk,https://www.staticcaravanparks.co.uk/parks/yorkshire/high-moor-farm-park,01423 563637,,,,master_parks_working.csv (Confirmed - ukparks.com directory),North Yorkshire,Felliscliffe,Yorkshire and Humber,no,no sales found,
Highfield Caravan Park,HU19 2AU,https://www.highfieldcaravanpark.co.uk,https://www.staticcaravanparks.co.uk/parks/yorkshire/highfield-caravan-park,01964 612 233,,,,master_parks_working.csv (Confirmed - ukparks.com directory),East Riding of Yorkshire,Withernsea,Yorkshire and Humber,no,enquire,Highfield Caravan Park
Holderness Country Park,HU12 0JF,http://www.holdernesscountrypark.com,https://www.staticcaravanparks.co.uk/parks/yorkshire/holderness-country-park,,,,,master_parks_working.csv (Confirmed - ukparks.com directory),East Riding of Yorkshire,Roos,Yorkshire and Humber,no,enquire,
Jacobs Mount Caravan Park,YO12 5NL,https://flowerofmay.com,https://www.staticcaravanparks.co.uk/parks/yorkshire/jacobs-mount-caravan-park,01723 361 178,,,,master_parks_working.csv (Confirmed - part of existing scraper coverage),North Yorkshire,Scarborough,Yorkshire and Humber,no,listings not scraped,Flower of May
Knight Stainforth Caravan and Camping Park,BD24 0DP,https://www.knightstainforth.co.uk,https://www.staticcaravanparks.co.uk/parks/yorkshire/knight-stainforth-caravan-and-camping-park,01729 822 200,,,,master_parks_working.csv (Confirmed - ukparks.com directory),North Yorkshire,Stainforth,Yorkshire and Humber,no,no sales found,
Langcliffe Caravan Park,BD24 9LX,https://www.langcliffe.com,https://www.staticcaravanparks.co.uk/parks/yorkshire/langcliffe-caravan-park,01729 822 387,,,,master_parks_working.csv (Confirmed - ukparks.com directory),North Yorkshire,Langcliffe,Yorkshire and Humber,no,listings not scraped,
Leyburn Caravan Park,DL8 5DQ,https://www.leyburncaravanpark.co.uk,https://www.staticcaravanparks.co.uk/parks/yorkshire/leyburn-caravan-park,,,,,master_parks_working.csv (Confirmed - ukparks.com directory),North Yorkshire,Leyburn,Yorkshire and Humber,no,listings not scraped,
Lindale Holiday Park,DL8 1TA,https://www.lindalepark.co.uk,https://www.staticcaravanparks.co.uk/parks/yorkshire/lindale-holiday-park,01677 450842,36.0,,,master_parks_working.csv (Confirmed - ukparks.com directory),North Yorkshire,Newton-le-Willows,Yorkshire and Humber,no,no sales found,
Longmeadows Holiday Park,HU19 2BT,https://www.long-meadows.co.uk,https://www.staticcaravanparks.co.uk/parks/yorkshire/longmeadows-holiday-park,01964 613 319,,,,master_parks_working.csv (Confirmed - ukparks.com directory),East Riding of Yorkshire,Withernsea,Yorkshire and Humber,no,enquire,
Lowcroft Leisure Park,HU18 1JN,https://flowerofmay.com,https://www.staticcaravanparks.co.uk/parks/yorkshire/lowcroft-leisure-park,01964535314,,,,master_parks_working.csv (Confirmed - part of existing scraper coverage),East Riding of Yorkshire,Hornsea,Yorkshire and Humber,no,listings not scraped,Flower of May
Manor House Farm Caravan Park,HG3 4JS,http://www.manorhousecaravans.co.uk,https://www.staticcaravanparks.co.uk/parks/yorkshire/manor-house-farm-caravan-park,01423 780 322,,,,master_parks_working.csv (Confirmed - ukparks.com directory),North Yorkshire,Hartwith cum Winsley,Yorkshire and Humber,no,no sales found,
Moor End Farm,YO23 2UQ,https://www.moor-end-farm.co.uk,https://www.staticcaravanparks.co.uk/parks/yorkshire/moor-end-farm,01904 706 727,,,,master_parks_working.csv (Confirmed - ukparks.com directory),York,Acaster Malbis,Yorkshire and Humber,no,no sales found,
Norlands Caravan Park,YO16 6XA,https://www.norlandspark.com,https://www.staticcaravanparks.co.uk/parks/yorkshire/norlands-caravan-park,01262 424 369,,,,master_parks_working.csv (Confirmed - ukparks.com directory),East Riding of Yorkshire,Bridlington,Yorkshire and Humber,no,no sales found,
Old Hall Holiday Park,YO51 9BZ,http://www.yhlparks.co.uk,https://www.staticcaravanparks.co.uk/parks/yorkshire/old-hall-holiday-park,01423 322 130,,,,master_parks_working.csv (Confirmed - ukparks.com directory),North Yorkshire,Langthorpe,Yorkshire and Humber,no,listings not scraped,YHL Parks
Otterington Park,DL7 9JB,https://flowerofmay.com,https://www.staticcaravanparks.co.uk/parks/yorkshire/otterington-park,01609 780 656,,,,master_parks_working.csv (Confirmed - part of existing scraper coverage),North Yorkshire,South Otterington,Yorkshire and Humber,no,listings not scraped,Flower of May
Poplar Farm Caravan Park,YO23 2UQ,http://www.poplarfarm-caravans.co.uk,https://www.staticcaravanparks.co.uk/parks/yorkshire/poplar-farm-caravan-park,01904 706 548,,,,master_parks_working.csv (Confirmed - ukparks.com directory),York,Acaster Malbis,Yorkshire and Humber,no,listings not scraped,
Prospect Farm Caravan Park,YO14 9PL,https://www.happyvans.co.uk,https://www.staticcaravanparks.co.uk/parks/yorkshire/prospect-farm-caravan-park,01262678689,,,,master_parks_working.csv (Confirmed - ukparks.com directory),North Yorkshire,Gristhorpe,Yorkshire and Humber,no,enquire,
Reynard Crag Holiday Park,HG3 2JQ,https://www.reynardcragpark.co.uk,https://www.staticcaravanparks.co.uk/parks/yorkshire/reynard-crag-holiday-park,01423 772828,,,,master_parks_working.csv (Confirmed - ukparks.com directory),North Yorkshire,Birstwith,Yorkshire and Humber,no,listings not scraped,
Richmond Caravan Park,DL10 4TH,https://www.richmondcaravanpark.co.uk,https://www.staticcaravanparks.co.uk/parks/yorkshire/richmond-caravan-park,01748 822362,48.0,,,master_parks_working.csv (Confirmed - ukparks.com directory),North Yorkshire,Richmond,Yorkshire and Humber,no,listings,
Rigg Farm Caravan Park,YO22 4LP,http://www.riggfarmcaravanpark.co.uk,https://www.staticcaravanparks.co.uk/parks/yorkshire/rigg-farm-caravan-park,01947 880 430,,,,master_parks_working.csv (Confirmed - ukparks.com directory),North Yorkshire,Hawsker-cum-Stainsacre,Yorkshire and Humber,no,enquire,
Ripley Caravan Park,HG3 3AU,https://www.ripleycaravanpark.com,https://www.staticcaravanparks.co.uk/parks/yorkshire/ripley-caravan-park,01423 770 050,,,,master_parks_working.csv (Confirmed - ukparks.com directory),North Yorkshire,Ripley,Yorkshire and Humber,no,no sales found,
River Laver Holiday Park,HG4 2QR,https://www.riverlaver.co.uk,https://www.staticcaravanparks.co.uk/parks/yorkshire/river-laver-holiday-park,01765 690 508,,,,master_parks_working.csv (Confirmed - ukparks.com directory),North Yorkshire,Ripon,Yorkshire and Humber,no,enquire,
Riverside Meadows Caravan Park,HG4 1JD,https://flowerofmay.com,https://www.staticcaravanparks.co.uk/parks/yorkshire/riverside-meadows-caravan-park,01765 602964,,,,master_parks_working.csv (Confirmed - part of existing scraper coverage),North Yorkshire,Ripon,Yorkshire and Humber,no,listings,Flower of May
Rosedale Abbey Caravan Park,YO18 8SA,https://flowerofmay.com,https://www.staticcaravanparks.co.uk/parks/yorkshire/rosedale-abbey-caravan-park,01751 417272,,,,master_parks_working.csv (Confirmed - part of existing scraper coverage),North Yorkshire,Rosedale East Side,Yorkshire and Humber,no,listings not scraped,Flower of May
Rudding Park,HG3 1JH,https://www.ruddingholidaypark.co.uk,https://www.staticcaravanparks.co.uk/parks/yorkshire/rudding-park,01423 870 439,,,,master_parks_working.csv (Confirmed - ukparks.com directory),North Yorkshire,Follifoot,Yorkshire and Humber,no,listings not scraped,
SandLeMere Caravan Park,HU12 0JF,https://www.parkholidays.com,https://www.staticcaravanparks.co.uk/parks/yorkshire/sandlemere-caravan-park,01964 670 403,,,,master_parks_working.csv (Confirmed - part of existing scraper coverage),East Riding of Yorkshire,Roos,Yorkshire and Humber,no,enquire,Park Holidays
Sandy Beaches Caravan Site Ltd,HU12 0UB,https://www.sandybeaches.co.uk,https://www.staticcaravanparks.co.uk/parks/yorkshire/sandy-beaches-caravan-site-ltd,01964 650 372,,,,master_parks_working.csv (Confirmed - ukparks.com directory),East Riding of Yorkshire,Easington,Yorkshire and Humber,no,enquire,
Seaside Caravan Park,YO25 8TT,https://www.seaside-caravan-park.co.uk,https://www.staticcaravanparks.co.uk/parks/yorkshire/seaside-caravan-park,01262 468 228,,,,master_parks_working.csv (Confirmed - ukparks.com directory),East Riding of Yorkshire,Ulrome,Yorkshire and Humber,no,no sales found,
Spring Willows Holiday Park,YO12 4SB,https://www.springwillows.co.uk,https://www.staticcaravanparks.co.uk/parks/yorkshire/spring-willows-holiday-park,01723 891 505,,,,master_parks_working.csv (Confirmed - ukparks.com directory),North Yorkshire,Willerby,Yorkshire and Humber,no,listings,
St Helenas Park,LS18 5HZ,http://www.sthelenscaravanpark.co.uk,https://www.staticcaravanparks.co.uk/parks/yorkshire/st-helenas-park,0113 2841142,,,,master_parks_working.csv (Confirmed - ukparks.com directory),Leeds,Bramhope,Yorkshire and Humber,no,no sales found,
Swaleview Caravan Park,DL10 4SF,https://www.swaleviewpark.co.uk,https://www.staticcaravanparks.co.uk/parks/yorkshire/swaleview-caravan-park,01748 823 106,,,,master_parks_working.csv (Confirmed - ukparks.com directory),North Yorkshire,Hudswell,Yorkshire and Humber,no,enquire,
The White House Caravan Park,YO15 3QN,https://www.thewhitehouseleisurepark.co.uk,https://www.staticcaravanparks.co.uk/parks/yorkshire/the-white-house-caravan-park,01262 673 894,,,,master_parks_working.csv (Confirmed - ukparks.com directory),East Riding of Yorkshire,Bridlington,Yorkshire and Humber,no,listings,
The Willows Holiday Park,HU19 2PN,https://www.willowsholidaypark.co.uk,https://www.staticcaravanparks.co.uk/parks/yorkshire/the-willows-holiday-park,,,,,master_parks_working.csv (Confirmed - ukparks.com directory),East Riding of Yorkshire,Hollym,Yorkshire and Humber,no,listings not scraped,
Top View Caravan Park,YO25 8TP,https://www.topviewleisurepark.co.uk/,https://www.staticcaravanparks.co.uk/parks/yorkshire/top-view-caravan-park,,,,,master_parks_working.csv (Confirmed - ukparks.com directory),East Riding of Yorkshire,Ulrome,Yorkshire and Humber,no,listings not scraped,
Trees Caravan Park,LA6 3NZ,https://www.greenwoodleghe.co.uk,https://www.staticcaravanparks.co.uk/parks/yorkshire/trees-caravan-park,01524 241 511,,,,master_parks_working.csv (Confirmed - ukparks.com directory),North Yorkshire,Thornton in Lonsdale,Yorkshire and Humber,no,enquire,Greenwood Leghe
Warren Forest Caravan Park,HG3 3LH,http://www.warrenforestpark.co.uk,https://www.staticcaravanparks.co.uk/parks/yorkshire/warren-forest-caravan-park,01765 620 683,,,,master_parks_working.csv (Confirmed - ukparks.com directory),North Yorkshire,Warsill,Yorkshire and Humber,no,enquire,
Watersedge Caravan Park,YO25 8RY,https://www.pthorn.co.uk,https://www.staticcaravanparks.co.uk/parks/yorkshire/watersedge-caravan-park,01964 544 357,,,,master_parks_working.csv (Confirmed - ukparks.com directory),East Riding of Yorkshire,Brandesburton,Yorkshire and Humber,no,blocked,
Weir Caravan Park,YO41 1AN,https://www.yorkshireholidayparks.co.uk,https://www.staticcaravanparks.co.uk/parks/yorkshire/weir-caravan-park,01759 371 377,,,,master_parks_working.csv (Confirmed - ukparks.com directory),East Riding of Yorkshire,Stamford Bridge,Yorkshire and Humber,no,listings,Yorkshire Holiday Parks
Windmill Country Park,YO25 3PS,https://www.windmillcountrypark.co.uk,https://www.staticcaravanparks.co.uk/parks/yorkshire/windmill-country-park,,,,,master_parks_working.csv (Confirmed - ukparks.com directory),East Riding of Yorkshire,Burton Fleming,Yorkshire and Humber,no,enquire,
Woodhouse Farm Caravan and Camping Park,HG4 3PG,https://www.woodhousewinksley.com,https://www.staticcaravanparks.co.uk/parks/yorkshire/woodhouse-farm-caravan-and-camping-park,01765 658309,,,,master_parks_working.csv (Confirmed - ukparks.com directory),North Yorkshire,Winksley,Yorkshire and Humber,no,enquire,
York House Caravan Park,YO22 4LW,https://www.yorkhousecaravanpark.co.uk,https://www.staticcaravanparks.co.uk/parks/yorkshire/york-house-caravan-park,,,,,master_parks_working.csv (Confirmed - for sale content found),North Yorkshire,Hawsker-cum-Stainsacre,Yorkshire and Humber,no,enquire,
York House Holiday Park,YO7 2AQ,http://www.yhlparks.co.uk,https://www.staticcaravanparks.co.uk/parks/yorkshire/york-house-holiday-park,,,,,master_parks_working.csv (Confirmed - ukparks.com directory),North Yorkshire,Balk,Yorkshire and Humber,no,listings not scraped,YHL Parks
Yorks Hussar Inn Holiday Caravan Site,HG3 3NR,https://www.yorkshire-hussar-inn.co.uk,https://www.staticcaravanparks.co.uk/parks/yorkshire/yorks-hussar-inn-holiday-caravan-site,01765 677 327,,,,master_parks_working.csv (Confirmed - ukparks.com directory),North Yorkshire,Markington with Wallerthwaite,Yorkshire and Humber,no,no sales found,
Walshs Holiday Park,PE25 1QP,https://www.walshs-skegness.co.uk,,,,,,classify_new_batch.py (not in original reference table),Lincolnshire,Skegness,Central England,yes,listings not scraped,
Coole Acres Fishery and Leisure Park,CW5 8AY,https://cooleacresfishery.co.uk,,,,,,classify_new_batch.py (not in original reference table),Cheshire East,Newhall,North West,no,enquire,
Bowland Escapes,PR3 2HB,https://www.bowlandescapes.co.uk,,,,,,classify_new_batch.py (not in original reference table),Lancashire,Bowland-with-Leagram,North West,no,enquire,
Whitestone Caravan Park,LA8 9LF,https://www.whitestonecaravan.co.uk,,,,,,classify_new_batch.py (not in original reference table),Westmorland and Furness,Selside and Fawcett Forest,North West,no,listings not scraped,
Arranview Holiday Park,KA4 8PR,https://www.arranviewholidaypark.co.uk,,,,,,classify_new_batch.py (not in original reference table),East Ayrshire,East Ayrshire,Scotland,no,enquire,
Littlehaven Park,PE24 5QZ,https://www.littlehavenpark.co.uk,,,,,,classify_new_batch.py (not in original reference table),Lincolnshire,Chapel St. Leonards,Central England,yes,enquire,
Merley Court,BH21 3AA,https://merleycourt.co.uk,,,,,,classify_new_batch.py (not in original reference table),"Bournemouth, Christchurch and Poole","Bournemouth, Christchurch and Poole, unparished area",South West,no,listings not scraped,
Blue Hills Touring Park,TR5 0XP,https://bluehillscamping.co.uk/,,,,,,classify_new_batch.py (not in original reference table),Cornwall,St. Agnes,South West,no,enquire,
Devizes Marina Village Lodges,SN10 2RH,http://www.devizesmarina.com,,,,,,classify_new_batch.py (not in original reference table),Wiltshire,Bishops Cannings,South West,no,enquire,
Wagtail Country Park,NG32 2HU,https://www.wagtailcountrypark.co.uk,,,,,,classify_new_batch.py (not in original reference table),Lincolnshire,Marston,Central England,no,enquire,
Melmerby Caravan Park,CA10 2NA,https://www.melmerbycaravanpark.co.uk,,,,,,classify_new_batch.py (not in original reference table),Westmorland and Furness,Barton and Pooley Bridge,North West,no,enquire,
Kingfisher Park Hockley,NG32 2FL,https://www.berkeleyparks.co.uk,,,,,,classify_new_batch.py (not in original reference table),Lincolnshire,Allington,Central England,no,listings not scraped,
Broadmeadow Caravan Park,CV37 0NS,https://www.broadmeadow.info,,,,,,classify_new_batch.py (not in original reference table),Warwickshire,Stratford-upon-Avon,Central England,no,listings not scraped,
Strangers Holiday Park and Public House,CO11 2US,https://www.thestrangershome.co.uk,,,,,,classify_new_batch.py (not in original reference table),Essex,Bradfield,General East,no,listings not scraped,
Park Cliffe Camping and Caravan Estate,LA23 3PG,https://www.parkcliffe.co.uk,,,,,,classify_new_batch.py (not in original reference table),Cumbria,Cartmel Fell,North West,no,enquire,
Silverbow Country Park,TR4 9NX,https://www.silverbow.co.uk,,,,,,classify_new_batch.py (not in original reference table),Cornwall,Perranzabuloe,South West,no,listings,
Pinewood Holiday Homes,DT7 3RD,https://www.pinewoodretreat.co.uk,,,,,,classify_new_batch.py (not in original reference table),Devon,Axmouth,South West,yes,listings not scraped,
St Agnes Holiday Park,TR4 8HS,https://www.stagnesholidaypark.com,,,,,,classify_new_batch.py (not in original reference table),Cornwall,St. Agnes,South West,no,listings,
Roydon Marina Village,CM19 5EJ,https://www.roydonmarinavillage.co.uk,,,,,,classify_new_batch.py (not in original reference table),Essex,Roydon,General East,no,enquire,
Hampshire Hills Two Hoots Glamping Site,SO24 9SG,https://www.TwoHootsGlampingSite.co.uk,,,,,,classify_new_batch.py (not in original reference table),Hampshire,Bighton,South East,no,enquire,
Swainswood Leisure Park and Spa,DE12 6JD,https://www.tomhartleyparkhomes.com,,,,,,classify_new_batch.py (not in original reference table),Derbyshire,Overseal,Central England,no,listings not scraped,
Auchnahillin Holiday Park,IV2 5XQ,https://www.auchnahillin.co.uk,,,,,,classify_new_batch.py (not in original reference table),Highland,Highland,Scotland,no,enquire,
Orchard Holiday Park,NR23 1LT,https://www.orchardcaravans.com,,,,,,classify_new_batch.py (not in original reference table),Norfolk,Wells-next-the-Sea,General East,yes,enquire,
Clun Valley Lodges,SY7 0HU,https://www.clunvalleylodges.co.uk,,,,,,classify_new_batch.py (not in original reference table),Shropshire,Clunbury,Central England,no,enquire,
Black Leases Holiday Park,CA10 1XS,https://www.blackleasesholidaypark.co.uk,,,,,,classify_new_batch.py (not in original reference table),Westmorland and Furness,Kirkby Thore,North West,no,enquire,
Barlings Country Holiday Park,LN3 5DF,https://www.barlingscountrypark.co.uk,,,,,,classify_new_batch.py (not in original reference table),Lincolnshire,Barlings,Central England,no,enquire,
Kennack Sands Park,TR12 7LT,https://www.kennack.co.uk,,,,,,classify_new_batch.py (not in original reference table),Cornwall,Grade-Ruan,South West,no,listings,
Dovecote Riverside Park,CV37 0NS,https://avon-estates.co.uk/,,,,,,classify_new_batch.py (not in original reference table),Warwickshire,Stratford-upon-Avon,Central England,no,listings not scraped,Avon Estates
Silver Trees Holiday Park,WS15 2TX,https://www.silvertreesholidaypark.co.uk,,,,,,classify_new_batch.py (not in original reference table),Staffordshire,Brindley Heath,Central England,no,listings not scraped,
Severn Gorge Park,TF7 4JB,https://www.severngorgepark.co.uk,,,,,,classify_new_batch.py (not in original reference table),Telford and Wrekin,Madeley,Central England,no,enquire,
Ribble Valley View,BB6 8AW,https://www.ribblevalleyview.com,,,,,,classify_new_batch.py (not in original reference table),Lancashire,Billington and Langho,North West,no,listings not scraped,
The Wolds Retreat,LN7 6RU,https://www.greensparkhomes.co.uk,,,,,,classify_new_batch.py (not in original reference table),Lincolnshire,Caistor,Central England,no,enquire,
The Hollies Camping and Leisure Resort,NR33 7PQ,http://www.thehollieskessingland.co.uk,,,,,,classify_new_batch.py (not in original reference table),Suffolk,Kessingland,General East,no,listings not scraped,
Aysgarth Luxury Lodges,DL8 3SP,https://www.leisureresorts.co.uk/parks/aysgarth,,,,,,classify_new_batch.py (not in original reference table),North Yorkshire,Aysgarth,Yorkshire and Humber,no,enquire,Leisure Resorts
Treworgans Holiday Park,TR8 5HH,https://www.treworgansholidaypark.co.uk,,,,,,classify_new_batch.py (not in original reference table),Cornwall,Cubert,South West,no,enquire,
Riviere Sands Holiday Park,TR27 5AX,https://www.haven.com/parks/cornwall/riviere-sands,,01736 752132,,,,classify_new_batch.py (not in original reference table),Cornwall,Hayle,South West,yes,enquire,Haven
Hazelwood Holiday Park,EX7 0PF,http://www.hazelwood.co.uk,,,,,,classify_new_batch.py (not in original reference table),Devon,Dawlish,South West,yes,enquire,
Ocean Cove Coastal Resort,PL34 0AZ,https://www.ocean-cove.co.uk,,,,,,classify_new_batch.py (not in original reference table),Cornwall,Tintagel,South West,yes,enquire,
Fairview Holiday Park,HR6 0SD,https://www.fairviewholidaypark.co.uk,,,,,,classify_new_batch.py (not in original reference table),Herefordshire,Hatfield and Newhampton,Central England,no,listings not scraped,
Beaconsfield Holiday Park,SY4 4BE,https://www.beaconsfieldholidaypark.co.uk,,,,,,classify_new_batch.py (not in original reference table),Shropshire,Hadnall,Central England,no,enquire,
Waterside Caravan Park Sedbergh,LA10 5EF,https://www.watersidecaravanpark.co.uk/,,,,,,classify_new_batch.py (not in original reference table),Westmorland and Furness,Firbank,North West,no,enquire,
Bowbrook Lodges,WR10 2DX,http://www.bowbrooklodges.co.uk,,,,,,classify_new_batch.py (not in original reference table),Worcestershire,Pinvin,Central England,no,enquire,
Castlewood Holiday Park,BT56 8PD,https://blairsholidayparks.com,,,,,,classify_new_batch.py (not in original reference table),Causeway Coast and Glens,Causeway Coast and Glens,Northern Ireland,no,enquire,
Groobys Pit Incorporating Bellwater Park,PE24 4QT,https://www.fishskegness.co.uk/,,,,,,classify_new_batch.py (not in original reference table),Lincolnshire,Thorpe St. Peter,Central England,no,enquire,
Woodwards Lakes and Lodges,DN3 3EH,https://www.woodwardlakesandlodges.co.uk,,,,,,classify_new_batch.py (not in original reference table),Doncaster,Armthorpe,Yorkshire and Humber,no,listings not scraped,
Alston Farm Campsite,TQ7 3BJ,https://www.alstoncampsite.co.uk,,,,,,classify_new_batch.py (not in original reference table),Devon,Malborough,South West,no,enquire,
Gap Caravan Site,NR27 9PA,https://gapcaravansite.co.uk,,,,,,classify_new_batch.py (not in original reference table),Norfolk,Runton,General East,yes,enquire,
Church Stile Holiday Park,CA20 1ET,https://www.churchstile.com,,,,,,classify_new_batch.py (not in original reference table),Cumberland,Wasdale,North West,no,enquire,
Ladycross Plantation,YO21 1UA,https://www.ladycrossplantation.co.uk,,,,,,classify_new_batch.py (not in original reference table),North Yorkshire,Egton,Yorkshire and Humber,no,enquire,
Lightwater Tarns Country Park,LA8 9EE,https://www.lightwatertarns.co.uk,,,,,,classify_new_batch.py (not in original reference table),Westmorland and Furness,Selside and Fawcett Forest,North West,no,enquire,
Woodthorpe Leisure Park,LN13 0DD,http://www.woodthorpeleisurepark.com,,,,,,classify_new_batch.py (not in original reference table),Lincolnshire,Strubby with Woodthorpe,Central England,no,enquire,
Widend Touring Park,TQ3 1RT,http://www.widend.com,,,,,,classify_new_batch.py (not in original reference table),Devon,Marldon,South West,no,enquire,
Summerhill Holiday Park,LA23 3PG,http://www.summerhillholidaypark.co.uk/,,,,,,classify_new_batch.py (not in original reference table),Cumbria,Cartmel Fell,North West,no,enquire,
Hardwick Park,OX29 7PZ,https://www.hardwickparks.co.uk,,,,,,classify_new_batch.py (not in original reference table),Oxfordshire,Standlake,South East,no,enquire,
Betchworth Fort Park,KT20 7JJ,https://www.betchworthfortpark.com/,,,,,,classify_new_batch.py (not in original reference table),Surrey,"Mole Valley, unparished area",South East,no,enquire,
Lucksall Holiday Park,HR1 4LP,http://www.lucksallpark.co.uk,,,,,,classify_new_batch.py (not in original reference table),"Herefordshire, County of",Fownhope,Central England,no,listings not scraped,
Mundesley Holiday Village,NR11 8BT,http://www.mundesleyholidayvillage.co.uk,,,,,,classify_new_batch.py (not in original reference table),Norfolk,Paston,General East,yes,listings not scraped,
Fine Country Lodges,DN14 7NY,http://www.finecountrylodges.co.uk,,,,,,classify_new_batch.py (not in original reference table),East Riding of Yorkshire,Bubwith,Yorkshire and Humber,no,enquire,
Beamish Holiday Park,DH9 0RY,https://www.beamishholidaypark.co.uk,,,,,,classify_new_batch.py (not in original reference table),Gateshead,Lamesley,North East,no,listings not scraped,
Greenfield Caravan Park Mablethorpe,LN12 2PU,https://www.greenfieldcaravanpark.com,,,,,,classify_new_batch.py (not in original reference table),Lincolnshire,Mablethorpe and Sutton,Central England,yes,listings not scraped,
Trelay Holiday Park,PL13 2JX,http://www.trelay.co.uk,,,,,,classify_new_batch.py (not in original reference table),Cornwall,Pelynt,South West,no,listings not scraped,
Praa Sands Holiday Park,SL6 4FL,http://www.haulfrynholidayhomes.co.uk,,,,,,classify_new_batch.py (not in original reference table),Windsor and Maidenhead,"Windsor and Maidenhead, unparished area",South East,no,listings,
Lamb Cottage Country Park,CW8 2BN,https://www.lambcottage.co.uk,,,,,,classify_new_batch.py (not in original reference table),Cheshire,Whitegate and Marton,North West,no,enquire,
Robin Hood Park,CA12 4RJ,https://www.robinhoodpark.co.uk,,,,,,classify_new_batch.py (not in original reference table),Cumberland,Bassenthwaite,North West,no,enquire,
Fir Trees Caravan and Lodge Park,CH1 6QF,http://www.firtreescaravanpark.com,,,,,,classify_new_batch.py (not in original reference table),Flintshire,Sealand,North Wales,no,enquire,
Stanmore Hall Touring Park,SY8 4AD,https://www.morris-leisure.co.uk,,,,,,classify_new_batch.py (not in original reference table),,,,,listings not scraped,Morris Leisure
Riverside Park Stratford,CV37 0NS,http://www.stratfordparks.co.uk,,,,,,classify_new_batch.py (not in original reference table),Warwickshire,Stratford-upon-Avon,Central England,no,listings not scraped,Stratford Parks
Yaxham Waters Holiday Park,NR19 1RF,http://www.yaxhamwaters.co.uk,,,,,,classify_new_batch.py (not in original reference table),Norfolk,Yaxham,General East,no,listings not scraped,
Steadings Caravan Park,IP12 4NS,http://www.steadingspark.co.uk/,,,,,,classify_new_batch.py (not in original reference table),Suffolk,Newbourne,General East,no,enquire,
Little Lakes Holiday Park,DY12 2UZ,http://www.littlelakespark.co.uk,,,,,,classify_new_batch.py (not in original reference table),Worcestershire,Ribbesford,Central England,no,listings not scraped,
Quiet Waters Caravan Park,PE28 9AJ,https://www.quietwaterscaravanpark.co.uk,,,,,,classify_new_batch.py (not in original reference table),Cambridgeshire,Hemingford Abbots,General East,no,enquire,
Wirral Beach Caravan Park,CH47 8XX,https://www.wirralbeachcaravanpark.co.uk,,,,,,classify_new_batch.py (not in original reference table),Wirral,"Wirral, unparished area",North West,yes,enquire,
Churchwood Valley,PL9 0DZ,https://www.churchwoodvalley.com,,,,,,classify_new_batch.py (not in original reference table),Devon,Wembury,South West,no,enquire,
Hemsby Beach Holiday Park,NR12 9BX,http://www.richardsonsholidayparks.co.uk,,,,,,classify_new_batch.py (not in original reference table),Norfolk,Stalham,General East,no,listings,
Frost Farm,CT6 6SR,https://www.keatfarm.co.uk,,,,,,classify_new_batch.py (not in original reference table),Kent,"Canterbury, unparished area",South East,yes,listings not scraped,Keat Farm
Sandy Hills Caravan Park,NR12 0AL,https://www.sandyhillscaravanpark.co.uk,,,,,,classify_new_batch.py (not in original reference table),Norfolk,Sea Palling,General East,yes,enquire,
Old Park Wood Holiday Park,LA11 7PP,https://www.oldparkwood.co.uk,,,,,,classify_new_batch.py (not in original reference table),Cumbria,Lower Allithwaite,North West,no,listings not scraped,
Mayfield Park,GL7 7BH,https://www.ukparks.com/park/mayfield-park/,,,,,,classify_new_batch.py (not in original reference table),Gloucestershire,,,,no sales found,
Beverley Hills Park,WR11 7QP,https://highgroveparks.com/,,,,,,classify_new_batch.py (not in original reference table),Worcestershire,Ashton under Hill,Central England,no,listings not scraped,
Westwood Caravan Site Raynes Quarry,LE65 2AB,https://www.fishergerman.co.uk,,,,,,classify_new_batch.py (not in original reference table),Leicestershire,Ashby de la Zouch,Central England,no,enquire,
Pen Y Banc Woods,SY18 6PQ,https://www.penybancwoods.co.uk,,,,,,classify_new_batch.py (not in original reference table),Powys,Llanidloes Without,South Wales,yes,enquire,
Sunny Lyn Holiday Park,EX35 6NS,http://www.sunnylyn.co.uk,,,,,,classify_new_batch.py (not in original reference table),Devon,Lynton and Lynmouth,South West,yes,enquire,
Foxfield Park,CA11 8SR,http://www.foxfieldpark.co.uk,,,,,,classify_new_batch.py (not in original reference table),Westmorland and Furness,Langwathby,North West,no,enquire,
Mother Iveys Bay Holiday Park,PL6 7TL,https://www.motheriveysbay.com,,,,,,classify_new_batch.py (not in original reference table),Plymouth,"Plymouth, unparished area",South West,no,listings not scraped,
The Horns Dam,PR3 2FJ,https://www.thehornsdam.co.uk,,,,,,classify_new_batch.py (not in original reference table),Lancashire,Goosnargh,North West,no,enquire,
Cofton Holidays,EX6 8RP,https://www.coftonholidays.co.uk,,,,,,classify_new_batch.py (not in original reference table),Devon,Dawlish,South West,no,enquire,
Brackenborough Lakes Resort,LN11 0SZ,https://brackenboroughlakesresort.co.uk/,,,,,,classify_new_batch.py (not in original reference table),Lincolnshire,Brackenborough with Little Grimsby,Central England,no,enquire,
Greenhollows Country Park,CA4 0PT,http://www.greenhollows.co.uk,,,,,,classify_new_batch.py (not in original reference table),Westmorland and Furness,Skelton,North West,no,enquire,
Cakes & Ale Holiday Park,PR9 8DF,https://harrisonholidays.com,,,,,,classify_new_batch.py (not in original reference table),Lancashire,North Meols,North West,no,listings,Harrison Holidays
Wenningdale Escapes,LA2 7AG,https://www.wenningdale.co.uk,,,,,,classify_new_batch.py (not in original reference table),North Yorkshire,Bentham,Yorkshire and Humber,no,enquire,
Camper UK Leisure Park,NG23 7EE,https://www.camperukleisurepark.co.uk/,,,,,,classify_new_batch.py (not in original reference table),Lincolnshire,Eagle and Swinethorpe,Central England,no,enquire,
Harlyn Sands,PL28 8SQ,https://www.harlynsands.co.uk,,,,,,classify_new_batch.py (not in original reference table),Cornwall,St. Merryn,South West,no,listings not scraped,
Hill Of Oaks Lodge and Caravan Park,LA12 8NR,https://www.hillofoaks.co.uk,,,,,,classify_new_batch.py (not in original reference table),Westmorland and Furness,Cartmel Fell,North West,no,enquire,
Pixley End Country Park,HR8 2RA,http://www.maguirepropertymanagement.co.uk/index.htm,,,,,,classify_new_batch.py (not in original reference table),"Herefordshire, County of",Pixley,Central England,no,enquire,
Polstead Country Park,TN15 7PB,https://www.polsteadcountrypark.com,,,,,,classify_new_batch.py (not in original reference table),Kent,Stansted,South East,no,enquire,
Elm Farm Country Park,CO16 0JF,https://www.elmfarmcountrypark.co.uk,,,,,,classify_new_batch.py (not in original reference table),Essex,Thorpe-le-Soken,General East,no,enquire,
Riverside Leisure Hexham,G2 7AT,https://www.riverside-leisure.co.uk,,,,,,classify_new_batch.py (not in original reference table),Glasgow City,Glasgow City,Scotland,yes,enquire,
Cobbleacre Park,NR10 5NL,https://www.cobbleacre.co.uk,,,,,,classify_new_batch.py (not in original reference table),Norfolk,Hevingham,General East,no,listings not scraped,
Lighthouse Park Newquay,GL51 0TF,http://www.lightparkhomes.co.uk,,,,,,classify_new_batch.py (not in original reference table),Gloucestershire,Staverton,South West,no,listings not scraped,
Leonards Cove,TQ6 0NR,http://www.leonardscove.co.uk,,,,,,classify_new_batch.py (not in original reference table),Devon,Stoke Fleming,South West,no,listings,
Dickinson Place,CA15 6QE,https://www.dickinsonplace.co.uk,,,,,,classify_new_batch.py (not in original reference table),Cumberland,Allonby,North West,no,enquire,
Florence Springs Luxury Lodges,SA70 8RJ,http://www.florencespringslodges.co.uk,,,,,,classify_new_batch.py (not in original reference table),Pembrokeshire,St. Florence,South Wales,no,enquire,
Augill Beck Park,CA17 4DX,https://www.augillbeck.co.uk,,,,,,classify_new_batch.py (not in original reference table),Westmorland and Furness,Brough,North West,no,listings not scraped,
Gunby Lake Holiday Park,PE23 5SL,https://www.gunbylake.com,,,,,,classify_new_batch.py (not in original reference table),Lincolnshire,Orby,Central England,no,enquire,
Wyndham Holiday Park,PE6 7UB,https://www.pioneercaravans.co.uk,,,,,,classify_new_batch.py (not in original reference table),Peterborough,Eye,General East,no,listings not scraped,
Woodcot Caravan Park,PO11 9NU,https://www.fishers-park.com,,,,,,classify_new_batch.py (not in original reference table),Hampshire,"Havant, unparished area",South East,yes,listings not scraped,
Glen Caravan Park,DY14 8EL,https://www.hillandale.co.uk/our-parks/glen-caravan-park,,,,,,classify_new_batch.py (not in original reference table),Worcestershire,Cleobury Mortimer,Central England,no,listings not scraped,Hillandale
Clumber Park Lodges,S80 3BQ,https://www.clumberparklodges.co.uk,,,,,,classify_new_batch.py (not in original reference table),Nottinghamshire,Clumber and Hardwick,Central England,no,listings not scraped,
Homelands Park,WV16 6GB,https://www.homelandschorley.co.uk,,,,,,classify_new_batch.py (not in original reference table),Shropshire,Stottesdon,Central England,no,listings not scraped,
The Green Caravan Park,SY9 5EF,http://www.greencaravanpark.co.uk/,,,,,,classify_new_batch.py (not in original reference table),Shropshire,Wentnor,Central England,no,enquire,
Manleigh Park,NN18 9EZ,http://www.manleighparkdevon.co.uk,,,,,,classify_new_batch.py (not in original reference table),North Northamptonshire,Corby,Central England,no,enquire,
The Little Paddock,LL18 5HR,https://www.thelittlepaddock.com,,,,,,classify_new_batch.py (not in original reference table),Conwy,Kinmel Bay and Towyn,North Wales,yes,enquire,
Pentire,TN39 5ES,https://www.parkholidays.com,,,,,,classify_new_batch.py (not in original reference table),East Sussex,Bexhill-on-Sea,South East,no,listings,Park Holidays
Colchester Country Park,TN15 7PB,https://www.colchestercountrypark.com,,,,,,classify_new_batch.py (not in original reference table),Kent,Stansted,South East,no,enquire,
Longlands Holiday Park,LA17 7XZ,https://www.LonglandsPark.co.uk,,,,,,classify_new_batch.py (not in original reference table),Cumbria,Kirkby Ireleth,North West,no,listings not scraped,
Scarborough Lodge Retreat,YO12 4BG,https://www.scarboroughlogcabins.co.uk/,,,,,,classify_new_batch.py (not in original reference table),North Yorkshire,Scarborough,Yorkshire and Humber,no,listings,
Beach Farm Residential and Holiday Park,NR33 7BD,http://www.beachfarmpark.co.uk,,,,,,classify_new_batch.py (not in original reference table),Suffolk,Lowestoft,General East,no,enquire,
Waldegraves Holiday Park,C05 8SE,http://www.waldegraves.co.uk,,,,,,classify_new_batch.py (not in original reference table),,,,,enquire,
Osea Leisure Park,CM9 4SA,https://www.osealeisure.com,,,,,,classify_new_batch.py (not in original reference table),Essex,Heybridge,General East,no,enquire,
High Bracken Lodges,LA8 0HS,http://www.highbrackenlodges.co.uk,,,,,,classify_new_batch.py (not in original reference table),Westmorland and Furness,Preston Patrick,North West,no,enquire,
Resipole Farm Holiday Park,PH36 4HX,https://www.resipole.co.uk,,,,,,classify_new_batch.py (not in original reference table),Scotland,Highland,Scotland,yes,listings not scraped,
Blackwater Lodge Retreat,CM9 4RA,https://blackwaterlodgeretreat.co.uk,,,,,,classify_new_batch.py (not in original reference table),Essex,Heybridge,General East,no,listings not scraped,
Orleton Rise Holiday Park,SY8 4JE,https://www.orletonrise.co.uk,,,,,,classify_new_batch.py (not in original reference table),Shropshire,Orleton,Central England,no,listings not scraped,
Marina View Littlehampton,BN17 5DS,https://www.littlehamptonmarina.co.uk,,,,,,classify_new_batch.py (not in original reference table),West Sussex,Littlehampton,South East,yes,enquire,
Blazefield Caravan Site,HG3 5NG,https://www.blazefieldcaravans.co.uk,,,,,,classify_new_batch.py (not in original reference table),North Yorkshire,High and Low Bishopside,Yorkshire and Humber,no,enquire,Blazefield Caravans
Avonwood Holiday Home Park,LA12 8NR,https://www.avonwoodholidayhomepark.co.uk,,,,,,classify_new_batch.py (not in original reference table),Cumbria,Cartmel Fell,North West,no,enquire,
Eckington Riverside Holiday Park,WR10 3DD,https://www.eckingtoncaravanpark.co.uk,,,,,,classify_new_batch.py (not in original reference table),Worcestershire,Eckington,Central England,no,enquire,
Silverhill Woodland Retreats,NG17 3JJ,https://silverhillwoodlandretreats.co.uk/holiday-homes/,,,,,,classify_new_batch.py (not in original reference table),Nottinghamshire,"Ashfield, unparished area",Central England,no,listings not scraped,
Gunvenna Touring Caravan and Camping Park,PL27 6QN,http://www.gunvenna.com,,,,,,classify_new_batch.py (not in original reference table),Cornwall,St. Minver Highlands,South West,no,enquire,
Dartmouth Grove,TQ9 7FX,https://dartmouthgrovelodges.co.uk,,,,,,classify_new_batch.py (not in original reference table),Devon,Cornworthy,South West,no,enquire,
Whitsand Bay Fort Holiday Park,PL10 1JZ,https://www.whitsandbayfort.co.uk,,,,,,classify_new_batch.py (not in original reference table),Cornwall,St. John,South West,no,enquire,
Mill on the Mole Residential Park,BS26 2LS,https://vowlesparks.co.uk,,,,,,classify_new_batch.py (not in original reference table),Somerset,Weare,South West,no,enquire,
Silverdyke Park,KY10 3FN,https://www.silverdykepark.co.uk,,,,,,classify_new_batch.py (not in original reference table),Scotland,Fife,Scotland,yes,enquire,
Silver Sands Holiday Park Helston,TR12 7LZ,https://www.silversandsholidaypark.co.uk,,,,,,classify_new_batch.py (not in original reference table),Cornwall,Grade-Ruan,South West,no,listings not scraped,
Leedons Holiday Park,WR12 7HB,https://ardenparks.co.uk/leedonsholiday/,,,,,,classify_new_batch.py (not in original reference table),Worcestershire,Broadway,Central England,no,listings not scraped,Arden Parks
Polruan Holidays,PL23 1QH,https://www.polruanholidays.co.uk,,,,,,classify_new_batch.py (not in original reference table),Cornwall,Lanteglos,South West,no,enquire,
Robinson Crusoes Retreat Lower Largo,LL17 0LJ,https://www.abbeyford.com,,,,,,classify_new_batch.py (not in original reference table),Denbighshire,Cefnmeiriadog,North Wales,no,listings not scraped,Abbeyford
Pooh Cottage Holiday Park,EX9 7AQ,https://www.poohcottage.co.uk,,,,,,classify_new_batch.py (not in original reference table),Devon,East Budleigh,South West,no,enquire,
Oakland Holiday Park,ST19 9LX,https://www.oaklandholidaypark.co.uk,,,,,,classify_new_batch.py (not in original reference table),Staffordshire,Brewood and Coven,Central England,no,listings not scraped,
Windsor Holiday Park,BT33 0LN,https://www.windsorholidaypark.co.uk,,,,,,classify_new_batch.py (not in original reference table),Northern Ireland,"Newry, Mourne and Down",Northern Ireland,no,enquire,
Ullswater Holiday Park,CA11 0LR,http://www.ullswaterholidaypark.co.uk,,,,,,classify_new_batch.py (not in original reference table),Westmorland and Furness,Matterdale,North West,no,enquire,
Highfields Country Holiday Fishing Retreat,NG34 0AT,https://highfields-retreat.co.uk,,,,,,classify_new_batch.py (not in original reference table),Lincolnshire,Threekingham,Central England,no,enquire,
Lime Tree Holiday Park,SK17 9RP,https://www.limetreeparkbuxton.com,,,,,,classify_new_batch.py (not in original reference table),Derbyshire,"High Peak, unparished area",Central England,no,enquire,
Alwyn Park,TA6 3JW,https://www.chiltonpark.co.uk,,,,,,classify_new_batch.py (not in original reference table),Somerset,Chilton Trinity,South West,no,enquire,
Parmontley Hall Country Lodges,NE47 8HH,https://www.parmontleyhall.co.uk,,,,,,classify_new_batch.py (not in original reference table),Northumberland,West Allen,North East,no,listings not scraped,
Polladras Holiday Park,TR13 9NX,https://www.polladrasholidaypark.co.uk,,,,,,classify_new_batch.py (not in original reference table),Cornwall,Breage,South West,no,enquire,
Atlantic Reach,TR8 4LX,https://www.atlanticreach.co.uk,,,,,,classify_new_batch.py (not in original reference table),Cornwall,St. Columb Major,South West,no,listings not scraped,
Royal Vale Caravan Park,WA16 9JD,https://www.royalvale.co.uk,,,,,,classify_new_batch.py (not in original reference table),Cheshire West and Chester,Allostock,North West,no,enquire,
Newby Bridge Country Caravan Park,LA12 8NF,https://www.newbybridgecaravanpark.co.uk,,,,,,classify_new_batch.py (not in original reference table),Cumbria,Staveley-in-Cartmel,North West,no,listings not scraped,
Spring Lea Holiday Park and Fishery,SY5 6QS,https://www.springleapark.co.uk,,,,,,classify_new_batch.py (not in original reference table),Shropshire,Atcham,Central England,no,listings not scraped,
Woodhall Country Park,LN10 6UJ,http://www.woodhallcountrypark.co.uk,,,,,,classify_new_batch.py (not in original reference table),Lincolnshire,Woodhall Spa,Central England,no,enquire,
Hillside Meadow Lodges,YO7 4BR,https://www.hillsidemeadowlodges.co.uk,,,,,,classify_new_batch.py (not in original reference table),North Yorkshire,Knayton with Brawith,Yorkshire and Humber,no,enquire,
Ashby Woulds Lodges and Ashby Retreat,DE12 6ND,https://www.ashbywouldslodges.co.uk,,,,,,classify_new_batch.py (not in original reference table),Leicestershire,Ashby Woulds,Central England,no,enquire,
Hoburne Cotswold Reach Holiday Park,GL7 5UQ,,,,,,,reconciled from raw listings - never in reference/classification data,,,,,listings,
Kingsley Holiday Park,LL22 7PR,https://lyonsholidayparks.co.uk,,,,,,reconciled from raw listings - never in reference/classification data,Wales,,,,listings,Lyons Holiday Parks
Woodlands Hall Holiday Park,LL15 2AN,https://lyonsholidayparks.co.uk,,,,,,reconciled from raw listings - never in reference/classification data,Wales,,,,listings,Lyons Holiday Parks
Winkups Holiday Park,LL22 9EN,https://lyonsholidayparks.co.uk,,,,,,reconciled from raw listings - never in reference/classification data,,,,,listings,Lyons Holiday Parks
Oakfield Holiday Park,LL18 5LH,https://lyonsholidayparks.co.uk,,,,,,reconciled from raw listings - never in reference/classification data,,,,,listings,Lyons Holiday Parks
Sunnyvale Caravan Park (Kinmel Bay),CF64 5XS,,,,,,,reconciled from raw listings - never in reference/classification data,,,,,listings,
Penmarlam Holiday Park,PL23 1LZ,,,,,,,reconciled from raw listings - never in reference/classification data,,,,,listings,
Newbus Grange Country Retreat,DL2 1PE,,,,,,,reconciled from raw listings - never in reference/classification data,,,,,listings,
Mouswald Lodge Park,DG1 4JS,,,,,,,reconciled from raw listings - never in reference/classification data,,,,,listings,
Crook O'Lune Holiday Park,LA2 9HP,,,,,,,reconciled from raw listings - never in reference/classification data,,,,,listings,
Fir Tree Holiday Park,YO16 6YG,https://www.parklink.uk,,,,,,reconciled from raw listings - never in reference/classification data,Yorkshire,,,,listings,
Spring Willows Boutique Holiday Park,YO12 4SB,,,,,,,reconciled from raw listings - never in reference/classification data,,,,,listings,
The Lighthouse Holiday Park,YO15 1AJ,,,,,,,reconciled from raw listings - never in reference/classification data,,,,,listings,
Barnard Castle,TR9 6JB,,,,,,,reconciled from raw listings - never in reference/classification data,,,,,listings,
St Ives Bay Holiday Park,TR27 5BH,https://www.myholidaycaravan.co.uk,,,,,,reconciled from raw listings - never in reference/classification data,,,,,listings,
Hoburne Park,BH23 4HU,,,,,,,reconciled from raw listings - never in reference/classification data,,,,,listings,
Swanage Bay Resort,BH19 2QS,https://www.myholidaycaravan.co.uk,,,,,,reconciled from raw listings - never in reference/classification data,,,,,listings,
Cleethorpes Beach,DN35 0PW,,,,,,,reconciled from raw listings - never in reference/classification data,,,,,listings,
Golden Sands Holiday Park,LN12 1QJ,https://www.haven.com/parks/lincolnshire/golden-sands,,01507 473311,,,,reconciled from raw listings - never in reference/classification data,,,,,listings,Haven
Lyons Moelfre View Holiday Park,LL43 2AQ,,,,,,,reconciled from raw listings - never in reference/classification data,,,,,listings,
Woodcock Caravan Park,WV16 6BN,,,,,,,reconciled from raw listings - never in reference/classification data,,,,,listings,
Oxenleaze Farm,TA4 2QH,,,,,,,reconciled from raw listings - never in reference/classification data,,,,,listings,
Delamere Lakes,CW8 2JL,https://www.parklink.uk,,,,,,reconciled from raw listings - never in reference/classification data,,,,,listings,
Finlake Resort and Spa,TQ13 0EJ,https://www.parklink.uk,,,,,,reconciled from raw listings - never in reference/classification data,,,,,listings,
Golden Sands Holiday Park Northumberland,EX7 0LZ,https://www.parklink.uk,,,,,,reconciled from raw listings - never in reference/classification data,,,,,listings,
Clifftop and Stone Close,NE68 7XY,https://www.parklink.uk,,,,,,reconciled from raw listings - never in reference/classification data,,,,,listings,
Caerwys View Holiday Home Park,CH7 5AD,,,,,,,reconciled from raw listings - never in reference/classification data,,,,,listings,
Haystax Holiday Park,DH8 9BY,https://www.parklink.uk,,,,,,reconciled from raw listings - never in reference/classification data,,,,,listings,
The Oaks Holiday Park,IP10 0BT,https://www.parklink.uk,,,,,,reconciled from raw listings - never in reference/classification data,Suffolk,,,,listings,
Brynteg Coastal & Country Retreat,LL55 4RF,https://www.parklink.uk,,,,,,reconciled from raw listings - never in reference/classification data,,,,,listings,
Golden Sands Dawlish,EX7 0LZ,https://www.parklink.uk,,,,,,reconciled from raw listings - never in reference/classification data,,,,,listings,
Pentire,EX23 9HP,,,,,,,reconciled from raw listings - never in reference/classification data,,,,,listings,
Spindlewood Country Holiday Park,TN35 4JN,https://www.parklink.uk,,,,,,reconciled from raw listings - never in reference/classification data,,,,,listings,
Strathlachlan Caravan Park,PA27 8BU,https://www.parklink.uk,,,,,,reconciled from raw listings - never in reference/classification data,,,,,listings,
Ladera Retreat Lodges,CW12 2NL,https://www.parklink.uk,,,,,,reconciled from raw listings - never in reference/classification data,,,,,listings,
Drimsynie Holiday Village,PA24 8AD,https://www.parklink.uk,,,,,,reconciled from raw listings - never in reference/classification data,,,,,listings,
Three Lochs Holiday Park,DG8 0EP,https://www.parklink.uk,,,,,,reconciled from raw listings - never in reference/classification data,,,,,listings,
Wilberfoss Holiday Park,YO41 5PF,https://www.parklink.uk,,,,,,reconciled from raw listings - never in reference/classification data,,,,,listings,
Coastal Kippford Holiday Park,DG5 4LF,https://www.parklink.uk,,,,,,reconciled from raw listings - never in reference/classification data,,,,,listings,
Heathergate Boutique Holiday Park,NE46 2NN,https://www.parklink.uk,,,,,,reconciled from raw listings - never in reference/classification data,,,,,listings,
Palm Beach Holiday Park,PE31 7AR,https://palmbeachparkheacham.co.uk/,,,,,,reconciled from raw listings - never in reference/classification data,Norfolk,,,,listings,Amber Leisure
Riverside Warkworth,NE65 9AD,https://www.parklink.uk,,,,,,reconciled from raw listings - never in reference/classification data,,,,,listings,
The Foxhunter Park,CT12 4JG,https://www.parklink.uk,,,340.0,,,reconciled from raw listings - never in reference/classification data,,,,,listings,
Retreat Caravan Park,TA8 2ES,,,,,,,reconciled from raw listings - never in reference/classification data,,,,,listings,
Gold Coast Holiday Park,NR27 9PX,http://www.goldcoasthazelbury.co.uk,,,,,,reconciled from raw listings - never in reference/classification data,Norfolk,,,,listings,Gold Coast Hazelbury
Halleaths Caravan Park,DG11 1NA,https://www.parklink.uk,,,,,,reconciled from raw listings - never in reference/classification data,,,,,listings,
Forest View,NE19 1TF,,,,,,,reconciled from raw listings - never in reference/classification data,,,,,listings,
Seabreeze Holiday Park,NR29 4NW,,,,,,,reconciled from raw listings - never in reference/classification data,,,,,listings,
Hazelbury Holiday Park,NR27 9AB,http://www.goldcoasthazelbury.co.uk,,,,,,reconciled from raw listings - never in reference/classification data,Norfolk,,,,listings,Gold Coast Hazelbury
Coast Road,TA8 2QS,https://www.parklink.uk,,,,,,reconciled from raw listings - never in reference/classification data,,,,,listings,
Messingham Lakes,DN17 3PP,https://www.parklink.uk,,,,,,reconciled from raw listings - never in reference/classification data,,,,,listings,
Sunnyvale Caravan and Lodge site,LL18 5AS,https://www.parklink.uk,,,,,,reconciled from raw listings - never in reference/classification data,,,,,listings,
Flower Of May Holiday Park,YO11 3NU,https://www.parklink.uk,,,,,,reconciled from raw listings - never in reference/classification data,Yorkshire,,,,listings,
Sandy Bay Holiday Park,CF64 5XS,,,,,,,reconciled from raw listings - never in reference/classification data,,,,,listings,
Park Lane Holiday Homes,CH47 8XX,https://www.parklink.uk,,,,,,reconciled from raw listings - never in reference/classification data,Cheshire,,,,listings,
Shawhall,L40 8HJ,https://www.parklink.uk,,,,,,reconciled from raw listings - never in reference/classification data,,,,,listings,
Yorkshire Hussar Inn Holiday Caravan Park,HG3 3NR,,,,,,,reconciled from raw listings - never in reference/classification data,,,,,listings,
Beachside Holiday Park,PE24 5XP,,,,,,,reconciled from raw listings - never in reference/classification data,,,,,listings,
Mill Rythe,PO11 0PB,,,,,,,reconciled from raw listings - never in reference/classification data,,,,,listings,
Bath Mill Lodge Retreat,BA2 9JF,https://darwinescapes.co.uk/bath-mill-lodge-retreat/,,,,,,reconciled from raw listings - never in reference/classification data,,,,,listings,Darwin Escapes
Wareham Forest Lodge Retreat,BH16 6LA,https://www.darwinescapes.co.uk/parks/wareham-forest-lodge-retreat/,,,,,,reconciled from raw listings - never in reference/classification data,,,,,listings,Darwin Escapes
Riverside Leisure Park,NE71 6NJ,,,,,,,reconciled from raw listings - never in reference/classification data,Northumberland,Wooler,North East,no,listings,
Tall Trees Holiday Park,LA6 3NZ,,,,,,,reconciled from raw listings - never in reference/classification data,,,,,listings,
Nursery,YO7 3PG,,,,,,,reconciled from raw listings - never in reference/classification data,,,,,listings,
Gwynfair Caravan Park (Trearddur Bay),CF64 5XS,,,,,,,reconciled from raw listings - never in reference/classification data,,,,,listings,
Groesffordd Caravan Park (Glan Conwy),LL28 5NT,,,,,,,reconciled from raw listings - never in reference/classification data,,,,,listings,
Juliots Well Lodge Retreat,PL32 9RF,,,,,,,reconciled from raw listings - never in reference/classification data,,,,,listings,
Ryan Bay Holiday Park,CF64 5XS,,,,,,,reconciled from raw listings - never in reference/classification data,,,,,listings,
Poulton Plaiz Leisure Park,FY6 8AR,,,,,,,reconciled from raw listings - never in reference/classification data,Lancashire,,,,listings,
Goetre Retreat Caravan Park,SY15 6NW,,,,,,,reconciled from raw listings - never in reference/classification data,,,,,listings,
Seaward Holiday Park,DG6 4TJ,,,,,,,reconciled from raw listings - never in reference/classification data,Scotland,,,,listings,
Green Meadow Premier Leisure Park,SA3 1LU,,,,,,,reconciled from raw listings - never in reference/classification data,,,,,listings,
Brixham,TQ5 9EP,https://www.brixhamholidaypark.co.uk,,,,,,reconciled from raw listings - never in reference/classification data,,,,,listings,
Loch Ness Highland Lodges,IV63 7YE,https://www.parklink.uk,,,,,,reconciled from raw listings - never in reference/classification data,,,,,listings,
Shaw Hall Holiday Park,L40 8HJ,https://www.parklink.uk,,,,,,reconciled from raw listings - never in reference/classification data,Lancashire,,,,listings,
Bearwood Park,RG41 5SR,,,,,,,master_parks_working.csv (no website on file),Berkshire,Winnersh,South East,no,no website found,
Crookham Park,RG19 8EA,,,,,,,master_parks_working.csv (no website on file),Berkshire,Thatcham,South East,no,no website found,
Harvey's Nurseries Mobile Home Park,RG4 8TW,,,,,,,master_parks_working.csv (no website on file),Berkshire,"Reading, unparished area",South East,no,no website found,
Hurley Riverside Park,SL6 5NE,,,,,,,master_parks_working.csv (no website on file),Berkshire,Hurley,South East,no,no website found,
Hurleyford Farm Ltd,SL6 5ND,,,,,,,master_parks_working.csv (no website on file),Berkshire,Hurley,South East,no,no website found,
Loddon Court Farm PArk,RG7 1HT,,,,,,,master_parks_working.csv (no website on file),Berkshire,Swallowfield,South East,no,no website found,
Racecourse Marina,SL4 5HT,,,,,,,master_parks_working.csv (no website on file),Berkshire,"Windsor and Maidenhead, unparished area",South East,no,no website found,
Emberton Country Park,MK46 5DB,,,,,,,master_parks_working.csv (no website on file),Buckinghamshire,Emberton,South East,no,no website found,
Harleyford Estate,SL7 2DX,,,,,,,master_parks_working.csv (no website on file),Buckinghamshire,Great Marlow,South East,no,no website found,
Whelpley Hill Park,HP5 3RJ,,,,,,,master_parks_working.csv (no website on file),Buckinghamshire,Ashley Green,South East,no,no website found,
Brookfield Home Park,PE4 6FB,,,,,,,master_parks_working.csv (no website on file),Cambridgeshire,"Peterborough, unparished area",General East,no,no website found,
Floods Ferry Marina Park,PE15 0YP,,,,,,,master_parks_working.csv (no website on file),Cambridgeshire,March,General East,no,no website found,
Gove Country Park,PE13 1LF,,,,,,,master_parks_working.csv (no website on file),Cambridgeshire,Wisbech,General East,yes,no website found,
Heron Cottage Camping & Caravanning,PE12 8SR,,,,,,,master_parks_working.csv (no website on file),Cambridgeshire,Fleet,Central England,no,no website found,
Key Park,PE1 4SN,,,,,,,master_parks_working.csv (no website on file),Cambridgeshire,"Peterborough, unparished area",General East,no,no website found,
Lazy Otter Meadows,CB6 3FS,,,,,,,master_parks_working.csv (no website on file),Cambridgeshire,Stretham,General East,no,no website found,
Little Heath,SG19 3LL,,,,,,,master_parks_working.csv (no website on file),Cambridgeshire,Gamlingay,General East,no,no website found,
Lodeside Caravan Site,CB25 9HX,,,,,,,master_parks_working.csv (no website on file),Cambridgeshire,Waterbeach,General East,no,no website found,
Park Lane Meadows,PE29 2AN,,,,,,,master_parks_working.csv (no website on file),Cambridgeshire,Godmanchester,General East,no,no website found,
Pioneer Caravans,PE6 7UB,,,,,,,master_parks_working.csv (no website on file),Cambridgeshire,Eye,General East,no,no website found,
Pisces Country Park,PE14 9TB,,,,,,,master_parks_working.csv (no website on file),Cambridgeshire,Manea,General East,no,no website found,
Riverside Caravan and Camping Park,CB7 4TA,,,,,,,master_parks_working.csv (no website on file),Cambridgeshire,Littleport,General East,no,no website found,
Astbury Marsh,CW12 4HS,,,,,,,master_parks_working.csv (no website on file),Cheshire,Congleton,North West,no,no website found,
Blakemere Touring & Holiday Park,CW8 2EB,,,,,,,master_parks_working.csv (no website on file),Cheshire,Cuddington (Weaver and Cuddington Ward),North West,no,no website found,
Elm Beds Caravan Park,SK12 1TG,,,,,,,master_parks_working.csv (no website on file),Cheshire,Poynton with Worth,North West,no,no website found,
Ferry Lane Caravan Park,CH1 6QF,,,,,,,master_parks_working.csv (no website on file),Cheshire,Sealand,North Wales,no,no website found,
Forest View Caravan Park,CW8 2TG,,,,,,,master_parks_working.csv (no website on file),Cheshire,Delamere and Oakmere,North West,no,no website found,
Interleisure Parks Ltd,CH1 6QF,,,,,,,master_parks_working.csv (no website on file),Cheshire,Sealand,North Wales,no,no website found,
Ladera Retreat,CW12 2NL,,,,,,,master_parks_working.csv (no website on file),Cheshire,Eaton,North West,no,no website found,
Manchester Sun and Air Society,WA16 9JF,,,,,,,master_parks_working.csv (no website on file),Cheshire,Allostock,North West,no,no website found,
Pickerings Lock Caravan Park,CW8 2RU,,,,,,,master_parks_working.csv (no website on file),Cheshire,Crowton,North West,no,no website found,
Pickmere Lake Caravan Park,WA16 0LG,,,,,,,master_parks_working.csv (no website on file),Cheshire,Pickmere,North West,no,no website found,
River Dane Holiday Park,CW12 4SL,,,,,,,master_parks_working.csv (no website on file),Cheshire,Somerford,North West,no,no website found,
Stoneyfold Caravan Park,SK11 0PR,,,,,,,master_parks_working.csv (no website on file),Cheshire,Bosley,North West,no,no website found,
The Firs Holiday Home Park,CH1 6QF,,,,,,,master_parks_working.csv (no website on file),Cheshire,Sealand,North Wales,no,no website found,
Towyn Road,CH1 6QF,,,,,,,master_parks_working.csv (no website on file),Cheshire,Sealand,North Wales,no,no website found,
Tree Tops Caravan Park,CH8 9JP,,,,,,,master_parks_working.csv (no website on file),Cheshire,Llanasa,North Wales,no,no website found,
Triangle Wood Caravan Park,CH8 9NH,,,,,,,master_parks_working.csv (no website on file),Cheshire,Llanasa,North Wales,no,no website found,
Weaver Vale Park,CW8 4QU,,,,,,,master_parks_working.csv (no website on file),Cheshire,Dutton,North West,no,no website found,
Wizard Country Park,SK10 4UE,,,,,,,master_parks_working.csv (no website on file),Cheshire,Nether Alderley,North West,no,no website found,
Enfield Farm Caravan PArk,WA16 6NU,,,,,,,master_parks_working.csv (no website on file),Cheshire,High Legh,North West,no,no website found,
Chiverton Park,TR4 8HS,,,,,,,master_parks_working.csv (no website on file),Cornwall,St. Agnes,South West,no,no website found,
Atlantic Bays Holiday Park,PL28 8PY,,,,,,,master_parks_working.csv (no website on file),Cornwall,St. Merryn,South West,no,no website found,
Bossiney Bay Caravan Park,PL34 0AY,,,,,,,master_parks_working.csv (no website on file),Cornwall,Tintagel,South West,yes,no website found,
Carvynick Country Club,TR8 5AF,,,,,,,master_parks_working.csv (no website on file),Cornwall,St. Enoder,South West,no,no website found,
Crossed Farm Caravan Park,PL30 5EQ,,,,,,,master_parks_working.csv (no website on file),Cornwall,Luxulyan,South West,no,no website found,
Dinham Farm Caravan Park,PL27 6RH,,,,,,,master_parks_working.csv (no website on file),Cornwall,St. Minver Highlands,South West,yes,no website found,
Glenmorris Park,PL30 3BY,,,,,,,master_parks_working.csv (no website on file),Cornwall,St. Mabyn,South West,no,no website found,
Globe Vale Holiday Park,TR16 4BH,,,,,,,master_parks_working.csv (no website on file),Cornwall,Redruth,South West,no,no website found,
Golden Sands Park,TR27 4RB,,,,,,,master_parks_working.csv (no website on file),Cornwall,Hayle,South West,yes,no website found,
Great Kellow Farm Caravan and Camping Site,PL13 2QL,,,,,,,master_parks_working.csv (no website on file),Cornwall,Polperro,South West,no,no website found,
Gunvenna Holiday Park,PL27 6QN,,,,,,,master_parks_working.csv (no website on file),Cornwall,St. Minver Highlands,South West,no,no website found,
Higher Harlyn Caravan Park,PL28 8SG,,,,,,,master_parks_working.csv (no website on file),Cornwall,St. Merryn,South West,no,no website found,
Hoburne Doublebois,PL14 6LD,,,,,,,master_parks_working.csv (no website on file),Cornwall,Dobwalls,South West,no,no website found,
Little Bodieve Holiday Park,PL27 6EG,,,,,,,master_parks_working.csv (no website on file),Cornwall,Wadebridge,South West,no,no website found,
Little Treamble Farm,TR4 9PR,,,,,,,master_parks_working.csv (no website on file),Cornwall,Perranzabuloe,South West,no,no website found,
Lundynant Caravan Park,PL27 6QX,,,,,,,master_parks_working.csv (no website on file),Cornwall,St. Minver Highlands,South West,no,no website found,
Maribou Holiday Park,PL28 8QA,,,,,,,master_parks_working.csv (no website on file),Cornwall,St. Merryn,South West,no,no website found,
Monkey Tree Holiday Park,TR8 5QR,,,,,,,master_parks_working.csv (no website on file),Cornwall,St. Newlyn East,South West,no,no website found,
Mother Iveys Bay Caravan Park,PL28 8SL,,,,,,,master_parks_working.csv (no website on file),Cornwall,St. Merryn,South West,no,no website found,
Music Water Caravan Touring Park,PL27 7SJ,,,,,,,master_parks_working.csv (no website on file),Cornwall,St. Ervan,South West,no,no website found,
Nancolleth Caravan Gardens,TR8 4PN,,,,,,,master_parks_working.csv (no website on file),Cornwall,St. Newlyn East,South West,no,no website found,
Newquay View Resort,TR8 4AS,,,,,,,master_parks_working.csv (no website on file),Cornwall,Newquay,South West,no,no website found,
Notter Bridge Park,PL12 4RW,,,,,,,master_parks_working.csv (no website on file),Cornwall,Landrake with St. Erney,South West,yes,no website found,
Ocean Cove Holiday Park,PL34 0AZ,,,,,,,master_parks_working.csv (no website on file),Cornwall,Tintagel,South West,yes,no website found,
Penrose Farm Touring Park,TR4 9QF,,,,,,,master_parks_working.csv (no website on file),Cornwall,Perranzabuloe,South West,no,no website found,
Penstowe Park Holiday Village,EX23 9QY,,,,,,,master_parks_working.csv (no website on file),Cornwall,Kilkhampton,South West,no,no website found,
Porthilly Caravan Park,PL27 6JX,,,,,,,master_parks_working.csv (no website on file),Cornwall,St. Minver Lowlands,South West,yes,no website found,
Portlooe Caravan Park,PL13 2HY,,,,,,,master_parks_working.csv (no website on file),Cornwall,Looe,South West,yes,no website found,
Red Post Inn Holiday Park,EX23 9NW,,,,,,,master_parks_working.csv (no website on file),Cornwall,Launcells,South West,no,no website found,
Reen Cross Holiday Park,TR4 9JS,,,,,,,master_parks_working.csv (no website on file),Cornwall,Perranzabuloe,South West,no,no website found,
Roseland Caravan Park,TR19 7RS,,,,,,,master_parks_working.csv (no website on file),Cornwall,St. Just,South West,no,no website found,
Rosella Lanyon Park,TR16 6LP,,,,,,,master_parks_working.csv (no website on file),Cornwall,Carn Brea,South West,no,no website found,
Rydon Park,EX2 7HW,,,,,,,master_parks_working.csv (no website on file),Cornwall,"Exeter, unparished area",South West,no,no website found,
Sandymouth Holiday Resort,EX23 9HW,https://www.darwinescapes.co.uk/parks/sandymouth-holiday-resort/,,,,,,classify_new_batch.py (not in original reference table),Cornwall,,,,enquire,Darwin Escapes
Scotchwell Park,PL13 2HY,,,,,,,master_parks_working.csv (no website on file),Cornwall,Looe,South West,yes,no website found,
Seagull Tourist Park,PL28 8PT,,,,,,,master_parks_working.csv (no website on file),Cornwall,St. Ervan,South West,no,no website found,
Seaview International Holiday Park,PL26 6LL,,,,,,,master_parks_working.csv (no website on file),Cornwall,St. Goran,South West,no,no website found,
Seven Bays Park,PL28 8QA,,,,,,,master_parks_working.csv (no website on file),Cornwall,St. Merryn,South West,no,no website found,
Snowlands Leisure Holiday Parks,PL24 2AE,,,,,,,master_parks_working.csv (no website on file),Cornwall,Tywardreath and Par,South West,no,no website found,
St Day Holiday Park,TR16 5LE,,,,,,,master_parks_working.csv (no website on file),Cornwall,St. Day,South West,no,no website found,
St Mabyn Holiday Park,PL30 3BY,,,,,,,master_parks_working.csv (no website on file),Cornwall,St. Mabyn,South West,no,no website found,
St Merryn Park,PL28 8QA,,,,,,,master_parks_working.csv (no website on file),Cornwall,St. Merryn,South West,no,no website found,
Sun Valley Holiday Park,PL26 6DJ,,,,,,,master_parks_working.csv (no website on file),Cornwall,Pentewan Valley,South West,no,no website found,
Sun Valley Park,TR9 6RN,,,,,,,master_parks_working.csv (no website on file),Cornwall,St. Columb Major,South West,no,no website found,
Trekenning Tourist Park,TR8 4JF,,,,,,,master_parks_working.csv (no website on file),Cornwall,St. Columb Major,South West,no,no website found,
Trelay Farm Park,PL13 2JX,,,,,,,master_parks_working.csv (no website on file),Cornwall,Pelynt,South West,no,no website found,
Trencreek Farm Country Holiday Park,PL26 7JG,,,,,,,master_parks_working.csv (no website on file),Cornwall,Grampound with Creed,South West,no,no website found,
Trennance Holiday Park,TR7 2JY,,,,,,,master_parks_working.csv (no website on file),Cornwall,Newquay,South West,no,no website found,
Trethias Farm Caravan Park,PL28 8PL,,,,,,,master_parks_working.csv (no website on file),Cornwall,St. Merryn,South West,no,no website found,
Trevilledor Caravan Park,TR8 4HQ,,,,,,,master_parks_working.csv (no website on file),Cornwall,St. Ervan,South West,no,no website found,
Trewince Farm Holiday Park,PL27 7RL,,,,,,,master_parks_working.csv (no website on file),Cornwall,St. Issey,South West,no,no website found,
Treyarnon Bay Caravan Park,PL28 8JR,,,,,,,master_parks_working.csv (no website on file),Cornwall,St. Merryn,South West,no,no website found,
Truro Caravan and Camping Park,TR4 8QN,,,,,,,master_parks_working.csv (no website on file),Cornwall,Kenwyn,South West,no,no website found,
Upper Lynstone Camping and Caravan Park,EX23 0LP,https://www.upperlynstone.co.uk,,,,,,classify_new_batch.py (not in original reference table),Cornwall,,,,no sales found,
Valley Caravan Park,PL27 6SS,,,,,,,master_parks_working.csv (no website on file),Cornwall,St. Minver Highlands,South West,no,no website found,
West Wayland Caravan Park,PL13 2JS,,,,,,,master_parks_working.csv (no website on file),Cornwall,Pelynt,South West,no,no website found,
Whitsand Bay Holiday Park Ltd,PL10 1JZ,,,,,,,master_parks_working.csv (no website on file),Cornwall,St. John,South West,no,no website found,
Betsdale Caravan Park,DL13 2RH,,,,49.0,,,master_parks_working.csv (no website on file),County Durham,Stanhope,North East,no,no website found,
Broad Meadows Caravan Park,DH8 9HD,,,,,,,master_parks_working.csv (no website on file),County Durham,Lanchester,North East,no,no website found,
Country Style Holiday Park,DL13 1QL,,,,,,,master_parks_working.csv (no website on file),County Durham,Stanhope,North East,no,no website found,
Cragside Caravan Park,DL13 2HJ,,,,72.0,,,master_parks_working.csv (no website on file),County Durham,Stanhope,North East,no,no website found,
Cragwood Caravan Site,DL14 0NU,,,,,,,master_parks_working.csv (no website on file),County Durham,Evenwood and Barony,North East,no,no website found,
Daleview Caravan Park,DL12 0NG,,,,64.0,,,master_parks_working.csv (no website on file),County Durham,Holwick,North East,no,no website found,
Greenacres Club,DH7 9RH,,,,60.0,,,master_parks_working.csv (no website on file),County Durham,Esh,North East,no,no website found,
Hagg Bridge Caravan Park,DL13 2JY,,,,35.0,,,master_parks_working.csv (no website on file),County Durham,Stanhope,North East,no,no website found,
Happyvale Holiday Park,BT22 2HS,,,,,,,master_parks_working.csv (no website on file),County Durham,Ards and North Down,Northern Ireland,no,no website found,
High Doctors Pasture,DL13 3LT,,,,,,,master_parks_working.csv (no website on file),County Durham,Wolsingham,North East,no,no website found,
Kingfisher Leisure Park,DL13 2SJ,,,,177.0,,,master_parks_working.csv (no website on file),County Durham,Wolsingham,North East,no,no website found,
Linburn Caravan Park,DL13 3PP,,,,,,,master_parks_working.csv (no website on file),County Durham,Hamsterley,North East,no,no website found,
Low Brotherlee Caravan Park,DL13 1SR,,,,,,,master_parks_working.csv (no website on file),County Durham,Stanhope,North East,no,no website found,
Newhall Farm Caravan Park,DL13 3PE,,,,,,,master_parks_working.csv (no website on file),County Durham,South Bedburn,North East,no,no website found,
Oakleaf Caravan Park,DL13 3HU,,,,,,,master_parks_working.csv (no website on file),County Durham,Wolsingham,North East,no,no website found,
Pecknell Farm Caravan Park,DL12 9DF,,,,,,,master_parks_working.csv (no website on file),County Durham,Cotherstone,North East,no,no website found,
Redwell Caravan Site,DL12 8QL,,,,,,,master_parks_working.csv (no website on file),County Durham,Barnard Castle,North East,no,no website found,
Rosebank Caravan Park,BT22 2JZ,,,,,,,master_parks_working.csv (no website on file),County Durham,Ards and North Down,Northern Ireland,no,no website found,
Seaview Park,TS24 9SJ,,,,,,,master_parks_working.csv (no website on file),County Durham,"Hartlepool, unparished area",North East,no,no website found,
Struthers Farm Caravan Site,DH8 9NL,,,,30.0,,,master_parks_working.csv (no website on file),County Durham,Edmondbyers,North East,no,no website found,
The Forge Holiday Home Park,DL13 3JU,,,,,,,master_parks_working.csv (no website on file),County Durham,Wolsingham,North East,no,no website found,
Westgate Camping Site,DL13 1LN,,,,,,,master_parks_working.csv (no website on file),County Durham,Stanhope,North East,no,no website found,
White House Farm,DL13 2JY,,,,,,,master_parks_working.csv (no website on file),County Durham,Stanhope,North East,no,no website found,
Ashes Lane Caravan and Camping Park,LA8 9JS,,,,,,,master_parks_working.csv (no website on file),Cumbria,Nether Staveley,North West,no,no website found,
Beacon Point Caravan Park,LA13 0QD,,,,,,,master_parks_working.csv (no website on file),Cumbria,Barrow,North West,no,no website found,
Benson Hall Caravan Park,LA9 6PL,,,,,,,master_parks_working.csv (no website on file),Cumbria,Skelsmergh and Scalthwaiterigg,North West,no,no website found,
Bolton Mill Farm,CA16 6AL,,,,,,,master_parks_working.csv (no website on file),Cumbria,Bolton,North West,no,no website found,
Cairndale Caravan Park,CA8 9BZ,,,,,,,master_parks_working.csv (no website on file),Cumbria,Cumwhitton,North West,no,no website found,
Calf Lonnings Caravan Park,CA7 3PQ,,,,,,,master_parks_working.csv (no website on file),Cumbria,Westnewton,North West,no,no website found,
Coalbeck Caravan Park,CA12 4RD,,,,,,,master_parks_working.csv (no website on file),Cumbria,Bassenthwaite,North West,no,no website found,
College Green Caravan Park,LA7 7EZ,,,,,,,master_parks_working.csv (no website on file),Cumbria,Heversham,North West,yes,no website found,
Croft Caravan Park,CA22 2UH,,,,,,,master_parks_working.csv (no website on file),Cumbria,Lowside Quarter,North West,no,no website found,
Cross Fell Caravan Park,CA10 1QA,,,,,,,master_parks_working.csv (no website on file),Cumbria,Ousby,North West,no,no website found,
Dalebottom Holiday Park,CA12 4TF,,,,,,,master_parks_working.csv (no website on file),Cumbria,St John's Castlerigg and Wythburn,North West,no,no website found,
Dalston Hall Caravan Park,CA5 7JX,,,,,,,master_parks_working.csv (no website on file),Cumbria,Dalston,North West,no,no website found,
Derwent Water Caravan Park,CA12 5EN,,,,,,,master_parks_working.csv (no website on file),Cumbria,Keswick,North West,no,no website found,
Doe Wood Lodges,LA12 9RU,,,,,,,master_parks_working.csv (no website on file),Cumbria,Aldingham,North West,yes,no website found,
Edenside Caravan Park,CA17 4PE,,,,,,,master_parks_working.csv (no website on file),Cumbria,Kirkby Stephen,North West,no,no website found,
Elm Tree Park,TS25 1FJ,,,,,,,master_parks_working.csv (no website on file),Cumbria,"Hartlepool, unparished area",North East,no,no website found,
Everard Lodge Caravan Park,LA12 8ER,,,,,,,master_parks_working.csv (no website on file),Cumbria,Lowick,North West,no,no website found,
Fair View Caravan Park,LA8 0HY,,,,,,,master_parks_working.csv (no website on file),Cumbria,Preston Patrick,North West,no,no website found,
Fell View Caravan Park,LA8 9ED,,,,,,,master_parks_working.csv (no website on file),Cumbria,Selside and Fawcett Forest,North West,no,no website found,
Fox Inn Caravan Park,CA10 1QA,,,,,,,master_parks_working.csv (no website on file),Cumbria,Ousby,North West,no,no website found,
Gill Head Farm Caravan Park,CA11 0ST,,,,,,,master_parks_working.csv (no website on file),Cumbria,Matterdale,North West,no,no website found,
Gillside Farm Caravan and Camping,CA11 0QQ,,,,,,,master_parks_working.csv (no website on file),Cumbria,Patterdale,North West,no,no website found,
Gilpin Bridge,LA8 8EP,,,,,,,master_parks_working.csv (no website on file),Cumbria,Levens,North West,no,no website found,
Grandie Caravan Park,CA16 6DB,,,,,,,master_parks_working.csv (no website on file),Cumbria,Dufton,North West,no,no website found,
Green Hallows Country,CA4 0PT,,,,,,,master_parks_working.csv (no website on file),Cumbria,Skelton,North West,no,no website found,
Hawkrigg Farm,CA16 6BB,,,,,,,master_parks_working.csv (no website on file),Cumbria,Colby,North West,no,no website found,
Herdwick Croft Caravan Park,CA12 4RD,,,,,,,master_parks_working.csv (no website on file),Cumbria,Bassenthwaite,North West,no,no website found,
High Fell Gate Caravan Park,LA11 7QA,,,,,,,master_parks_working.csv (no website on file),Cumbria,Grange-over-Sands,North West,no,no website found,
Hill of Oaks and Blake Holme Caravan Est,LA12 8NR,,,,,,,master_parks_working.csv (no website on file),Cumbria,Cartmel Fell,North West,no,no website found,
Hoathwaite Farm Camping and Caravan Site,LA21 8AX,,,,,,,master_parks_working.csv (no website on file),Cumbria,Torver,North West,no,no website found,
Hole Farm Caravan Park,CA10 2NG,,,,,,,master_parks_working.csv (no website on file),Cumbria,Barton and Pooley Bridge,North West,no,no website found,
Hopkinsons Caravan Park,CA11 0XB,,,,,,,master_parks_working.csv (no website on file),Cumbria,Hutton,North West,no,no website found,
Horse and Wagon Caravan Park,CA9 3LH,,,,,,,master_parks_working.csv (no website on file),Cumbria,Alston Moor,North West,no,no website found,
Hudgill Caravan Park,CA9 3LG,,,,,,,master_parks_working.csv (no website on file),Cumbria,Alston Moor,North West,no,no website found,
Inglenook Caravan Park,CA14 4SH,,,,,,,master_parks_working.csv (no website on file),Cumbria,Lamplugh,North West,no,no website found,
Ingmire Caravan Park,LA10 5HW,,,,,,,master_parks_working.csv (no website on file),Cumbria,Sedbergh,North West,no,no website found,
Ings Mill Park,LA8 9QF,,,,,,,reconciled from raw listings - never in reference/classification data,Cumbria,,,,listings,
Irthing Vale Caravan Park,CA8 2AA,,,,,,,master_parks_working.csv (no website on file),Cumbria,Brampton,North West,no,no website found,
Lake House and Fell View Caravan Park,CA8 7NJ,,,,,,,master_parks_working.csv (no website on file),Cumbria,Knaresdale with Kirkhaugh,North East,no,no website found,
Lambhowe Caravan Park,LA8 8JE,,,,,,,master_parks_working.csv (no website on file),Cumbria,Crosthwaite and Lyth,North West,no,no website found,
Low Briery Riverside Caravan Park,CA12 4RN,,,,,,,master_parks_working.csv (no website on file),Cumbria,St John's Castlerigg and Wythburn,North West,no,no website found,
Manor House Caravan Park,CA15 6RA,,,,,,,master_parks_working.csv (no website on file),Cumbria,Holme St Cuthbert,North West,no,no website found,
Marsh Farm Caravan Site,LA16 7AW,,,,,,,master_parks_working.csv (no website on file),Cumbria,Askam and Ireleth,North West,yes,no website found,
Mealo House Caravan Park,CA15 6PB,,,,,,,master_parks_working.csv (no website on file),Cumbria,Hayton and Mealo,North West,no,no website found,
Meathop Caravan Park,LA11 6RB,,,,,,,master_parks_working.csv (no website on file),Cumbria,"Witherslack, Meathop and Ulpha",North West,no,no website found,
Middle Bank End Farm,CA16 6LN,,,,,,,master_parks_working.csv (no website on file),Cumbria,Warcop,North West,no,no website found,
Midtown Caravan Park,CA7 4RA,,,,,,,master_parks_working.csv (no website on file),Cumbria,Silloth-on-Solway,North West,yes,no website found,
Millness Hill Holiday Park,LA7 7NU,,,,,,,master_parks_working.csv (no website on file),Cumbria,Preston Patrick,North West,no,no website found,
Moordale Park,CA7 4JZ,,,,,,,master_parks_working.csv (no website on file),Cumbria,Silloth-on-Solway,North West,yes,no website found,
Mulgrews South End Caravan Park,LA14 3YQ,,,,,,,master_parks_working.csv (no website on file),Cumbria,Barrow,North West,yes,no website found,
North Lakes Caravan Park,CA13 9SY,,,,,,,master_parks_working.csv (no website on file),Cumbria,Bewaldeth and Snittlegarth,North West,no,no website found,
Oakhead Caravan Park,LA11 6JA,,,,,,,master_parks_working.csv (no website on file),Cumbria,Staveley-in-Cartmel,North West,no,no website found,
Oaklands Country Park,CA10 3DH,,,,,,,master_parks_working.csv (no website on file),Cumbria,Great Strickland,North West,no,no website found,
Orchard Country Park,NE70 7JR,,,,,,,master_parks_working.csv (no website on file),Cumbria,Adderstone with Lucker,North East,no,no website found,
Park Cliffe Caravan Park,LA23 3PG,,,,,,,master_parks_working.csv (no website on file),Cumbria,Cartmel Fell,North West,no,no website found,
Parkhouse Caravan Park,CA16 6JB,,,,,,,master_parks_working.csv (no website on file),Cumbria,Appleby-in-Westmorland,North West,no,no website found,
Patton Hall Farm,LA8 9DT,,,,,,,master_parks_working.csv (no website on file),Cumbria,Whinfell,North West,no,no website found,
Pinfold Caravan Park,LA10 5JL,,,,,,,master_parks_working.csv (no website on file),Cumbria,Sedbergh,North West,no,no website found,
Poppy Farm,LA8 9ED,,,,,,,master_parks_working.csv (no website on file),Cumbria,Selside and Fawcett Forest,North West,no,no website found,
Port Haverigg Holiday Village,LA18 4EY,,,,,,,master_parks_working.csv (no website on file),Cumbria,Millom,North West,no,no website found,
Pound Farm Leisure Park,LA8 8JZ,https://www.poundfarmleisurepark.co.uk,,,,,,classify_new_batch.py (not in original reference table),Cumbria,,,,enquire,
Rather Heath Lane Caravan Park,LA8 8JU,,,,,,,master_parks_working.csv (no website on file),Cumbria,Strickland Ketel,North West,no,no website found,
Rowanbank Caravan Park,CA7 4LA,,,,,,,master_parks_working.csv (no website on file),Cumbria,Holme St Cuthbert,North West,yes,no website found,
Saltcoats Caravan Park,CA19 1YY,,,,,,,master_parks_working.csv (no website on file),Cumbria,Drigg and Carleton,North West,no,no website found,
Sandgate Farm,LA11 7LD,,,,,,,master_parks_working.csv (no website on file),Cumbria,Lower Holker,North West,no,no website found,
SEACROFT,LA12 0RJ,,,,,,,master_parks_working.csv (no website on file),Cumbria,Aldingham,North West,yes,no website found,
Setmabanning Caravan Park,CA12 4TT,,,,,,,master_parks_working.csv (no website on file),Cumbria,St John's Castlerigg and Wythburn,North West,no,no website found,
Silecroft Holiday Park,LA18 4NX,,,,,,,master_parks_working.csv (no website on file),Cumbria,Whicham,North West,no,no website found,
Skelwith Fold Caravan Park,LA22 0HX,,,,,,,master_parks_working.csv (no website on file),Cumbria,Skelwith,North West,no,no website found,
South End Caravan Park,LA14 3YQ,,,,,,,master_parks_working.csv (no website on file),Cumbria,Barrow,North West,yes,no website found,
Southwaite Green Mill Country Park,CA10 2BY,,,,,,,master_parks_working.csv (no website on file),Cumbria,Yanwath and Eamont Bridge,North West,no,no website found,
Spring Lea Caravan Park,CA15 6QF,,,,,,,master_parks_working.csv (no website on file),Cumbria,Allonby,North West,no,no website found,
Stoney Gap Caravan Park,LA5 0SL,,,,,,,master_parks_working.csv (no website on file),Cumbria,Arnside,North West,no,no website found,
Strawberry Gardens Caravan Park,LA22 0LR,,,,,,,master_parks_working.csv (no website on file),Cumbria,Claife,North West,no,no website found,
Stubb Farm,LA8 0EP,,,,,,,master_parks_working.csv (no website on file),Cumbria,Preston Richard,North West,no,no website found,
Tarnside Caravan Park,CA7 4NQ,,,,,,,master_parks_working.csv (no website on file),Cumbria,Holme St Cuthbert,North West,no,no website found,
Tarnside Caravan Park and Club,CA21 2YL,,,,,,,master_parks_working.csv (no website on file),Cumbria,Lowside Quarter,North West,no,no website found,
The Beeches Caravan Park,CA7 2QX,,,,,,,master_parks_working.csv (no website on file),Cumbria,Gilcrux,North West,no,no website found,
The Lowther Arms and Caravan Park,CA15 6QT,,,,,,,master_parks_working.csv (no website on file),Cumbria,Holme St Cuthbert,North West,no,no website found,
Threapland Holiday Park,CA13 0QE,,,,,,,master_parks_working.csv (no website on file),Cumbria,Blindcrake,North West,no,no website found,
Trafford Caravans,CA12 4QH,,,,,,,master_parks_working.csv (no website on file),Cumbria,Bassenthwaite,North West,no,no website found,
Ullswater Caravan Camping and Marine Park,CA11 0LR,,,,,,,master_parks_working.csv (no website on file),Cumbria,Matterdale,North West,no,no website found,
Violet Bank Holiday Home Park Ltd,CA13 9TG,,,,,,,master_parks_working.csv (no website on file),Cumbria,Cockermouth,North West,no,no website found,
Westmorland Caravan Park,CA10 3SB,,,,,,,master_parks_working.csv (no website on file),Cumbria,Orton,North West,no,no website found,
Westville Caravan Park,CA15 6QA,,,,,,,master_parks_working.csv (no website on file),Cumbria,Allonby,North West,no,no website found,
Wheatsheaf Inn Caravan Park,CA13 9UW,,,,,,,master_parks_working.csv (no website on file),Cumbria,Lorton,North West,no,no website found,
Whinfell Caravan Park,CA13 0RQ,,,,,,,master_parks_working.csv (no website on file),Cumbria,Blindbothel,North West,no,no website found,
Whitbarrow Hall Caravan Park,CA11 0XB,,,,,,,master_parks_working.csv (no website on file),Cumbria,Hutton,North West,no,no website found,
White Hall Caravan Park,LA13 0QP,,,,,,,master_parks_working.csv (no website on file),Cumbria,Aldingham,North West,yes,no website found,
White Riggs,LA6 1QG,,,,,,,master_parks_working.csv (no website on file),Cumbria,Holme,North West,no,no website found,
Windermere Camping and Caravanning Site,LA8 9JS,,,,,,,master_parks_working.csv (no website on file),Cumbria,Nether Staveley,North West,no,no website found,
Wyndham Hall Caravan Park,CA13 9SF,,,,,,,master_parks_working.csv (no website on file),Cumbria,Cockermouth,North West,no,no website found,
Pinegroves Caravan Park,DE4 5BG,,,,,,,master_parks_working.csv (no website on file),Derbyshire,Ashover,Central England,no,no website found,
Ainmore Grange Caravan Park,DE55 6ES,,,,,,,master_parks_working.csv (no website on file),Derbyshire,Shirland and Higham,Central England,no,no website found,
Barracks Farm,SK17 0HQ,,,,,,,master_parks_working.csv (no website on file),Derbyshire,Alstonefield,Central England,no,no website found,
Bramley New Park,S21 5AB,,,,,,,master_parks_working.csv (no website on file),Derbyshire,Eckington,Yorkshire and Humber,no,no website found,
Corbriggs Caravan Site,S41 0JR,,,,,,,master_parks_working.csv (no website on file),Derbyshire,"Grassmoor, Hasland and Winsick",Central England,no,no website found,
Cupola Park,DE4 5HT,,,,,,,master_parks_working.csv (no website on file),Derbyshire,Alderwasley,Central England,no,no website found,
Golden Valley Caravan Park,DE55 4ES,,,,,,,master_parks_working.csv (no website on file),Derbyshire,"Amber Valley, unparished area",Central England,no,no website found,
Harthill Hall Caravan Site,DE45 1LH,,,,,,,master_parks_working.csv (no website on file),Derbyshire,Harthill,Central England,no,no website found,
Haytop Country Park,DE4 5HP,,,,,,,master_parks_working.csv (no website on file),Derbyshire,Alderwasley,Central England,no,no website found,
Hopping Farm Caravan Park,DE45 1NA,,,,,,,master_parks_working.csv (no website on file),Derbyshire,Youlgreave,Central England,no,no website found,
Laneside Caravan Park,S33 6RR,,,,,,,master_parks_working.csv (no website on file),Derbyshire,Hope,Central England,no,no website found,
Merebrook Caravan Company,DE4 5HH,,,,,,,master_parks_working.csv (no website on file),Derbyshire,Alderwasley,Central England,no,no website found,
Peak Gateway Leisure Club,DE6 1NA,,,,,,,master_parks_working.csv (no website on file),Derbyshire,Osmaston,Central England,no,no website found,
Punch Bowl Park,SK17 6TA,,,,,,,master_parks_working.csv (no website on file),Derbyshire,"High Peak, unparished area",Central England,no,no website found,
Ringstones Caravan Park,SK23 7EB,,,,,,,master_parks_working.csv (no website on file),Derbyshire,Whaley Bridge,Central England,no,no website found,
Rivendale Touring and Leisure Park,DE6 1QU,,,,,,,master_parks_working.csv (no website on file),Derbyshire,Eaton and Alsop,Central England,no,no website found,
The Old Forge Farm,DE45 1LH,,,,,,,master_parks_working.csv (no website on file),Derbyshire,Harthill,Central England,no,no website found,
Woodseats Caravan Park,SK13 5DR,,,,,,,master_parks_working.csv (no website on file),Derbyshire,Charlesworth,Central England,no,no website found,
Manor Farm Camping and Caravan Park,EX12 2JA,,,,,,,master_parks_working.csv (no website on file),Devon,Seaton,South West,yes,no website found,
Springfield Holiday Park,EX6 6EW,,,,,,,master_parks_working.csv (no website on file),Devon,Tedburn St. Mary,South West,no,no website found,
Bigbury Bay Holiday Park,TQ7 4HT,,,,,,,master_parks_working.csv (no website on file),Devon,Ringmore,South West,no,no website found,
Bridestowe Caravan Park,EX20 4ER,,,,,,,master_parks_working.csv (no website on file),Devon,Bridestowe,South West,no,no website found,
Clifford Bridge Park,EX6 6QE,,,,,,,master_parks_working.csv (no website on file),Devon,Moretonhampstead,South West,no,no website found,
Colyvale Holiday Park,EX24 6QF,,,,,,,master_parks_working.csv (no website on file),Devon,Colyford,South West,no,no website found,
Easewell Caravan Park,EX34 7EH,,,,,,,master_parks_working.csv (no website on file),Devon,Mortehoe,South West,no,no website found,
Fosfelle Country House LTD,EX39 6EF,,,,,,,master_parks_working.csv (no website on file),Devon,Hartland,South West,no,no website found,
Greenways Valley Holiday Park,EX38 7EW,,,,,,,master_parks_working.csv (no website on file),Devon,Great Torrington,South West,no,no website found,
Hawkchurch Country Park,EX13 5UL,,,,,,,master_parks_working.csv (no website on file),Devon,Hawkchurch,South West,no,no website found,
Hele Valley Holiday Park,EX34 9RD,,,,,,,master_parks_working.csv (no website on file),Devon,Ilfracombe,South West,yes,no website found,
Hoburne Torbay Grange Court,TQ4 7JP,,,,,,,master_parks_working.csv (no website on file),Devon,"Torbay, unparished area",South West,no,no website found,
Hook Farm Caravan Park,DT7 3UU,,,,,,,master_parks_working.csv (no website on file),Devon,Uplyme,South West,no,no website found,
Kennford International Holiday Park,EX6 7YN,http://www.kennfordinternational.co.uk,,,,,,classify_new_batch.py (not in original reference table),Devon,,,,no sales found,
Langstone Manor Holiday Park,PL19 9JZ,http://www.langstonemanor.co.uk,,,,,,classify_new_batch.py (not in original reference table),Devon,,,,no sales found,
Lemonford Caravan Park,TQ12 6JR,,,,,,,master_parks_working.csv (no website on file),Devon,Bickington,South West,no,no website found,
Lower Aish Caravan Park,TQ13 7NY,,,,,,,master_parks_working.csv (no website on file),Devon,Widecombe in the Moor,South West,no,no website found,
Magpie Leisure Park,PL20 7RY,,,,,,,master_parks_working.csv (no website on file),Devon,Horrabridge,South West,no,no website found,
Mullacott Park,EX34 8NB,,,,,,,master_parks_working.csv (no website on file),Devon,Ilfracombe,South West,no,no website found,
North Upton Farm,TQ7 3AB,,,,,,,master_parks_working.csv (no website on file),Devon,Thurlestone,South West,no,no website found,
Parker Farm Holiday Park,TQ13 7LJ,,,,,,,master_parks_working.csv (no website on file),Devon,Ashburton,South West,no,no website found,
Pennymoor Caravan Park,PL21 0SB,,,,,,,master_parks_working.csv (no website on file),Devon,Aveton Gifford,South West,no,no website found,
Peppermint Park,EX7 0PQ,,,,,,,master_parks_working.csv (no website on file),Devon,Dawlish,South West,yes,no website found,
Regency Court,TQ12 6BW,,,,,,,master_parks_working.csv (no website on file),Devon,Newton Abbot,South West,no,no website found,
Revelstoke Park,PL8 1HE,,,,,,,master_parks_working.csv (no website on file),Devon,Newton and Noss,South West,yes,no website found,
Romansleigh Holiday Park,EX36 4NB,,,,,,,master_parks_working.csv (no website on file),Devon,Romansleigh,South West,no,no website found,
Salcombe Retreat,TQ7 3DS,,,,,,,master_parks_working.csv (no website on file),Devon,Malborough,South West,yes,no website found,
Smugglers Caravan Park,EX7 0JF,,,,,,,master_parks_working.csv (no website on file),Devon,Dawlish,South West,yes,no website found,
Smytham Manor,EX38 8PU,,,,,,,master_parks_working.csv (no website on file),Devon,Little Torrington,South West,no,no website found,
Southern Mill Caravan Park,TQ8 8LN,,,,,,,master_parks_working.csv (no website on file),Devon,Malborough,South West,yes,no website found,
Teign Field Caravan Park,TQ14 0EX,,,,,,,master_parks_working.csv (no website on file),Devon,Shaldon,South West,yes,no website found,
The Cedars,EX14 4PT,,,,,,,master_parks_working.csv (no website on file),Devon,Honiton,South West,no,no website found,
Wear Farm Caravan Park,TQ14 9PT,,,,,,,master_parks_working.csv (no website on file),Devon,Bishopsteignton,South West,yes,no website found,
Webland Farm Holiday Park,TQ10 9EX,https://www.weblandfarm.co.uk,,,,,,classify_new_batch.py (not in original reference table),Devon,,,,blocked,
Welcome Family Holiday Park,EX7 0PH,,,,,,,master_parks_working.csv (no website on file),Devon,Dawlish,South West,yes,no website found,
West Down Farm,EX8 5BU,,,,,,,master_parks_working.csv (no website on file),Devon,Exmouth,South West,no,no website found,
West Hayes Caravan Park,DT7 3RD,,,,,,,master_parks_working.csv (no website on file),Devon,Axmouth,South West,yes,no website found,
Willow Bay Country Park,EX22 6TW,,,,,,,master_parks_working.csv (no website on file),Devon,Week St. Mary,South West,no,no website found,
Woodacott Holiday Park,EX22 7BT,,,,,,,master_parks_working.csv (no website on file),Devon,Thornbury,South West,no,no website found,
Warmwell Caravan Park,DT2 8JD,,,,,,,master_parks_working.csv (no website on file),Dorset,Crossways,South West,no,no website found,
Coastal Caravan Park,DT6 4QP,,,,,,,master_parks_working.csv (no website on file),Dorset,Burton Bradstock,South West,no,no website found,
Dolphins River Park,DT6 6RD,,,,,,,master_parks_working.csv (no website on file),Dorset,Whitchurch Canonicorum,South West,no,no website found,
Haven Caravan Park,DT3 6BQ,,,,,,,master_parks_working.csv (no website on file),Dorset,Weymouth,South West,no,no website found,
Holton Heath Park,BH16 6JW,,,,,,,master_parks_working.csv (no website on file),Dorset,Wareham St. Martin,South West,no,no website found,
Lookout Holiday Park,BH20 5AZ,,,,,,,master_parks_working.csv (no website on file),Dorset,Arne,South West,no,no website found,
Lyons Gate Caravan and Camping Park,DT2 7AZ,,,,,,,master_parks_working.csv (no website on file),Dorset,Minterne Magna,South West,no,no website found,
Manor Farm Holiday Centre,DT6 6QL,,,,,,,master_parks_working.csv (no website on file),Dorset,Charmouth,South West,no,no website found,
Monkton Wyld Farm Touring Caravan Park,DT6 6DB,,,,,,,master_parks_working.csv (no website on file),Dorset,Wootton Fitzpaine,South West,no,no website found,
Monmouth Beach Caravan Park,DT7 3BS,,,,,,,master_parks_working.csv (no website on file),Dorset,Lyme Regis,South West,no,no website found,
Old Coastguard Caravan Park,DT6 4RL,,,,,,,master_parks_working.csv (no website on file),Dorset,Burton Bradstock,South West,no,no website found,
Pinehurst Park,BH22 0BP,,,,,,,master_parks_working.csv (no website on file),Dorset,West Moors,South West,no,no website found,
Priestway Holiday Park,BH19 2RS,,,,,,,master_parks_working.csv (no website on file),Dorset,Swanage,South West,no,no website found,
Seadown Holiday Park,DT6 6QS,,,,,,,master_parks_working.csv (no website on file),Dorset,Charmouth,South West,no,no website found,
Shorefield Ltd,BH24 2RZ,,,,,,,master_parks_working.csv (no website on file),Dorset,St. Leonards and St. Ives,South West,no,no website found,
Stour Park,BH10 7DE,,,,,,,master_parks_working.csv (no website on file),Dorset,"Bournemouth, Christchurch and Poole, unparished area",South West,no,no website found,
Streamside Caravan Park,DT3 6HE,,,,,,,master_parks_working.csv (no website on file),Dorset,Osmington,South West,no,no website found,
Tanglewood Holiday Park,BH16 6JY,,,,,,,master_parks_working.csv (no website on file),Dorset,Wareham St. Martin,South West,no,no website found,
The Creek,DT2 8NG,,,,,,,master_parks_working.csv (no website on file),Dorset,Owermoigne,South West,no,no website found,
The Travellers Rest,DT6 4PJ,,,,,,,master_parks_working.csv (no website on file),Dorset,Shipton Gorge,South West,no,no website found,
Tree Tops Caravan Park,BH20 5BE,,,,,,,master_parks_working.csv (no website on file),Dorset,Arne,South West,yes,no website found,
Ulwell Cottage Caravan Park,BH19 3DG,,,,,,,master_parks_working.csv (no website on file),Dorset,Swanage,South West,no,no website found,
Waterside Holiday Park and Spa,DT3 6PP,,,,,,,master_parks_working.csv (no website on file),Dorset,Weymouth,South West,no,no website found,
Wilksworth Farm Caravan Park,BH21 4HW,,,,,,,master_parks_working.csv (no website on file),Dorset,Holt,South West,no,no website found,
St Lawrence Caravans Ltd,CM0 7LY,,,,,,,master_parks_working.csv (no website on file),Essex,St. Lawrence,General East,yes,no website found,
Barrow Marsh Caravan Park,CM9 4RA,,,,,,,master_parks_working.csv (no website on file),Essex,Heybridge,General East,no,no website found,
Beaconhill Caravan Park,CM0 7LY,,,,,,,master_parks_working.csv (no website on file),Essex,St. Lawrence,General East,yes,no website found,
Bradwell Quay,CM0 7HX,,,,,,,master_parks_working.csv (no website on file),Essex,Bradwell-on-Sea,General East,no,no website found,
Brightlingsea Leisure Village,CO7 0LW,,,,,,,master_parks_working.csv (no website on file),Essex,Brightlingsea,General East,yes,no website found,
Creeksea Place Caravan Park,CM0 8PJ,,,,,,,master_parks_working.csv (no website on file),Essex,Burnham-on-Crouch,General East,yes,no website found,
Dome Caravan Park,SS5 5LU,,,,,,,master_parks_working.csv (no website on file),Essex,Hullbridge,General East,yes,no website found,
Elm Farm Caravan Park,CO16 0JE,,,,,,,master_parks_working.csv (no website on file),Essex,Thorpe-le-Soken,General East,no,no website found,
Firs Chase Caravan Park,CO5 8NR,,,,,,,master_parks_working.csv (no website on file),Essex,West Mersea,General East,yes,no website found,
Flag Caravan Park,CO7 8RE,,,,,,,master_parks_working.csv (no website on file),Essex,St Osyth,General East,no,no website found,
Fletchers Caravan Park,CO16 8LJ,,,,,,,master_parks_working.csv (no website on file),Essex,St Osyth,General East,yes,no website found,
Frating Caravan Park,CO7 7DH,,,,,,,master_parks_working.csv (no website on file),Essex,Frating,General East,no,no website found,
Glynian Leisure Park,CO5 8DA,,,,,,,master_parks_working.csv (no website on file),Essex,West Mersea,General East,yes,no website found,
Gosfield Lake Resort,CO9 1UD,,,,,,,master_parks_working.csv (no website on file),Essex,Gosfield,General East,no,no website found,
Grange Farm Park,CO2 8AL,http://www.grangefarmpark.co.uk,,,,,,classify_new_batch.py (not in original reference table),Essex,"Colchester, unparished area",General East,no,no sales found,
Greenacres Leisure Ltd,CO12 3TS,,,,,,,master_parks_working.csv (no website on file),Essex,Harwich,General East,yes,no website found,
Greenlawns,CO16 9RP,,,,,,,master_parks_working.csv (no website on file),Essex,Little Clacton,General East,no,no website found,
Hayes Farm Caravan Park,SS11 7QT,,,,,,,master_parks_working.csv (no website on file),Essex,Rettendon,General East,yes,no website found,
Herbage Country Park,CM9 6RW,,,,,,,master_parks_working.csv (no website on file),Essex,Woodham Walter,General East,no,no website found,
Hockley Park,SS5 5NQ,,,,,,,master_parks_working.csv (no website on file),Essex,Hullbridge,General East,yes,no website found,
Mamelons Farm,EN9 2LU,,,,,,,master_parks_working.csv (no website on file),Essex,Nazeing,General East,no,no website found,
Martello Caravan Park,CO14 8QP,,,,,,,master_parks_working.csv (no website on file),Essex,Frinton and Walton,General East,yes,no website found,
Meadowview Park,CO16 9NT,,,,,,,master_parks_working.csv (no website on file),Essex,Little Clacton,General East,no,no website found,
Oaklands,CM13 3EX,,,,,,,master_parks_working.csv (no website on file),Essex,"Brentwood, unparished area",General East,no,no website found,
Pretoria Caravan Park,CO16 8LJ,,,,,,,master_parks_working.csv (no website on file),Essex,St Osyth,General East,yes,no website found,
Private Land,CO16 8SJ,,,,,,,master_parks_working.csv (no website on file),Essex,St Osyth,General East,yes,no website found,
Rice and Cole Ltd,CM0 8AN,,,,,,,master_parks_working.csv (no website on file),Essex,Burnham-on-Crouch,General East,yes,no website found,
Roydon Mill,CM19 5EJ,,,,,,,master_parks_working.csv (no website on file),Essex,Roydon,General East,no,no website found,
Sacketts Grove Caravan Park,CO16 7BD,,,,,,,master_parks_working.csv (no website on file),Essex,"Tendring, unparished area",General East,no,no website found,
Sea End Country Caravan Park,CM0 8AN,,,,,,,master_parks_working.csv (no website on file),Essex,Burnham-on-Crouch,General East,yes,no website found,
Smugglers Club Ground,CM3 6DQ,,,,,,,master_parks_working.csv (no website on file),Essex,Althorne,General East,no,no website found,
Southcliffe Trailer Co Ltd,CO14 8EP,,,,,,,master_parks_working.csv (no website on file),Essex,Frinton and Walton,General East,yes,no website found,
Stone Lane Caravan Park,CO11 2TG,,,,,,,master_parks_working.csv (no website on file),Essex,Wrabness,General East,no,no website found,
Temple Grove Park,CM2 8LQ,,,,,,,master_parks_working.csv (no website on file),Essex,West Hanningfield,General East,no,no website found,
Waldegrave Holiday and Leisure Park,CO5 8SE,,,,,,,master_parks_working.csv (no website on file),Essex,West Mersea,General East,yes,no website found,
Willows Caravan Park,CO14 8HU,,,,,,,master_parks_working.csv (no website on file),Essex,Frinton and Walton,General East,yes,no website found,
Wyldecrest Parks,SS5 6PX,,,,,,,master_parks_working.csv (no website on file),Essex,Hullbridge,General East,yes,no website found,
Avonsmere Park,BS34 8QR,,,,,,,master_parks_working.csv (no website on file),Gloucestershire,Filton,South West,no,no website found,
Coalway Park,GL16 7HY,,,,,,,master_parks_working.csv (no website on file),Gloucestershire,Coleford,South West,no,no website found,
Craig Cahoons Watersports,GL7 4DT,,,,,,,master_parks_working.csv (no website on file),Gloucestershire,Fairford,South West,no,no website found,
Greenacres Park,GL7 5JH,,,,16.0,,,master_parks_working.csv (no website on file),Gloucestershire,Maiseyhampton,South West,no,no website found,
Lower Lode Caravan Park,GL19 4RE,,,,,,,master_parks_working.csv (no website on file),Gloucestershire,Forthampton,South West,no,no website found,
Oak Farm Touring Park,BS49 5EB,,,,,,,master_parks_working.csv (no website on file),Gloucestershire,Congresbury,South West,no,no website found,
Orchard Park,GL3 3RW,,,,,,,master_parks_working.csv (no website on file),Gloucestershire,"Gloucester, unparished area",South West,no,no website found,
Rustic Caravan Park,BS35 4PH,,,,,,,master_parks_working.csv (no website on file),Gloucestershire,Pilning and Severn Beach,South West,yes,no website found,
Severn Bridge Park Homes,NP16 7HQ,,,,,,,master_parks_working.csv (no website on file),Gloucestershire,Tidenham,South West,no,no website found,
Severnside Caravan and Boat Park,GL19 4DN,,,,,,,master_parks_working.csv (no website on file),Gloucestershire,Deerhurst,South West,no,no website found,
St Johns Priory Parks Ltd,GL7 3EZ,,,,,,,master_parks_working.csv (no website on file),Gloucestershire,Lechlade,South West,no,no website found,
Wildwood Park,GL7 1PL,,,,,,,master_parks_working.csv (no website on file),Gloucestershire,Siddington,South West,no,no website found,
Bay Farm,SO31 8DG,,,,,,,master_parks_working.csv (no website on file),Hampshire,Bursledon,South East,yes,no website found,
Beverley Caravan Park,PO11 9QR,,,,,,,master_parks_working.csv (no website on file),Hampshire,"Havant, unparished area",South East,yes,no website found,
Deears Leap New Forest Holiday Park,BH24 3QX,,,,,,,master_parks_working.csv (no website on file),Hampshire,"Ellingham, Harbridge and Ibsley",South East,no,no website found,
Downton Holiday Park Ltd,SO41 0LH,,,,,,,master_parks_working.csv (no website on file),Hampshire,Milford-on-sea,South East,no,no website found,
East Stoke Avenue,PO11 9QP,,,,,,,master_parks_working.csv (no website on file),Hampshire,"Havant, unparished area",South East,yes,no website found,
Fishermans Walk,PO11 9QU,,,,,,,master_parks_working.csv (no website on file),Hampshire,"Havant, unparished area",South East,yes,no website found,
Fleet Farm,PO11 0QE,,,,,,,master_parks_working.csv (no website on file),Hampshire,"Havant, unparished area",South East,yes,no website found,
Gilblanet,PO11 9QP,,,,,,,master_parks_working.csv (no website on file),Hampshire,"Havant, unparished area",South East,yes,no website found,
Grange Park,SO30 2FP,,,,,,,master_parks_working.csv (no website on file),Hampshire,Hedge End,South East,no,no website found,
Harbourside Park,PO3 6QB,http://www.harbourside-park.co.uk,,,,,,classify_new_batch.py (not in original reference table),Hampshire,,,,blocked,
Higworth Caravan Park Ltd,PO11 0QS,,,,,,,master_parks_working.csv (no website on file),Hampshire,"Havant, unparished area",South East,yes,no website found,
Lasham Airfield,GU34 5SS,,,,,,,master_parks_working.csv (no website on file),Hampshire,Lasham,South East,no,no website found,
Lower Tye Farm Camp Site,PO11 0RQ,,,,,,,master_parks_working.csv (no website on file),Hampshire,"Havant, unparished area",South East,yes,no website found,
Nutbourne Road,PO11 9RU,,,,,,,master_parks_working.csv (no website on file),Hampshire,"Havant, unparished area",South East,yes,no website found,
Oaktree Caravan Park,SO30 3HS,,,,,,,master_parks_working.csv (no website on file),Hampshire,West End,South East,no,no website found,
Old Barn Lea,PO11 9QX,,,,,,,master_parks_working.csv (no website on file),Hampshire,"Havant, unparished area",South East,yes,no website found,
Petersfield Caravan Park,PO11 9RU,,,,,,,master_parks_working.csv (no website on file),Hampshire,"Havant, unparished area",South East,yes,no website found,
PM Leisure Homes Ltd,PO11 9RU,,,,,,,master_parks_working.csv (no website on file),Hampshire,"Havant, unparished area",South East,yes,no website found,
South Hants Country Club,PO17 6JS,,,,,,,master_parks_working.csv (no website on file),Hampshire,Boarhunt,South East,no,no website found,
Southsea Leisure Park,PO4 9TB,https://www.southsealeisurepark.com,,,,,,classify_new_batch.py (not in original reference table),Hampshire,,,,enquire,
Southview Park Homes,SO22 4HG,,,,,,,master_parks_working.csv (no website on file),Hampshire,Olivers Battery,South East,no,no website found,
St Hermans Estate Co Ltd,PO11 0RQ,,,,,,,master_parks_working.csv (no website on file),Hampshire,"Havant, unparished area",South East,yes,no website found,
Stanley Caravan Park,BH25 5QW,,,,,,,master_parks_working.csv (no website on file),Hampshire,New Milton,South East,no,no website found,
Sunningdale Mobile Home Park,SO21 1SE,,,,,,,master_parks_working.csv (no website on file),Hampshire,Colden Common,South East,no,no website found,
The Brambles,PO11 9QP,,,,,,,master_parks_working.csv (no website on file),Hampshire,"Havant, unparished area",South East,yes,no website found,
The Hollies Caravan Park,PO11 9SR,,,,,,,master_parks_working.csv (no website on file),Hampshire,"Havant, unparished area",South East,yes,no website found,
The Odd Spot,PO11 9QX,,,,,,,master_parks_working.csv (no website on file),Hampshire,"Havant, unparished area",South East,yes,no website found,
The Retreat Caravan Park,PO11 9QR,,,,,,,master_parks_working.csv (no website on file),Hampshire,"Havant, unparished area",South East,yes,no website found,
Waterside End Park,RG24 7BB,,,,,,,master_parks_working.csv (no website on file),Hampshire,Newnham,South East,no,no website found,
Wickham Court,PO17 6JS,,,,,,,master_parks_working.csv (no website on file),Hampshire,Boarhunt,South East,no,no website found,
Lucksall Caravan and Camping Park,HR1 4LP,,,,,,,master_parks_working.csv (no website on file),Herefordshire,Fownhope,Central England,no,no website found,
Saltmarshe Castle Caravan Park,HR7 4PN,,,,,,,master_parks_working.csv (no website on file),Herefordshire,Edvin Loach and Saltmarshe,Central England,no,no website found,
Sterretts Caravan Park,HR9 6BY,,,,,,,master_parks_working.csv (no website on file),Herefordshire,Goodrich,Central England,no,no website found,
Dobbs Weir Caravan Park,EN11 0AS,,,,,,,master_parks_working.csv (no website on file),Hertfordshire,"Broxbourne, unparished area",General East,no,no website found,
Takeley Park,CM22 6TG,,,,,,,master_parks_working.csv (no website on file),Hertfordshire,Takeley,General East,no,no website found,
Fairway Holiday Park,PO36 9PS,,,,,,,master_parks_working.csv (no website on file),Isle Of Wight,Sandown,South East,no,no website found,
Glebe Farm,PO30 4JL,,,,,,,master_parks_working.csv (no website on file),Isle Of Wight,"Calbourne, Newtown and Porchfield",South East,no,no website found,
Hazel Grove Farm,PO33 4BD,,,,,,,master_parks_working.csv (no website on file),Isle Of Wight,Havenstreet and Ashey,South East,no,no website found,
Kite Hill Farm Caravan Park,PO33 4LE,,,,,,,master_parks_working.csv (no website on file),Isle Of Wight,Fishbourne,South East,no,no website found,
Solent Village Caravan Park,PO31 8NJ,,,,,,,master_parks_working.csv (no website on file),Isle Of Wight,"Calbourne, Newtown and Porchfield",South East,yes,no website found,
Woodside Beach Caravan Park,PO33 4JT,,,,,,,master_parks_working.csv (no website on file),Isle Of Wight,Wootton Bridge,South East,no,no website found,
Acol Caravan Park,CT7 0JE,,,,40.0,,,master_parks_working.csv (no website on file),Kent,Acol,South East,no,no website found,
Blue Dolphin Park,CT6 6SS,,,,,,,master_parks_working.csv (no website on file),Kent,"Canterbury, unparished area",South East,yes,no website found,
Bullockstone Farm Park,CT6 7NL,,,,,,,master_parks_working.csv (no website on file),Kent,Herne and Broomfield,South East,yes,no website found,
Clifford Park Caravan Site,CT14 7PB,,,,,,,master_parks_working.csv (no website on file),Kent,Walmer,South East,no,no website found,
Dymchurch Caravan Park,TN29 0PN,,,,,,,master_parks_working.csv (no website on file),Kent,Dymchurch,South East,no,no website found,
E and J Piper Caravan Park,TN29 0PN,,,,,,,master_parks_working.csv (no website on file),Kent,Dymchurch,South East,no,no website found,
Eastchurch Holiday Centre,ME12 4EW,,,,,,,master_parks_working.csv (no website on file),Kent,Eastchurch,South East,no,no website found,
Eastfleet Caravan Park,TN29 0JU,,,,,,,master_parks_working.csv (no website on file),Kent,Dymchurch,South East,no,no website found,
Elmhurst Caravan Park,ME12 4ER,,,,,,,master_parks_working.csv (no website on file),Kent,Eastchurch,South East,no,no website found,
Garden Of England Park,ME17 1LD,,,,,,,master_parks_working.csv (no website on file),Kent,Harrietsham,South East,no,no website found,
Herons Park,TN29 9JH,,,,,,,master_parks_working.csv (no website on file),Kent,Lydd,South East,no,no website found,
Hogbarn Holiday Village,ME17 1NZ,,,,,,,master_parks_working.csv (no website on file),Kent,Frinsted,South East,no,no website found,
Hoo Marina Park,ME3 9TF,,,,,,,master_parks_working.csv (no website on file),Kent,Hoo St. Werburgh,South East,yes,no website found,
Horse Shoe Caravan Park,ME12 4JB,,,,,,,master_parks_working.csv (no website on file),Kent,Minster-on-Sea,South East,no,no website found,
Jesson Court Hoilday Village,TN29 0SG,,,,,,,master_parks_working.csv (no website on file),Kent,St. Mary in the Marsh,South East,no,no website found,
Lazy Days Holiday Park,ME12 4JB,,,,,,,master_parks_working.csv (no website on file),Kent,Minster-on-Sea,South East,no,no website found,
Little Groves Caravan Park,ME12 4LL,,,,,,,master_parks_working.csv (no website on file),Kent,Leysdown,South East,no,no website found,
Little Venice Country Park and Marina,ME18 6HH,,,,,,,master_parks_working.csv (no website on file),Kent,Yalding,South East,no,no website found,
Lydd Caravan Park,TN29 9JN,,,,,,,master_parks_working.csv (no website on file),Kent,Lydd,South East,no,no website found,
Manston Caravan and Camping,CT12 5AU,,,,,,,master_parks_working.csv (no website on file),Kent,Manston,South East,no,no website found,
Meadow View Caravan Park,ME12 2DB,,,,,,,master_parks_working.csv (no website on file),Kent,Minster-on-Sea,South East,no,no website found,
Muswell Manor Holiday Park,ME12 4RJ,,,,,,,master_parks_working.csv (no website on file),Kent,Leysdown,South East,no,no website found,
Neptune Inn Caravan Park,TN29 0TS,,,,,,,master_parks_working.csv (no website on file),Kent,Dymchurch,South East,no,no website found,
Oasis Park At Palms Caravan Park,ME12 4EW,,,,,,,master_parks_working.csv (no website on file),Kent,Eastchurch,South East,no,no website found,
Orchard Caravan Park,TN29 0JR,,,,26.0,,,master_parks_working.csv (no website on file),Kent,Burmarsh,South East,no,no website found,
Orchard Park,CT6 6NX,,,,,,,master_parks_working.csv (no website on file),Kent,"Canterbury, unparished area",South East,yes,no website found,
Palm Trees Holiday Park,ME12 4EW,,,,,,,master_parks_working.csv (no website on file),Kent,Eastchurch,South East,no,no website found,
Pipers Caravan Park,TN29 0PN,,,,,,,master_parks_working.csv (no website on file),Kent,Dymchurch,South East,no,no website found,
Primrose Cottage Caravan Park,CT5 3AR,,,,,,,master_parks_working.csv (no website on file),Kent,"Canterbury, unparished area",South East,yes,no website found,
Reculver Caravan Park,CT6 6ST,,,,,,,master_parks_working.csv (no website on file),Kent,"Canterbury, unparished area",South East,yes,no website found,
Redcot Caravan Park,ME12 4JB,,,,,,,master_parks_working.csv (no website on file),Kent,Minster-on-Sea,South East,no,no website found,
Rose & Crown Caravan Park,ME12 4RD,,,,,,,master_parks_working.csv (no website on file),Kent,Leysdown,South East,no,no website found,
Saddlebook Holiday Park,ME12 4LT,,,,,,,master_parks_working.csv (no website on file),Kent,Leysdown,South East,no,no website found,
Sandhills Caravan Park,CT14 6RE,,,,,,,master_parks_working.csv (no website on file),Kent,Sholden,South East,yes,no website found,
Sandwich Leisure Park,CT13 0AA,,,,,,,master_parks_working.csv (no website on file),Kent,Sandwich,South East,no,no website found,
Seabreeze Caravan Park,ME12 2BX,,,,,,,master_parks_working.csv (no website on file),Kent,Sheerness,South East,yes,no website found,
Seafield Leisure Park,ME12 4JN,,,,,,,master_parks_working.csv (no website on file),Kent,Eastchurch,South East,no,no website found,
Seaside Caravan Park,CT6 8EH,,,,,,,master_parks_working.csv (no website on file),Kent,"Canterbury, unparished area",South East,yes,no website found,
Selby Field Caravan Park,CT21 4NW,,,,,,,master_parks_working.csv (no website on file),Kent,Burmarsh,South East,no,no website found,
Sheerness Holiday Park Ltd,ME12 3AA,,,,,,,master_parks_working.csv (no website on file),Kent,Minster-on-Sea,South East,no,no website found,
Spill Land Farm,TN27 8BX,,,,,,,master_parks_working.csv (no website on file),Kent,Biddenden,South East,no,no website found,
Sunnymead Caravan Site,ME12 4EW,,,,,,,master_parks_working.csv (no website on file),Kent,Eastchurch,South East,no,no website found,
Sunnyside Caravan Park,ME12 4JN,,,,,,,master_parks_working.csv (no website on file),Kent,Eastchurch,South East,no,no website found,
Sutton Vale Caravan Park,CT15 5DH,,,,,,,master_parks_working.csv (no website on file),Kent,Sutton,South East,no,no website found,
The Retreat Caravan Park,ME12 4ES,,,,,,,master_parks_working.csv (no website on file),Kent,Eastchurch,South East,no,no website found,
Thorness Bay Caravan Park,ME12 4ER,,,,,,,master_parks_working.csv (no website on file),Kent,Eastchurch,South East,no,no website found,
Waldens of Seasalter,CT5 4BW,,,,,,,master_parks_working.csv (no website on file),Kent,"Canterbury, unparished area",South East,yes,no website found,
Warden Bay Holiday Park,ME12 4LU,,,,,,,master_parks_working.csv (no website on file),Kent,Leysdown,South East,no,no website found,
Warden Springs Holiday Park,ME12 4HF,,,,,,,master_parks_working.csv (no website on file),Kent,Eastchurch,South East,no,no website found,
Waterways Caravan Park,CT6 6ST,,,,,,,master_parks_working.csv (no website on file),Kent,"Canterbury, unparished area",South East,yes,no website found,
Wayside Caravan Park,CT12 4HW,,,,64.0,,,master_parks_working.csv (no website on file),Kent,Minster,South East,no,no website found,
Westbeach Pavilion Caravan Site,CT5 1EF,,,,,,,master_parks_working.csv (no website on file),Kent,"Canterbury, unparished area",South East,yes,no website found,
Westlands Country Park,CT6 7LE,,,,,,,reconciled from raw listings - never in reference/classification data,Kent,,,,listings,
White Cliffs Parks,CT18 7HY,,,,,,,master_parks_working.csv (no website on file),Kent,Hougham Without,South East,yes,no website found,
White Horse Leisure Centre,ME12 4QE,,,,,,,master_parks_working.csv (no website on file),Kent,Leysdown,South East,no,no website found,
Willow Trees Holiday Park,ME12 3QR,,,,,,,master_parks_working.csv (no website on file),Kent,Minster-on-Sea,South East,no,no website found,
Wold Caravan Park,ME12 4ER,,,,,,,master_parks_working.csv (no website on file),Kent,Eastchurch,South East,no,no website found,
Woodlands Preston Park,CT12 5AR,,,,,,,master_parks_working.csv (no website on file),Kent,Manston,South East,no,no website found,
Bridge Country Leisure Club,CT5 4BQ,,,,,,,master_parks_working.csv (no website on file),Kent,"Canterbury, unparished area",South East,yes,no website found,
Ashfield Caravan Park,FY4 5JR,,,,,,,master_parks_working.csv (no website on file),Lancashire,Westby-with-Plumptons,North West,no,no website found,
Bank End Caravan Park,LA2 0DY,,,,,,,master_parks_working.csv (no website on file),Lancashire,Cockerham,North West,no,no website found,
Bolton Holmes Farm,LA5 8ES,,,,,,,master_parks_working.csv (no website on file),Lancashire,Bolton-le-Sands,North West,no,no website found,
Breck Caravan Park,FY6 7JZ,,,,,,,master_parks_working.csv (no website on file),Lancashire,"Wyre, unparished area",North West,no,no website found,
Capernwray House,LA6 1AE,,,,,,,master_parks_working.csv (no website on file),Lancashire,Over Kellet,North West,no,no website found,
Carr Royd Estates,FY6 9EQ,,,,,,,master_parks_working.csv (no website on file),Lancashire,Hambleton,North West,no,no website found,
Cockerside Farm Caravan Park,LA2 0DY,,,,,,,master_parks_working.csv (no website on file),Lancashire,Cockerham,North West,no,no website found,
Docker Park Farm Holiday Homes,LA6 1AR,,,,,,,master_parks_working.csv (no website on file),Lancashire,Arkholme-with-Cawood,North West,no,no website found,
Dover Farm Caravan Park,FY3 0DF,https://www.hoeysleisure.co.uk,https://www.staticcaravanparks.co.uk/parks/lancashire/dover-farm-caravan-park,,,,,"master_parks_working.csv, website added manually - operated by Hoey's Leisure under the name 'Dover Caravan Park' (see park_name_aliases.csv)",Lancashire,Staining,North West,no,listings,Hoey's Leisure
Eastham Hall Caravan Park,FY8 4LS,,,,,,,master_parks_working.csv (no website on file),Lancashire,Lytham,North West,no,no website found,
Flints Caravan Park,FY5 5LR,,,,,,,master_parks_working.csv (no website on file),Lancashire,"Wyre, unparished area",North West,yes,no website found,
Fold House Caravan Park,PR3 6SJ,,,,,,,master_parks_working.csv (no website on file),Lancashire,Pilling,North West,no,no website found,
Forest of Pendle Leisure Park,BB9 6NR,,,,,,,master_parks_working.csv (no website on file),Lancashire,Roughlee Booth,North West,no,no website found,
Garstang Marina,PR3 0JJ,,,,,,,master_parks_working.csv (no website on file),Lancashire,Nateby,North West,no,no website found,
Glade Caravan Park,LA6 1AE,,,,,,,master_parks_working.csv (no website on file),Lancashire,Over Kellet,North West,no,no website found,
Glasson Marina Caravan Park,LA2 0BP,,,,,,,master_parks_working.csv (no website on file),Lancashire,Thurnham,North West,yes,no website found,
Glenfield Leisure Park,PR3 6HE,,,,,,,reconciled from raw listings - never in reference/classification data,Lancashire,,,,listings,
Greendales Farm,LA3 3LH,,,,,,,master_parks_working.csv (no website on file),Lancashire,Middleton,North West,no,no website found,
Greenfield Park,PR4 1UA,,,,,,,master_parks_working.csv (no website on file),Lancashire,Freckleton,North West,no,no website found,
Hagans Leisure Park,PR3 3SY,,,,,,,master_parks_working.csv (no website on file),Lancashire,Longridge,North West,no,no website found,
Harwood Bar Holiday Park,BB6 7UQ,,,,,,,master_parks_working.csv (no website on file),Lancashire,"Hyndburn, unparished area",North West,no,no website found,
Hawthorne Caravan Park,LA3 3LL,,,,,,,master_parks_working.csv (no website on file),Lancashire,Middleton,North West,no,no website found,
High Compley Caravan Park,FY6 8AR,,,,,,,master_parks_working.csv (no website on file),Lancashire,"Wyre, unparished area",North West,no,no website found,
Hunting Hill Caravan Park,LA5 9JP,,,,,,,master_parks_working.csv (no website on file),Lancashire,Carnforth,North West,no,no website found,
Hurst Lea Caravan Park,PR3 0YP,,,,,,,master_parks_working.csv (no website on file),Lancashire,Little Eccleston-with-Larbreck,North West,no,no website found,
Kneps Farm Holiday Park,FY5 5LR,,,,,,,master_parks_working.csv (no website on file),Lancashire,"Wyre, unparished area",North West,yes,no website found,
Larbreck Gardens Caravan Park,PR3 0XA,,,,,,,master_parks_working.csv (no website on file),Lancashire,Great Eccleston,North West,no,no website found,
Larbreck Hall Caravan Park,PR3 0XS,,,,,,,master_parks_working.csv (no website on file),Lancashire,Little Eccleston-with-Larbreck,North West,no,no website found,
Launds Field Caravan Park,LA2 0JZ,,,,,,,master_parks_working.csv (no website on file),Lancashire,Ellel,North West,no,no website found,
Low Greenlands Caravan Park,LA6 1JQ,,,,,,,master_parks_working.csv (no website on file),Lancashire,Priest Hutton,North West,no,no website found,
Maaruig Caravan Park,FY6 0HB,,,,,,,master_parks_working.csv (no website on file),Lancashire,Preesall,North West,no,no website found,
Marina Caravan Park,LA2 0BP,,,,,,,master_parks_working.csv (no website on file),Lancashire,Thurnham,North West,yes,no website found,
McCarthy Caravan Parks,LA6 1AN,,,,,,,master_parks_working.csv (no website on file),Lancashire,Arkholme-with-Cawood,North West,no,no website found,
Meadow View Caravan Park,LA6 1HB,,,,,,,master_parks_working.csv (no website on file),Lancashire,Nether Kellet,North West,no,no website found,
Meadowcroft Caravan Park,PR3 0ZQ,,,,,,,master_parks_working.csv (no website on file),Lancashire,Little Eccleston-with-Larbreck,North West,no,no website found,
Midwood Caravan Park,PR3 6SD,,,,,,,master_parks_working.csv (no website on file),Lancashire,Pilling,North West,no,no website found,
Moor Lane Leisure Park,PR8 3NZ,,,,,,,master_parks_working.csv (no website on file),Lancashire,"Sefton, unparished area",North West,no,no website found,
New Brows Farm,LA3 3LL,,,,,,,master_parks_working.csv (no website on file),Lancashire,Middleton,North West,no,no website found,
New Parkside Caravan Park,LA2 9HH,,,,,,,master_parks_working.csv (no website on file),Lancashire,Quernmore,North West,no,no website found,
North Country Leisure Park,FY5 5LR,,,,,,,master_parks_working.csv (no website on file),Lancashire,"Wyre, unparished area",North West,yes,no website found,
Northside Caravan Park,LA6 1AA,,,,,,,reconciled from raw listings - never in reference/classification data,Lancashire,Carnforth,North West,no,listings,
Oaklands Caravan Park,PR4 1AH,,,,,,,master_parks_working.csv (no website on file),Lancashire,Bryning-with-Warton,North West,no,no website found,
Ocean Edge Caravan Park,FY7 8JY,,,,,,,master_parks_working.csv (no website on file),Lancashire,Fleetwood,North West,yes,no website found,
Old Glasson Caravan Park,LA2 0AU,,,,,,,master_parks_working.csv (no website on file),Lancashire,Thurnham,North West,yes,no website found,
Partingtons Holiday Centre,FY7 8JX,,,,,,,master_parks_working.csv (no website on file),Lancashire,Fleetwood,North West,no,no website found,
Peel Hill Farm Caravan Park,FY4 5JP,,,,,,,master_parks_working.csv (no website on file),Lancashire,Westby-with-Plumptons,North West,no,no website found,
Pendle Valley Caravan Park,BB9 6NT,,,,,,,master_parks_working.csv (no website on file),Lancashire,Roughlee Booth,North West,no,no website found,
Plex Moss Lane Caravan Park,PR8 3NZ,,,,,,,master_parks_working.csv (no website on file),Lancashire,"Sefton, unparished area",North West,no,no website found,
Pool Brow Caravan Park,FY6 8LY,,,,,,,master_parks_working.csv (no website on file),Lancashire,Singleton,North West,no,no website found,
Primrose Bank Caravan Park,PR4 3JJ,,,,,,,master_parks_working.csv (no website on file),Lancashire,Weeton-with-Preese,North West,no,no website found,
Queensgate Caravan Park,PR3 0ZQ,,,,,,,master_parks_working.csv (no website on file),Lancashire,Little Eccleston-with-Larbreck,North West,no,no website found,
Rawcliffe Hall Country Club amd Caravan Park,PR3 6TQ,,,,,,,master_parks_working.csv (no website on file),Lancashire,Out Rawcliffe,North West,no,no website found,
Red Bank Farm,LA5 8JR,,,,,,,master_parks_working.csv (no website on file),Lancashire,Bolton-le-Sands,North West,no,no website found,
Red Lion Bridge Caravan Park,L40 8HQ,,,,,,,master_parks_working.csv (no website on file),Lancashire,Scarisbrick,North West,no,no website found,
Redwell Park,LA6 1BQ,,,,,,,reconciled from raw listings - never in reference/classification data,Lancashire,,,,listings,
Regent Leisure Park,LA3 3DF,,,,,,,master_parks_working.csv (no website on file),Lancashire,Morecambe,North West,no,no website found,
Ribbleside Caravan Park,PR3 3XU,,,,,,,master_parks_working.csv (no website on file),Lancashire,Salesbury,North West,no,no website found,
Ribby Hall Holiday Village,PR4 2PR,,,,,,,master_parks_working.csv (no website on file),Lancashire,Ribby-with-Wrea,North West,no,no website found,
River Wyre Caravan Park,FY6 7LF,,,,,,,master_parks_working.csv (no website on file),Lancashire,Singleton,North West,no,no website found,
Riverside Caravan Park,LA3 3ER,,,,,,,master_parks_working.csv (no website on file),Lancashire,Heaton-with-Oxcliffe,North West,no,no website found,
Riverside Leisure Park,PR9 8FB,,,,,,,master_parks_working.csv (no website on file),Lancashire,,,,no website found,
Riverside Touring and Holiday Park,PR9 8DF,,,,,,,master_parks_working.csv (no website on file),Lancashire,North Meols,North West,no,no website found,
Robins Bank Holiday Park,FY6 9DX,,,,,,,master_parks_working.csv (no website on file),Lancashire,Stalmine-with-Staynall,North West,yes,no website found,
Rosegrove Caravan Park,FY6 0HB,,,,,,,master_parks_working.csv (no website on file),Lancashire,Preesall,North West,no,no website found,
Rowanwater,PR3 0TD,,,,,,,master_parks_working.csv (no website on file),Lancashire,Upper Rawcliffe-with-Tarnacre,North West,no,no website found,
Sea View Caravan Park,PR4 1TD,,,,,,,master_parks_working.csv (no website on file),Lancashire,Bryning-with-Warton,North West,no,no website found,
Shireburne Park,BB7 3LB,,,,,,,master_parks_working.csv (no website on file),Lancashire,Waddington,North West,no,no website found,
Shorefields Caravan Park,LA3 3LL,,,,,,,master_parks_working.csv (no website on file),Lancashire,Middleton,North West,no,no website found,
Sportsmans Caravan Park,FY6 0JG,,,,,,,master_parks_working.csv (no website on file),Lancashire,Stalmine-with-Staynall,North West,yes,no website found,
Stubbins Vale Caravan Park,BB7 9FS,,,,,,,master_parks_working.csv (no website on file),Lancashire,Sabden,North West,no,no website found,
Summerville Caravan park,LA4 4NB,,,,,,,master_parks_working.csv (no website on file),Lancashire,Morecambe,North West,yes,no website found,
Sunnyside Caravan Park,PR3 0RE,,,,,,,master_parks_working.csv (no website on file),Lancashire,Myerscough and Bilsborrow,North West,no,no website found,
Sunset Park Holiday Village,FY6 9EQ,,,,,,,reconciled from raw listings - never in reference/classification data,Lancashire,,,,listings,
The Bungalow Leisure Park,LA3 3EH,,,,,,,master_parks_working.csv (no website on file),Lancashire,Heaton-with-Oxcliffe,North West,no,no website found,
The Glade Caravan Park,LA6 1FE,,,,,,,master_parks_working.csv (no website on file),Lancashire,Over Kellet,North West,no,no website found,
The Heads Holiday Home Park,FY6 0JG,,,,,,,master_parks_working.csv (no website on file),Lancashire,Stalmine-with-Staynall,North West,yes,no website found,
Thornfield Holiday Camp,FY3 0BW,,,,,,,master_parks_working.csv (no website on file),Lancashire,Staining,North West,no,no website found,
Three Rivers Park,BB7 3JG,,,,,,,master_parks_working.csv (no website on file),Lancashire,West Bradford,North West,no,no website found,
Twyn Ghyll Leisure Park,BB7 4JD,,,,,,,master_parks_working.csv (no website on file),Lancashire,Paythorne,North West,no,no website found,
Underbarrow Lodge Park,LA8 8HQ,,,,,,,master_parks_working.csv (no website on file),Lancashire,Underbarrow and Bradleyfield,North West,no,no website found,
Venture Caravan Park,LA4 4TQ,,,,,,,master_parks_working.csv (no website on file),Lancashire,Morecambe,North West,no,no website found,
Whalley Villa Caravan Park,FY4 4PL,,,,,,,master_parks_working.csv (no website on file),Lancashire,"Blackpool, unparished area",North West,no,no website found,
Wharf Cottage Holiday Caravan Park,PR3 1AA,,,,,,,master_parks_working.csv (no website on file),Lancashire,Cabus,North West,no,no website found,
Willow Grove Caravan Park,FY6 0EJ,,,,,,,master_parks_working.csv (no website on file),Lancashire,Preesall,North West,no,no website found,
Near Moss Farm Leisure,LA2 0ER,,,,,,,master_parks_working.csv (no website on file),Lancashire,Cockerham,North West,no,no website found,
Elm Farm Caravan Park,LE17 4LR,,,,,,,master_parks_working.csv (no website on file),Leicestershire,Bitteswell with Bittesby,Central England,no,no website found,
Frisby Lakes Country Park,LE14 3TL,,,,,,,master_parks_working.csv (no website on file),Leicestershire,Asfordby,Central England,no,no website found,
Nevada Park,LE13 0JD,,,,,,,master_parks_working.csv (no website on file),Leicestershire,"Melton, unparished area",Central England,no,no website found,
Proctors Pleasure Park,LE12 8QF,,,,,,,master_parks_working.csv (no website on file),Leicestershire,Barrow upon Soar,Central England,no,no website found,
St Christophers Park,LE67 1FQ,,,,,,,master_parks_working.csv (no website on file),Leicestershire,Ellistown and Battleflat,Central England,no,no website found,
Arnold Laver Leisure,PE25 1LU,,,,,,,master_parks_working.csv (no website on file),Lincolnshire,Ingoldmells,Central England,yes,no website found,
Ashfield Park,DN17 2AN,,,,,,,master_parks_working.csv (no website on file),Lincolnshire,Ashby Parkland,Yorkshire and Humber,no,no website found,
Barkham Arms Caravan Park,PE24 4JR,,,,,,,master_parks_working.csv (no website on file),Lincolnshire,Wainfleet St Mary,Central England,no,no website found,
Beach Site Caravan Park,LN11 7RP,,,,,,,master_parks_working.csv (no website on file),Lincolnshire,Skidbrooke with Saltfleet Haven,Central England,no,no website found,
Beechways Caravan Park,PE24 5QT,,,,,,,master_parks_working.csv (no website on file),Lincolnshire,Chapel St. Leonards,Central England,yes,no website found,
Blenheim Caravan Park,PE25 1EW,,,,,,,master_parks_working.csv (no website on file),Lincolnshire,Skegness,Central England,yes,no website found,
Blue Anchor Leisure Ltd,PE24 5TR,,,,,,,master_parks_working.csv (no website on file),Lincolnshire,Chapel St. Leonards,Central England,yes,no website found,
Braemar Caravan Park,LN4 3PD,https://www.braemarcaravanpark.co.uk,,,,,,classify_new_batch.py (not in original reference table),Lincolnshire,,,,no sales found,
Brickyard Farm,LN4 3RG,,,,,,,master_parks_working.csv (no website on file),Lincolnshire,Timberland,Central England,no,no website found,
Bridge Farm Caravan Site,PE24 4TS,,,,,,,master_parks_working.csv (no website on file),Lincolnshire,Hogsthorpe,Central England,no,no website found,
Butlins Skyline Caravan Park,PE25 1NJ,,,,,,,master_parks_working.csv (no website on file),Lincolnshire,Ingoldmells,Central England,yes,no website found,
Chapel Fields Holiday Park,PE24 5UA,,,,,,,master_parks_working.csv (no website on file),Lincolnshire,Chapel St. Leonards,Central England,yes,no website found,
Crossways Site,YO25 8TY,,,,,,,master_parks_working.csv (no website on file),Lincolnshire,Skipsea,Yorkshire and Humber,no,no website found,
Dainville Caravan Park,PE25 1EW,,,,,,,master_parks_working.csv (no website on file),Lincolnshire,Skegness,Central England,yes,no website found,
Duncannon Caravan Park,PE25 1JL,,,,,,,master_parks_working.csv (no website on file),Lincolnshire,Ingoldmells,Central England,yes,no website found,
East Midland Sun Folk,LN1 2JT,,,,,,,master_parks_working.csv (no website on file),Lincolnshire,Newton on Trent,Central England,no,no website found,
Eastfields Leisure Park,PE24 5UX,,,,,,,master_parks_working.csv (no website on file),Lincolnshire,Chapel St. Leonards,Central England,yes,no website found,
Eastgate Caravan Park,PE25 1RH,,,,,,,master_parks_working.csv (no website on file),Lincolnshire,Ingoldmells,Central England,yes,no website found,
Epperstone Caravan Park,DN36 4EP,,,,,,,master_parks_working.csv (no website on file),Lincolnshire,Humberston,Yorkshire and Humber,no,no website found,
Epworth Fields Holiday Park,DN9 1JA,,,,,,,master_parks_working.csv (no website on file),Lincolnshire,Epworth,Yorkshire and Humber,no,no website found,
Faulkers Lakes,PE24 5HW,,,,,,,master_parks_working.csv (no website on file),Lincolnshire,Burgh le Marsh,Central England,no,no website found,
Foremans Bridge Caravan Park,PE12 0HU,,,,,,,master_parks_working.csv (no website on file),Lincolnshire,Sutton St James,Central England,no,no website found,
Garden City Ltd,PE25 1QR,,,,,,,master_parks_working.csv (no website on file),Lincolnshire,Skegness,Central England,yes,no website found,
Gattington Park,LN4 4XA,,,,,,,master_parks_working.csv (no website on file),Lincolnshire,Coningsby,Central England,no,no website found,
Glen Park,PE25 1PG,,,,,,,master_parks_working.csv (no website on file),Lincolnshire,Ingoldmells,Central England,yes,no website found,
Golden Acres Caravan Park,PE25 1NJ,,,,,,,master_parks_working.csv (no website on file),Lincolnshire,Ingoldmells,Central England,yes,no website found,
Grange Park,DN17 3PP,,,,,,,master_parks_working.csv (no website on file),Lincolnshire,Messingham,Yorkshire and Humber,no,no website found,
Greenfield Caravan Site,LN12 2PU,,,,,,,master_parks_working.csv (no website on file),Lincolnshire,Mablethorpe and Sutton,Central England,yes,no website found,
Greenfield Park,PE25 2RA,,,,,,,master_parks_working.csv (no website on file),Lincolnshire,Skegness,Central England,yes,no website found,
Griftville Camp,PE24 5TU,,,,,,,master_parks_working.csv (no website on file),Lincolnshire,Chapel St. Leonards,Central England,yes,no website found,
Gunby Lakes,PE23 5SL,,,,,,,master_parks_working.csv (no website on file),Lincolnshire,Orby,Central England,no,no website found,
Halfway House,PE24 4UF,,,,,,,master_parks_working.csv (no website on file),Lincolnshire,Burgh le Marsh,Central England,no,no website found,
Happy Days Beach Field,PE24 5TU,,,,,,,master_parks_working.csv (no website on file),Lincolnshire,Chapel St. Leonards,Central England,yes,no website found,
Happy Days Holiday Homes,PE24 5TU,,,,,,,master_parks_working.csv (no website on file),Lincolnshire,Chapel St. Leonards,Central England,yes,no website found,
Happy Days Seaside Holiday Park,LN12 2PH,,,,,,,master_parks_working.csv (no website on file),Lincolnshire,Mablethorpe and Sutton,Central England,yes,no website found,
Hardys Caravan Park,PE25 1PG,,,,,,,master_parks_working.csv (no website on file),Lincolnshire,Ingoldmells,Central England,yes,no website found,
Hazelwood Ski World,LN6 9BW,,,,,,,master_parks_working.csv (no website on file),Lincolnshire,Thorpe on the Hill,Central England,no,no website found,
Herons Mead Camping Park,PE24 5HZ,,,,,,,master_parks_working.csv (no website on file),Lincolnshire,Orby,Central England,no,no website found,
Highfields and Haven Caravan Park,PE25 2RJ,,,,,,,master_parks_working.csv (no website on file),Lincolnshire,Skegness,Central England,yes,no website found,
Hillview Lakes Caravan Park,PE24 5NR,,,,,,,master_parks_working.csv (no website on file),Lincolnshire,Hogsthorpe,Central England,yes,no website found,
Hollands Caravan Park Ltd,PE24 4PW,,,,,,,master_parks_working.csv (no website on file),Lincolnshire,Thorpe St. Peter,Central England,no,no website found,
Holly Farm Park Country Park,LN4 4JP,https://www.hollyfarmpark.co.uk,,,,,,classify_new_batch.py (not in original reference table),Lincolnshire,,,,blocked,
Humber Bridge Water Ski Club,DN19 7HA,,,,,,,master_parks_working.csv (no website on file),Lincolnshire,Barrow upon Humber,Yorkshire and Humber,no,no website found,
Ingoldale Caravan Park,PE25 1LL,,,,,,,master_parks_working.csv (no website on file),Lincolnshire,Ingoldmells,Central England,yes,no website found,
Jacksons Caravan Park,PE25 2RJ,,,,,,,master_parks_working.csv (no website on file),Lincolnshire,Skegness,Central England,yes,no website found,
King Oak Caravan Park,PE24 5UA,,,,,,,master_parks_working.csv (no website on file),Lincolnshire,Chapel St. Leonards,Central England,yes,no website found,
Kings Chalet and Caravan Park,PE24 5UA,,,,,,,master_parks_working.csv (no website on file),Lincolnshire,Chapel St. Leonards,Central England,yes,no website found,
Kings Wood Caravan Park,LN11 7RP,,,,,,,master_parks_working.csv (no website on file),Lincolnshire,Skidbrooke with Saltfleet Haven,Central England,no,no website found,
Kirkstead Bridge Holiday Park,LN10 6XX,,,,,,,master_parks_working.csv (no website on file),Lincolnshire,Martin,Central England,no,no website found,
Kirkstead Holiday Park,LN12 2QD,,,,,,,master_parks_working.csv (no website on file),Lincolnshire,Mablethorpe and Sutton,Central England,yes,no website found,
Lakeside Leisure,PE24 5TU,,,,,,,master_parks_working.csv (no website on file),Lincolnshire,Chapel St. Leonards,Central England,yes,no website found,
Lakeside Park,LN11 7RB,,,,,,,master_parks_working.csv (no website on file),Lincolnshire,North Somercotes,Central England,no,no website found,
Laver Leisure Golden Sands Ltd,PE25 1LX,,,,,,,master_parks_working.csv (no website on file),Lincolnshire,Ingoldmells,Central England,yes,no website found,
Laver Sealands Caravan Park,PE25 1JU,,,,,,,master_parks_working.csv (no website on file),Lincolnshire,Ingoldmells,Central England,yes,no website found,
Lincoln Park,PE24 5TR,,,,,,,master_parks_working.csv (no website on file),Lincolnshire,Chapel St. Leonards,Central England,yes,no website found,
Little Haven Caravan Park,PE24 5QZ,,,,,,,master_parks_working.csv (no website on file),Lincolnshire,Chapel St. Leonards,Central England,yes,no website found,
Lowfields Country Holiday Park,LN6 9EN,,,,,,,master_parks_working.csv (no website on file),Lincolnshire,North Scarle,Central England,no,no website found,
Lynwood Caravan Park,PE24 5TR,,,,,,,master_parks_working.csv (no website on file),Lincolnshire,Chapel St. Leonards,Central England,yes,no website found,
Maltby Le Marsh Caravan Park,LN13 0JS,,,,,,,master_parks_working.csv (no website on file),Lincolnshire,Maltby le Marsh,Central England,no,no website found,
Manor Farm Caravan Site,PE25 1HY,,,,,,,master_parks_working.csv (no website on file),Lincolnshire,Skegness,Central England,no,no website found,
Marina View,LN4 4UT,,,,,,,master_parks_working.csv (no website on file),Lincolnshire,Coningsby,Central England,no,no website found,
Marine Park Holiday Park,PE25 1RH,,,,,,,master_parks_working.csv (no website on file),Lincolnshire,Ingoldmells,Central England,yes,no website found,
Meadowlands Lodge Park,PE23 5PP,,,,,,,master_parks_working.csv (no website on file),Lincolnshire,Great Steeping,Central England,no,no website found,
Midville Caravan Park,PE22 8HW,,,,,,,master_parks_working.csv (no website on file),Lincolnshire,New Leake,Central England,no,no website found,
Mill Hill Caravan Site,PE25 1NA,,,,,,,master_parks_working.csv (no website on file),Lincolnshire,Ingoldmells,Central England,yes,no website found,
Nelson Villa Caravan Park,PE24 5RJ,,,,,,,master_parks_working.csv (no website on file),Lincolnshire,Chapel St. Leonards,Central England,yes,no website found,
Nettleton Caravan Park,LN7 6JQ,,,,,,,master_parks_working.csv (no website on file),Lincolnshire,Nettleton,Central England,no,no website found,
New Inn Caravan Park,LN11 7RZ,,,,,,,master_parks_working.csv (no website on file),Lincolnshire,Skidbrooke with Saltfleet Haven,Central England,no,no website found,
North Shore Caravan Park,PE25 1QZ,,,,,,,master_parks_working.csv (no website on file),Lincolnshire,Skegness,Central England,yes,no website found,
Old Chequers Sunset Brook Caravan Park,PE24 4PF,,,,,,,master_parks_working.csv (no website on file),Lincolnshire,Croft,Central England,no,no website found,
Orchard Caravan Park,LN4 4PZ,,,,26.0,,,master_parks_working.csv (no website on file),Lincolnshire,Dogdyke,Central England,no,no website found,
Orchard View Caravan Park,PE12 0LT,,,,,,,master_parks_working.csv (no website on file),Lincolnshire,Sutton St Edmund,Central England,no,no website found,
Parklands,PE25 1JF,,,,,,,master_parks_working.csv (no website on file),Lincolnshire,Ingoldmells,Central England,yes,no website found,
Pine Trees Leisure Park,PE24 4RE,,,,,,,master_parks_working.csv (no website on file),Lincolnshire,Croft,Central England,no,no website found,
Poplar Zareba Caravan Park,PE24 5XW,,,,,,,master_parks_working.csv (no website on file),Lincolnshire,Anderby,Central England,yes,no website found,
Promenade Caravan Park,PE25 1LJ,,,,,,,master_parks_working.csv (no website on file),Lincolnshire,Ingoldmells,Central England,yes,no website found,
Railway Hotel Caravan Park,LN10 6QX,,,,,,,master_parks_working.csv (no website on file),Lincolnshire,Woodhall Spa,Central England,no,no website found,
Ravenna Holiday Park,PE24 5XP,,,,,,,master_parks_working.csv (no website on file),Lincolnshire,Anderby,Central England,yes,no website found,
Richmond Holiday Centre,PE25 3TQ,,,,,,,master_parks_working.csv (no website on file),Lincolnshire,Skegness,Central England,no,no website found,
Robin Hood Leisure,PE24 5TR,,,,,,,master_parks_working.csv (no website on file),Lincolnshire,Chapel St. Leonards,Central England,yes,no website found,
Rod and Line Caravan Park,PE24 4PJ,,,,,,,master_parks_working.csv (no website on file),Lincolnshire,Thorpe St. Peter,Central England,no,no website found,
Roman Bank Caravan Park,PE25 1QZ,,,,,,,master_parks_working.csv (no website on file),Lincolnshire,Skegness,Central England,yes,no website found,
Roses Caravan Park,PE24 5XW,,,,,,,master_parks_working.csv (no website on file),Lincolnshire,Anderby,Central England,yes,no website found,
Royal Oak Caravan Park,PE25 1QP,,,,,,,master_parks_working.csv (no website on file),Lincolnshire,Skegness,Central England,yes,no website found,
Salt Fleet Caravan Park,LN11 7RZ,,,,,,,master_parks_working.csv (no website on file),Lincolnshire,Skidbrooke with Saltfleet Haven,Central England,no,no website found,
Sandhills Caravan Park,PE25 1NJ,,,,,,,master_parks_working.csv (no website on file),Lincolnshire,Ingoldmells,Central England,yes,no website found,
Sandifields Caravan Park,LN11 7RP,,,,,,,master_parks_working.csv (no website on file),Lincolnshire,Skidbrooke with Saltfleet Haven,Central England,no,no website found,
Sandy Fields Caravan Park,LN11 7RP,,,,,,,master_parks_working.csv (no website on file),Lincolnshire,Skidbrooke with Saltfleet Haven,Central England,no,no website found,
Sandyfields Holiday Park,LN11 7RP,,,,,,,master_parks_working.csv (no website on file),Lincolnshire,Skidbrooke with Saltfleet Haven,Central England,no,no website found,
Seafields Caravan Site,PE25 1HZ,,,,,,,master_parks_working.csv (no website on file),Lincolnshire,Ingoldmells,Central England,yes,no website found,
Sealands Caravan Park,PE25 1JU,,,,,,,master_parks_working.csv (no website on file),Lincolnshire,Ingoldmells,Central England,yes,no website found,
Seaside Holiday Village,LN12 2PE,,,,,,,master_parks_working.csv (no website on file),Lincolnshire,Mablethorpe and Sutton,Central England,yes,no website found,
Seaways Caravan Site,PE25 1HS,,,,,,,master_parks_working.csv (no website on file),Lincolnshire,Skegness,Central England,yes,no website found,
Seymour Caravan Park,PE24 5LN,,,,,,,master_parks_working.csv (no website on file),Lincolnshire,Burgh le Marsh,Central England,no,no website found,
Silver Beach Caravan Park,PE25 1LX,,,,,,,master_parks_working.csv (no website on file),Lincolnshire,Ingoldmells,Central England,yes,no website found,
Silver Birches Holiday Park,DN18 5BA,,,,,,,master_parks_working.csv (no website on file),Lincolnshire,Barton,Yorkshire and Humber,no,no website found,
Skegness Sands,PE25 1QZ,,,,,,,master_parks_working.csv (no website on file),Lincolnshire,Skegness,Central England,yes,no website found,
Skegness Water Leisure Park,PE25 1JF,,,,,,,master_parks_working.csv (no website on file),Lincolnshire,Ingoldmells,Central England,yes,no website found,
Springs Estate Lincs Ltd,LN12 2PZ,,,,,,,master_parks_working.csv (no website on file),Lincolnshire,Mablethorpe and Sutton,Central England,yes,no website found,
Summerlands Caravan Site,PE25 1HY,,,,,,,master_parks_working.csv (no website on file),Lincolnshire,Skegness,Central England,no,no website found,
Sunkist Caravan Park,PE24 5XW,,,,,,,master_parks_working.csv (no website on file),Lincolnshire,Anderby,Central England,yes,no website found,
Sunny Croft Caravan Park,PE25 1JE,,,,,,,master_parks_working.csv (no website on file),Lincolnshire,Ingoldmells,Central England,yes,no website found,
Sunnymeade Camp,PE25 1LH,,,,,,,master_parks_working.csv (no website on file),Lincolnshire,Ingoldmells,Central England,yes,no website found,
Sunny-Ridge,LN13 9JR,,,,,,,master_parks_working.csv (no website on file),Lincolnshire,Mumby,Central England,no,no website found,
Sunny-Ridge Caravan Park,PE25 1JZ,,,,,,,master_parks_working.csv (no website on file),Lincolnshire,Ingoldmells,Central England,yes,no website found,
Swan Lake Country Park,PE24 4NJ,https://swanlakecountrypark.co.uk/,,,,,,classify_new_batch.py (not in original reference table),Lincolnshire,,,,no sales found,
Sycamore Farm Park Ltd,PE24 5HN,,,,,,,master_parks_working.csv (no website on file),Lincolnshire,Burgh le Marsh,Central England,no,no website found,
Sycamore Park,PE24 5LN,,,,,,,master_parks_working.csv (no website on file),Lincolnshire,Burgh le Marsh,Central England,no,no website found,
Taggs Caravan Park,PE25 2ER,,,,,,,master_parks_working.csv (no website on file),Lincolnshire,Skegness,Central England,no,no website found,
Tallington Lakes Caravan Park,PE9 4RJ,,,,,,,master_parks_working.csv (no website on file),Lincolnshire,Tallington,Central England,no,no website found,
The Beeches Caravan Park,PE24 5UA,,,,,,,master_parks_working.csv (no website on file),Lincolnshire,Chapel St. Leonards,Central England,yes,no website found,
The Dunes Holiday Estate,LN12 1QH,,,,,,,master_parks_working.csv (no website on file),Lincolnshire,Mablethorpe and Sutton,Central England,yes,no website found,
The Haven Caravan Park,PE25 2RJ,,,,,,,master_parks_working.csv (no website on file),Lincolnshire,Skegness,Central England,yes,no website found,
The Old Chequers Inn Caravan Park,PE24 4PF,,,,,,,master_parks_working.csv (no website on file),Lincolnshire,Croft,Central England,no,no website found,
The Wagon and Horses Caravan Park,LN11 8JQ,,,,,,,master_parks_working.csv (no website on file),Lincolnshire,Reston,Central England,no,no website found,
The Willows Caravan Park,LN13 0JS,,,,,,,master_parks_working.csv (no website on file),Lincolnshire,Maltby le Marsh,Central England,no,no website found,
The Wolds Holiday Park,PE25 1LX,,,,,,,master_parks_working.csv (no website on file),Lincolnshire,Ingoldmells,Central England,yes,no website found,
Thorpe Park Holiday Centre,DN35 0PW,,,,,,,master_parks_working.csv (no website on file),Lincolnshire,"North East Lincolnshire, unparished area",Yorkshire and Humber,yes,no website found,
Toft Farm Caravan Park,PE22 9HG,,,,,,,master_parks_working.csv (no website on file),Lincolnshire,Wrangle,Central England,no,no website found,
Tuxworth Caravan Site,LN11 7RP,,,,,,,master_parks_working.csv (no website on file),Lincolnshire,Skidbrooke with Saltfleet Haven,Central England,no,no website found,
Vale View,NG32 2FN,,,,,,,master_parks_working.csv (no website on file),Lincolnshire,Allington,Central England,no,no website found,
Walnutlakes Lodges and Camping Park,PE20 2LQ,,,,,,,master_parks_working.csv (no website on file),Lincolnshire,Algarkirk,Central England,no,no website found,
Water Leisure Park,PE25 1JF,,,,,,,master_parks_working.csv (no website on file),Lincolnshire,Ingoldmells,Central England,yes,no website found,
Waterside Leisure Park,PE25 1LX,,,,,,,master_parks_working.csv (no website on file),Lincolnshire,Ingoldmells,Central England,yes,no website found,
Waterways Leisure Park,PE25 1JF,,,,,,,master_parks_working.csv (no website on file),Lincolnshire,Ingoldmells,Central England,yes,no website found,
Westlea Caravan Park,PE24 5HE,,,,,,,master_parks_working.csv (no website on file),Lincolnshire,Burgh le Marsh,Central England,no,no website found,
Whispering Waters Caravan Park,LN12 2NX,,,,,,,master_parks_working.csv (no website on file),Lincolnshire,Mablethorpe and Sutton,Central England,yes,no website found,
Willow Holt Caravan Park,LN4 4JS,,,,,,,master_parks_working.csv (no website on file),Lincolnshire,Tattershall Thorpe,Central England,no,no website found,
Willow Lake Caravans,PE24 4PJ,,,,,,,master_parks_working.csv (no website on file),Lincolnshire,Thorpe St. Peter,Central England,no,no website found,
Windmill Caravan Park,PE24 5HE,,,,,,,master_parks_working.csv (no website on file),Lincolnshire,Burgh le Marsh,Central England,no,no website found,
Woodland Caravan Park,PE25 1AT,,,,,,,master_parks_working.csv (no website on file),Lincolnshire,Skegness,Central England,yes,no website found,
Woodthorpe Hall Leisure Park,LN13 0DD,,,,,,,master_parks_working.csv (no website on file),Lincolnshire,Strubby with Woodthorpe,Central England,no,no website found,
Freshfields Caravan Park,L37 1YD,,,,,,,master_parks_working.csv (no website on file),Merseyside,Formby,North West,yes,no website found,
Liverpool Sun & Air,L35 3ST,,,,,,,master_parks_working.csv (no website on file),Merseyside,Whiston,North West,no,no website found,
Thurstaston Caravan Park,CH61 0HN,,,,,,,master_parks_working.csv (no website on file),Merseyside,"Wirral, unparished area",North West,yes,no website found,
Eastcote,PE31 8JG,,,,,,,master_parks_working.csv (no website on file),Norfolk,Burnham Overy,General East,yes,no website found,
Inglenook Caravan Park,NR27 9NH,,,,,,,master_parks_working.csv (no website on file),Norfolk,Runton,General East,yes,no website found,
Jolly Sailors Caravan Park,PE31 8BJ,,,,,,,master_parks_working.csv (no website on file),Norfolk,Brancaster,General East,yes,no website found,
99 The Beach,PE31 7RB,,,,,,,master_parks_working.csv (no website on file),Norfolk,Snettisham,General East,no,no website found,
Beach Estate Caravan Park,NR29 4JE,,,,,,,master_parks_working.csv (no website on file),Norfolk,Hemsby,General East,yes,no website found,
Beach Haven Caravan Park,NR12 0AA,,,,,,,master_parks_working.csv (no website on file),Norfolk,Bacton,General East,no,no website found,
Country Club Caravan Park,PE31 7RB,,,,,,,master_parks_working.csv (no website on file),Norfolk,Snettisham,General East,no,no website found,
Crossways Park,NR21 0AX,,,,,,,master_parks_working.csv (no website on file),Norfolk,Little Snoring,General East,no,no website found,
Diglea Caravan and Camping Park,PE31 7RA,,,,,,,master_parks_working.csv (no website on file),Norfolk,Snettisham,General East,no,no website found,
Drewery Caravan Park,NR29 3QW,,,,,,,master_parks_working.csv (no website on file),Norfolk,Ormesby St. Margaret with Scratby,General East,no,no website found,
Dune Lodge Caravan Park,NR12 0AL,,,,,,,master_parks_working.csv (no website on file),Norfolk,Sea Palling,General East,yes,no website found,
Elm Beach Caravan Park,NR30 5HG,,,,,,,master_parks_working.csv (no website on file),Norfolk,Caister-on-Sea,General East,yes,no website found,
Fritton Lake Country World,NR31 9HA,,,,,,,master_parks_working.csv (no website on file),Norfolk,Fritton and St. Olaves,General East,no,no website found,
Galley Hill House,NR25 7PJ,,,,,,,master_parks_working.csv (no website on file),Norfolk,Blakeney,General East,yes,no website found,
Gap Caravan Park,NR27 9PA,,,,,,,master_parks_working.csv (no website on file),Norfolk,Runton,General East,yes,no website found,
Grasmere Caravan Park,NR30 5DH,,,,,,,master_parks_working.csv (no website on file),Norfolk,Caister-on-Sea,General East,no,no website found,
Green Farm Caravan Park,NR29 3NW,,,,,,,master_parks_working.csv (no website on file),Norfolk,Ormesby St. Margaret with Scratby,General East,no,no website found,
Haven Caravan Park,PE36 5AZ,,,,,,,master_parks_working.csv (no website on file),Norfolk,Hunstanton,General East,no,no website found,
Haveringland Hall Park,NR10 4PN,,,,,,,master_parks_working.csv (no website on file),Norfolk,Haveringland,General East,no,no website found,
Hero Holiday Park,PE31 8JE,,,,,,,master_parks_working.csv (no website on file),Norfolk,Burnham Overy,General East,yes,no website found,
High Sand Creek Caravan Park,NR23 1QF,,,,,,,master_parks_working.csv (no website on file),Norfolk,Stiffkey,General East,yes,no website found,
Hunstanton Watersports Site,PE36 5BA,,,,,,,master_parks_working.csv (no website on file),Norfolk,Hunstanton,General East,no,no website found,
Jennings Caravan Site Ltd,PE31 7BA,,,,,,,master_parks_working.csv (no website on file),Norfolk,Heacham,General East,no,no website found,
Little Lakeland Caravan Park,IP20 0EL,,,,,,,master_parks_working.csv (no website on file),Norfolk,Wortwell,General East,no,no website found,
Long Beach Caravan Park,NR29 4JD,,,,,,,master_parks_working.csv (no website on file),Norfolk,Winterton-on-Sea,General East,yes,no website found,
Manor Caravan Park,NR12 0AN,,,,,,,master_parks_working.csv (no website on file),Norfolk,Happisburgh,General East,yes,no website found,
Marine Caravan Park,PE36 5BA,,,,,,,master_parks_working.csv (no website on file),Norfolk,Hunstanton,General East,no,no website found,
McDonalds Caravan Park,PE31 7RB,,,,,,,master_parks_working.csv (no website on file),Norfolk,Snettisham,General East,no,no website found,
McDonnell Caravans,PE31 7RB,,,,,,,master_parks_working.csv (no website on file),Norfolk,Snettisham,General East,no,no website found,
Merryhill Leisure,NR9 5AT,,,,,,,master_parks_working.csv (no website on file),Norfolk,Honingham,General East,no,no website found,
Newlands Caravan Park,PE31 7BA,,,,,,,master_parks_working.csv (no website on file),Norfolk,Heacham,General East,no,no website found,
Norfolk Broads Caravan Park,NR29 5JB,,,,,,,master_parks_working.csv (no website on file),Norfolk,Potter Heigham,General East,no,no website found,
North Beach Holiday Park,PE31 7AR,,,,,,,master_parks_working.csv (no website on file),Norfolk,Heacham,General East,no,no website found,
North Walsham Caravan Park,NR28 0RA,,,,,,,master_parks_working.csv (no website on file),Norfolk,North Walsham,General East,no,no website found,
Orchard Mobile Home Park,PE33 0BZ,,,,,,,master_parks_working.csv (no website on file),Norfolk,Shouldham,General East,no,no website found,
Pinecones Caravan & Camping,PE31 6WL,,,,,,,master_parks_working.csv (no website on file),Norfolk,Dersingham,General East,no,no website found,
Poplars Caravan and Chalet Park,NR27 9PL,,,,,,,master_parks_working.csv (no website on file),Norfolk,Runton,General East,yes,no website found,
Poplars Holiday Park,PE31 8EN,https://luxurylodgeescapes.co.uk/,,,,,,master_parks_working.csv (no website on file),Norfolk,Burnham Market,General East,no,no website found,Amber Leisure
Riverside Caravan Park,PE36 6LG,,,,,,,master_parks_working.csv (no website on file),Norfolk,Holme next the Sea,General East,yes,no website found,
Scratby Caravan Park,NR1 3HN,,,,,,,master_parks_working.csv (no website on file),Norfolk,"Norwich, unparished area",General East,no,no website found,
Sea Breeze Caravan Park,NR29 4NW,,,,,,,master_parks_working.csv (no website on file),Norfolk,Hemsby,General East,no,no website found,
Seafield Holiday Park,NR29 4NW,,,,,,,master_parks_working.csv (no website on file),Norfolk,Hemsby,General East,no,no website found,
Seashore Caravan Park,PE31 7AR,https://palmbeachparkheacham.co.uk/,,,,,,master_parks_working.csv (no website on file),Norfolk,Heacham,General East,no,no website found,Amber Leisure
Snettisham Caravan Park,PE31 7RB,,,,,,,master_parks_working.csv (no website on file),Norfolk,Snettisham,General East,no,no website found,
Sun Downer Caravan Park,NR29 4NW,,,,,,,master_parks_working.csv (no website on file),Norfolk,Hemsby,General East,no,no website found,
Sunningdale Caravan Park,NR29 4NW,,,,,,,master_parks_working.csv (no website on file),Norfolk,Hemsby,General East,no,no website found,
Sunnymead Caravan Park,PE36 6LH,,,,,,,master_parks_working.csv (no website on file),Norfolk,Holme next the Sea,General East,yes,no website found,
Sunset Coast Retreat,PE31 7LH,,,,,,,master_parks_working.csv (no website on file),Norfolk,Heacham,General East,no,no website found,
The Haven Caravan Park,PE36 6LR,,,,,,,master_parks_working.csv (no website on file),Norfolk,Holme next the Sea,General East,yes,no website found,
The Vegas Caravan Park,PE36 5BB,,,,,,,master_parks_working.csv (no website on file),Norfolk,Hunstanton,General East,no,no website found,
Tower Caravan Park,NR30 5QJ,,,,,,,master_parks_working.csv (no website on file),Norfolk,Caister-on-Sea,General East,no,no website found,
Trimingham House Caravan Park,NR11 8DX,,,,,,,master_parks_working.csv (no website on file),Norfolk,Gimingham,General East,yes,no website found,
Walcott Caravan and Chalet Park,NR12 0AP,,,,,,,master_parks_working.csv (no website on file),Norfolk,Walcott,General East,yes,no website found,
Walsham Caravan Park,NR28 0RA,,,,,,,master_parks_working.csv (no website on file),Norfolk,North Walsham,General East,no,no website found,
Waveney Valley Holiday Park,IP21 4QF,,,,,,,master_parks_working.csv (no website on file),Norfolk,Dickleburgh and Rushall,General East,no,no website found,
Weybourne Hall Park,NR25 7EX,,,,,,,master_parks_working.csv (no website on file),Norfolk,Weybourne,General East,yes,no website found,
Woodland Leisure Park,NR11 8QJ,,,,,,,master_parks_working.csv (no website on file),Norfolk,Trimingham,General East,no,no website found,
Woodland View Mobile Home Park,NR10 5LS,,,,,,,master_parks_working.csv (no website on file),Norfolk,Stratton Strawless,General East,no,no website found,
Wyndham Park Caravan Site,NR27 9NH,,,,,,,master_parks_working.csv (no website on file),Norfolk,Runton,General East,yes,no website found,
Epworth Fields,PE31 7BA,,,,,,,master_parks_working.csv (no website on file),Norfolk,Heacham,General East,no,no website found,
Vegas Caravan Park,PE36 5BA,,,,,,,master_parks_working.csv (no website on file),Norfolk,Hunstanton,General East,no,no website found,
Blisworth Park,NN7 3ED,,,,,,,master_parks_working.csv (no website on file),Northamptonshire,Blisworth,Central England,no,no website found,
Cumbers Hill Caravan Site,DL11 6RB,,,,,,,master_parks_working.csv (no website on file),Northamptonshire,Arkengarthdale,Yorkshire and Humber,no,no website found,
Riverview Park,NN7 1NH,,,,,,,master_parks_working.csv (no website on file),Northamptonshire,Little Houghton,Central England,no,no website found,
Atlantic View Leisure Park,BT54 6DB,,,,,,,master_parks_working.csv (no website on file),Northern Ireland,Causeway Coast and Glens,Northern Ireland,no,no website found,
Bellemont Caravan Site,BT52 2PN,,,,,,,master_parks_working.csv (no website on file),Northern Ireland,Causeway Coast and Glens,Northern Ireland,no,no website found,
Benone Strand Caravans,BT49 0LQ,,,,,,,master_parks_working.csv (no website on file),Northern Ireland,Causeway Coast and Glens,Northern Ireland,no,no website found,
Bignianview Caravan Park,BT34 4NJ,,,,,,,master_parks_working.csv (no website on file),Northern Ireland,"Newry, Mourne and Down",Northern Ireland,no,no website found,
Blaney Caravan Park,BT93 7ER,,,,,,,master_parks_working.csv (no website on file),Northern Ireland,Fermanagh and Omagh,Northern Ireland,no,no website found,
Bonalston Caravans Ltd,BT55 7SW,,,,,,,master_parks_working.csv (no website on file),Northern Ireland,Causeway Coast and Glens,Northern Ireland,no,no website found,
Bryansford Caravan Park,BT33 0PT,,,,,,,master_parks_working.csv (no website on file),Northern Ireland,"Newry, Mourne and Down",Northern Ireland,no,no website found,
Carnlough Bay Caravan Site,BT44 0JJ,,,,,,,master_parks_working.csv (no website on file),Northern Ireland,Mid and East Antrim,Northern Ireland,no,no website found,
Castlerock Caravan Park,BT51 4TN,,,,,,,master_parks_working.csv (no website on file),Northern Ireland,Causeway Coast and Glens,Northern Ireland,no,no website found,
Causeway Coast Hoiday Park,BT54 6DB,,,,,,,master_parks_working.csv (no website on file),Northern Ireland,Causeway Coast and Glens,Northern Ireland,no,no website found,
Clogher Valley Country Caravan Park,BT76 0HG,,,,,,,master_parks_working.csv (no website on file),Northern Ireland,Mid Ulster,Northern Ireland,no,no website found,
Coney Island Caravan Park,BT30 7UH,,,,,,,master_parks_working.csv (no website on file),Northern Ireland,"Newry, Mourne and Down",Northern Ireland,no,no website found,
Cranfield Bay Holiday Village,BT34 4LN,,,,,,,master_parks_working.csv (no website on file),Northern Ireland,"Newry, Mourne and Down",Northern Ireland,no,no website found,
Crevenish Castle Holiday Park & Marina,BT93 1DD,,,,,,,master_parks_working.csv (no website on file),Northern Ireland,Fermanagh and Omagh,Northern Ireland,no,no website found,
Cushendall Holiday Park,BT44 0QW,,,,,,,master_parks_working.csv (no website on file),Northern Ireland,Causeway Coast and Glens,Northern Ireland,no,no website found,
Drumhoney Holiday Park,BT94 1NB,,,,,,,master_parks_working.csv (no website on file),Northern Ireland,Fermanagh and Omagh,Northern Ireland,no,no website found,
Dunroamin Caravan Park,BT22 2JW,,,,,,,master_parks_working.csv (no website on file),Northern Ireland,Ards and North Down,Northern Ireland,no,no website found,
Edgewater Holiday Park,BT30 8LR,,,,,,,master_parks_working.csv (no website on file),Northern Ireland,"Newry, Mourne and Down",Northern Ireland,no,no website found,
Fairhead Caravan Park,BT54 6HA,,,,,,,master_parks_working.csv (no website on file),Northern Ireland,Causeway Coast and Glens,Northern Ireland,no,no website found,
Glencloy Caravan Park,BT44 0HT,,,,,,,master_parks_working.csv (no website on file),Northern Ireland,Mid and East Antrim,Northern Ireland,no,no website found,
Golden Sands Caravan Park,BT49 0LQ,,,,,,,master_parks_working.csv (no website on file),Northern Ireland,Causeway Coast and Glens,Northern Ireland,no,no website found,
Golf Links Holiday Park Homes,BT56 8JQ,,,,,,,master_parks_working.csv (no website on file),Northern Ireland,Causeway Coast and Glens,Northern Ireland,no,no website found,
Hayes Caravan Park,BT54 6LH,,,,,,,master_parks_working.csv (no website on file),Northern Ireland,Causeway Coast and Glens,Northern Ireland,no,no website found,
Juniper Hill Caravan Park,BT55 7PT,,,,,,,master_parks_working.csv (no website on file),Northern Ireland,Causeway Coast and Glens,Northern Ireland,no,no website found,
Kirkistown Caravan Park,BT22 1JB,,,,,,,master_parks_working.csv (no website on file),Northern Ireland,Ards and North Down,Northern Ireland,no,no website found,
Lakeside View Caravan Park,BT26 6PR,,,,,,,master_parks_working.csv (no website on file),Northern Ireland,Lisburn and Castlereagh,Northern Ireland,no,no website found,
Lazy BJ Ranch,BT33 0LW,,,,,,,master_parks_working.csv (no website on file),Northern Ireland,"Newry, Mourne and Down",Northern Ireland,no,no website found,
Leestone Caravan Park,BT34 4NW,,,,,,,master_parks_working.csv (no website on file),Northern Ireland,"Newry, Mourne and Down",Northern Ireland,no,no website found,
Loaneden Caravan Park,BT93 1TZ,,,,,,,master_parks_working.csv (no website on file),Northern Ireland,Fermanagh and Omagh,Northern Ireland,no,no website found,
Loch Side Holiday Park,BT34 4LN,,,,,,,master_parks_working.csv (no website on file),Northern Ireland,"Newry, Mourne and Down",Northern Ireland,no,no website found,
Lough Erne Yacht Club,BT94 1NZ,,,,,,,master_parks_working.csv (no website on file),Northern Ireland,Fermanagh and Omagh,Northern Ireland,no,no website found,
Loughside Holiday Park,BT34 4LN,https://www.chestnuttholidayparks.com/,,,,,,classify_new_batch.py (not in original reference table),Northern Ireland,,Northern Ireland,no,enquire,Chestnutt Holiday Parks
Lurig Caravan Park,BT44 0SH,,,,,,,master_parks_working.csv (no website on file),Northern Ireland,Causeway Coast and Glens,Northern Ireland,no,no website found,
Maguire Strand Camping & Caravan Park,BT54 6QS,,,,,,,master_parks_working.csv (no website on file),Northern Ireland,Causeway Coast and Glens,Northern Ireland,no,no website found,
Manor House Marine and Cottages,BT94 1NY,,,,,,,master_parks_working.csv (no website on file),Northern Ireland,Fermanagh and Omagh,Northern Ireland,no,no website found,
McCleans Holiday Park,BT55 7HB,,,,,,,master_parks_working.csv (no website on file),Northern Ireland,Causeway Coast and Glens,Northern Ireland,no,no website found,
Mill Caravan Park,BT22 2DS,,,,,,,master_parks_working.csv (no website on file),Northern Ireland,Ards and North Down,Northern Ireland,no,no website found,
Millisle Beach Caravan Park,BT22 2HS,,,,,,,master_parks_working.csv (no website on file),Northern Ireland,Ards and North Down,Northern Ireland,no,no website found,
Mourneview Caravan Park,BT33 0LW,,,,,,,master_parks_working.csv (no website on file),Northern Ireland,"Newry, Mourne and Down",Northern Ireland,no,no website found,
Portballintrae Caravan Park,BT57 8RX,,,,,,,master_parks_working.csv (no website on file),Northern Ireland,Causeway Coast and Glens,Northern Ireland,no,no website found,
Riverside Farm Marina & Caravan Park,BT92 2FN,,,,,,,master_parks_working.csv (no website on file),Northern Ireland,Fermanagh and Omagh,Northern Ireland,no,no website found,
Sandilands Holiday Park,BT34 4LQ,https://www.chestnuttholidayparks.com/,,,,,,classify_new_batch.py (not in original reference table),Northern Ireland,,Northern Ireland,no,enquire,Chestnutt Holiday Parks
Sea View Caravan Park,BT22 2BY,,,,,,,master_parks_working.csv (no website on file),Northern Ireland,Ards and North Down,Northern Ireland,no,no website found,
Shanlieve Caravan Park,BT34 4LJ,,,,,,,master_parks_working.csv (no website on file),Northern Ireland,"Newry, Mourne and Down",Northern Ireland,no,no website found,
Share Holiday Village,BT92 0EQ,,,,,,,master_parks_working.csv (no website on file),Northern Ireland,,Northern Ireland,no,no website found,
Silver Bay Caravan Park,BT22 1QJ,,,,,,,master_parks_working.csv (no website on file),Northern Ireland,Ards and North Down,Northern Ireland,no,no website found,
Silvercove Caravan Park,BT34 4NW,,,,,,,master_parks_working.csv (no website on file),Northern Ireland,"Newry, Mourne and Down",Northern Ireland,no,no website found,
Skerries Caravan Park,BT56 8NB,,,,,,,master_parks_working.csv (no website on file),Northern Ireland,Causeway Coast and Glens,Northern Ireland,no,no website found,
Springvale Holiday Park,BT22 2LA,https://www.sandycove.co.uk,,,,,,classify_new_batch.py (not in original reference table),Northern Ireland,,Northern Ireland,no,listings not scraped,Sandy Cove
Strangford Holiday Park,BT30 7NW,,,,,,,master_parks_working.csv (no website on file),Northern Ireland,"Newry, Mourne and Down",Northern Ireland,no,no website found,
Tullans Farm Caravan Park,BT52 2JB,,,,,,,master_parks_working.csv (no website on file),Northern Ireland,Causeway Coast and Glens,Northern Ireland,no,no website found,
Walkers Caravan Park,BT22 2JN,,,,,,,master_parks_working.csv (no website on file),Northern Ireland,,Northern Ireland,no,no website found,
Whitechurch Caravan Park,BT22 2JY,,,,,,,master_parks_working.csv (no website on file),Northern Ireland,Ards and North Down,Northern Ireland,no,no website found,
Woodcroft Park,BT33 0LN,,,,,,,master_parks_working.csv (no website on file),Northern Ireland,"Newry, Mourne and Down",Northern Ireland,no,no website found,
Adderstone Holiday Park,NE70 7JA,,,,,,,master_parks_working.csv (no website on file),Northumberland,Adderstone with Lucker,North East,no,no website found,
Apple Inn Caravan Park,NE70 7JH,,,,,,,master_parks_working.csv (no website on file),Northumberland,Adderstone with Lucker,North East,no,no website found,
Barrasford Park Caravan Site,NE48 4BE,,,,,,,master_parks_working.csv (no website on file),Northumberland,Chollerton,North East,no,no website found,
Beadnell Links Ltd,NE67 5BN,,,,,,,master_parks_working.csv (no website on file),Northumberland,Beadnell,North East,no,no website found,
Burnside Caravan Park,NE48 2BS,,,,,,,master_parks_working.csv (no website on file),Northumberland,Bellingham,North East,no,no website found,
Christon Bank,NE66 3ES,,,,,,,reconciled from raw listings - never in reference/classification data,Northumberland,,,,listings,
Clennell Hall,NE65 7BG,,,,,,,master_parks_working.csv (no website on file),Northumberland,Alwinton,North East,no,no website found,
CoeBurn Caravan Park,NE66 4SQ,,,,,,,master_parks_working.csv (no website on file),Northumberland,Whittingham,North East,no,no website found,
Ellington Caravan Park,NE61 5JR,,,,,,,master_parks_working.csv (no website on file),Northumberland,Ellington and Linton,North East,no,no website found,
Fallowfield Dene Caravan Park,NE46 4RP,,,,,,,master_parks_working.csv (no website on file),Northumberland,Acomb,North East,no,no website found,
Fellmoor Park,NE65 9QH,,,,,,,master_parks_working.csv (no website on file),Northumberland,Thirston,North East,no,no website found,
Harbour View,NE65 0SW,,,,,,,master_parks_working.csv (no website on file),Northumberland,Warkworth,North East,no,no website found,
Heather Cottages,NE69 7AH,,,,,,,master_parks_working.csv (no website on file),Northumberland,Bamburgh,North East,no,no website found,
Hedgley Services,NE66 4HU,,,,,,,master_parks_working.csv (no website on file),Northumberland,Hedgeley,North East,no,no website found,
Lilswood Caravan Park,NE47 0HX,,,,,,,master_parks_working.csv (no website on file),Northumberland,Hexhamshire,North East,no,no website found,
Marshall Meadows Farm,TD15 1UT,,,,,,,master_parks_working.csv (no website on file),Northumberland,Berwick-upon-Tweed,North East,yes,no website found,
New Park Caravan Site,NE65 0SD,,,,,,,master_parks_working.csv (no website on file),Northumberland,Amble by the Sea,North East,yes,no website found,
Newton Hall Caravan Park,NE66 3DZ,,,,,,,master_parks_working.csv (no website on file),Northumberland,Newton-by-the-Sea,North East,no,no website found,
Northfield Farm Caravan Park,NE65 0XT,,,,,,,master_parks_working.csv (no website on file),Northumberland,Warkworth,North East,no,no website found,
Orchard Park,NE45 5BA,,,,,,,master_parks_working.csv (no website on file),Northumberland,Corbridge,North East,no,no website found,
Poplars Riverside Caravan Park,NE47 6BY,,,,,,,master_parks_working.csv (no website on file),Northumberland,Haydon,North East,no,no website found,
Procter Steads,NE66 3TF,,,,,,,master_parks_working.csv (no website on file),Northumberland,Craster,North East,yes,no website found,
Riverside Caravan Park,NE65 0UD,,,,,,,master_parks_working.csv (no website on file),Northumberland,Warkworth,North East,no,no website found,
Riverside Leisure Ltd,NE46 3RY,,,,,,,master_parks_working.csv (no website on file),Northumberland,Hexham,North East,no,no website found,
Salutation Caravan Park,TD15 2NL,,,,,,,master_parks_working.csv (no website on file),Northumberland,Norham,North East,yes,no website found,
Seaton Caravan Park,NE66 3BH,,,,,,,master_parks_working.csv (no website on file),Northumberland,Longhoughton,North East,yes,no website found,
Silver Carrs Caravan Park,NE65 0JR,,,,,,,master_parks_working.csv (no website on file),Northumberland,Hauxley,North East,no,no website found,
Springhouse Holiday Park,NE47 0AW,,,,,,,reconciled from raw listings - never in reference/classification data,Northumberland,,,,listings,
Stone Close Caravan Park,NE66 3AY,,,,,,,master_parks_working.csv (no website on file),Northumberland,Lesbury,North East,no,no website found,
Swinhoe Links Caravan Park,NE2 2ES,,,,,,,master_parks_working.csv (no website on file),Northumberland,"Newcastle upon Tyne, unparished area",North East,yes,no website found,
Thrunton Holiday Park,NE66 4SQ,,,,,,,master_parks_working.csv (no website on file),Northumberland,Whittingham,North East,no,no website found,
Tindles Hill Caravan Park,NE65 8RH,,,,,,,master_parks_working.csv (no website on file),Northumberland,Brinkburn,North East,no,no website found,
Tyne Green Caravan Site,NE46 4PN,,,,,,,master_parks_working.csv (no website on file),Northumberland,Acomb,North East,no,no website found,
Whitton Glebe Farm Caravan Park,NE65 7RS,,,,,,,master_parks_working.csv (no website on file),Northumberland,Whitton and Tosson,North East,no,no website found,
Greenacres Caravan and Touring Park,NG22 0JN,,,,,,,master_parks_working.csv (no website on file),Nottinghamshire,Tuxford,Central England,no,no website found,
Hallcroft Coarse Fisheries Park,DN22 7RA,,,,,,,master_parks_working.csv (no website on file),Nottinghamshire,"Bassetlaw, unparished area",Central England,no,no website found,
Manor House Park,DN22 0NJ,,,,,,,master_parks_working.csv (no website on file),Nottinghamshire,Laneham,Central England,no,no website found,
Marnham Meadows,NG23 6SG,,,,,,,master_parks_working.csv (no website on file),Nottinghamshire,Marnham,Central England,no,no website found,
Mill House Park,S80 1NP,,,,,,,master_parks_working.csv (no website on file),Nottinghamshire,"Bassetlaw, unparished area",Central England,no,no website found,
Riverdale Park,NG14 7EY,,,,,,,master_parks_working.csv (no website on file),Nottinghamshire,Gunthorpe,Central England,no,no website found,
Woodland Park Homes,NG21 0BT,,,,,,,master_parks_working.csv (no website on file),Nottinghamshire,Rainworth,Central England,no,no website found,
Benson Waterfront Leisure Park,OX10 6SJ,,,,,,,master_parks_working.csv (no website on file),Oxfordshire,Benson,South East,no,no website found,
Cross Country Caravan Park,OX10 8LN,,,,,,,master_parks_working.csv (no website on file),Oxfordshire,Brightwell-cum-Sotwell,South East,no,no website found,
New Look Park,OX18 3RR,,,,,,,master_parks_working.csv (no website on file),Oxfordshire,Carterton,South East,no,no website found,
St Nicholas Park,OX3 0QN,,,,,,,master_parks_working.csv (no website on file),Oxfordshire,Old Marston,South East,no,no website found,
Rosebush Holiday Park,SA66 7QT,,,,,,,master_parks_working.csv (no website on file),Pembrokeshire,Maenclochog,South Wales,no,no website found,
Wood Park Caravans,SA70 8TL,,,,,,,master_parks_working.csv (no website on file),Pembrokeshire,St. Mary Out Liberty,South Wales,no,no website found,
Deepdale Cover Holiday Park,TS13 4AJ,,,,,,,master_parks_working.csv (no website on file),Scotland,Loftus,North East,no,no website found,
Strathlaclan Caravan Park,PA27 8BU,,,,,,,master_parks_working.csv (no website on file),Scotland,Argyll and Bute,Scotland,no,no website found,
Annsmuir Caravan Park,KY15 7SA,,,,,,,master_parks_working.csv (no website on file),Scotland,Fife,Scotland,no,no website found,
Ardlochan House,KA19 8JZ,,,,,,,master_parks_working.csv (no website on file),Scotland,South Ayrshire,Scotland,no,no website found,
Arnbro Caravan Park,PH7 3SE,,,,,,,master_parks_working.csv (no website on file),Scotland,Perth and Kinross,Scotland,no,no website found,
Ashburn House Caravan Park,KY10 3UL,,,,,,,master_parks_working.csv (no website on file),Scotland,Fife,Scotland,no,no website found,
Auchengower House Ltd,G84 0NX,,,,,,,master_parks_working.csv (no website on file),Scotland,Argyll and Bute,Scotland,yes,no website found,
Auchenharvie Leisure Park,KA21 5JN,,,,,,,master_parks_working.csv (no website on file),Scotland,North Ayrshire,Scotland,yes,no website found,
Auchenlarie Holiday Park,DG7 2EX,,,,,,,master_parks_working.csv (no website on file),Scotland,Dumfries and Galloway,Scotland,yes,no website found,
Aviemore Holiday Park,PH22 1PX,,,,104.0,,,master_parks_working.csv (no website on file),Scotland,Highland,Scotland,no,no website found,
Barry Caravan Park,DD7 7SA,,,,,,,master_parks_working.csv (no website on file),Scotland,Angus,Scotland,no,no website found,
Beattock Country Park Ltd,DG10 9RE,,,,,,,master_parks_working.csv (no website on file),Scotland,Dumfries and Galloway,Scotland,no,no website found,
Beech Park,KY8 5NG,,,,,,,master_parks_working.csv (no website on file),Scotland,Fife,Scotland,no,no website found,
Beechtree Park,FK6 6BU,,,,,,,master_parks_working.csv (no website on file),Scotland,Falkirk,Scotland,no,no website found,
Brownmuir Caravan Park,AB30 1SJ,,,,,,,master_parks_working.csv (no website on file),Scotland,Aberdeenshire,Scotland,no,no website found,
Burnbank Park,PH10 6QS,,,,,,,master_parks_working.csv (no website on file),Scotland,Perth and Kinross,Scotland,no,no website found,
Burnside Caravan Park,IV32 7ET,,,,,,,master_parks_working.csv (no website on file),Scotland,Moray,Scotland,no,no website found,
Byne Hill Caravan Park,KA26 0HT,,,,,,,master_parks_working.csv (no website on file),Scotland,South Ayrshire,Scotland,no,no website found,
Cairnmuir Caravans,IV27 4EE,,,,,,,master_parks_working.csv (no website on file),Scotland,Highland,Scotland,no,no website found,
Campfield Caravan Site,AB31 4DN,,,,,,,master_parks_working.csv (no website on file),Scotland,Aberdeenshire,Scotland,no,no website found,
Cardoness Estate Holiday Park,DG7 2EP,,,,,,,master_parks_working.csv (no website on file),Scotland,Dumfries and Galloway,Scotland,yes,no website found,
Carleton Caravan Park,KA26 0JF,,,,,,,master_parks_working.csv (no website on file),Scotland,South Ayrshire,Scotland,no,no website found,
Cherrytree Park,DG16 5BP,,,,,,,master_parks_working.csv (no website on file),Scotland,Dumfries and Galloway,Scotland,yes,no website found,
Clachtoll Caravan Park,IV27 4JD,,,,,,,master_parks_working.csv (no website on file),Scotland,Highland,Scotland,yes,no website found,
Clyde Valley Holiday Park,ML11 9JW,,,,,,,master_parks_working.csv (no website on file),Scotland,South Lanarkshire,Scotland,no,no website found,
Cooper Angus Park,KA27 8QP,,,,,,,master_parks_working.csv (no website on file),Scotland,North Ayrshire,Scotland,yes,no website found,
Coulmore Bay Caravan Park,IV1 3XB,,,,,,,master_parks_working.csv (no website on file),Scotland,Highland,Scotland,no,no website found,
Creebridge Caravan Park,DG8 6AJ,,,,,,,reconciled from raw listings - never in reference/classification data,Scotland,Dumfries and Galloway,Scotland,no,listings,
Creetown Caravan Park,DG8 7HU,,,,,,,master_parks_working.csv (no website on file),Scotland,Dumfries and Galloway,Scotland,no,no website found,
Cressfield Caravan Park,DG11 3DR,,,,,,,master_parks_working.csv (no website on file),Scotland,Dumfries and Galloway,Scotland,no,no website found,
Crosbie Towers Caravan Park,KA23 9PH,,,,,,,master_parks_working.csv (no website on file),Scotland,North Ayrshire,Scotland,no,no website found,
Crossburn  Caravan Park,EH45 8ED,,,,,,,master_parks_working.csv (no website on file),Scotland,Scottish Borders,Scotland,no,no website found,
Crosshead Caravan Park,KA6 6EN,,,,,,,master_parks_working.csv (no website on file),Scotland,South Ayrshire,Scotland,no,no website found,
Crosslaw Caravan Park,TD14 5NT,,,,,,,master_parks_working.csv (no website on file),Scotland,Scottish Borders,Scotland,no,no website found,
Daljarrock Caravan Park,KA26 0RS,,,,,,,master_parks_working.csv (no website on file),Scotland,South Ayrshire,Scotland,no,no website found,
Dollar Lodge and Holiday Home Park,FK14 7LX,,,,,,,master_parks_working.csv (no website on file),Scotland,Clackmannanshire,Scotland,no,no website found,
Doon Park Caravan Park,DG5 4LF,,,,,,,master_parks_working.csv (no website on file),Scotland,Dumfries and Galloway,Scotland,no,no website found,
Dornoch Firth Caravan Park,IV19 1JX,,,,,,,master_parks_working.csv (no website on file),Scotland,Highland,Scotland,yes,no website found,
Downan Caravan Park,KA26 0PB,,,,,,,master_parks_working.csv (no website on file),Scotland,South Ayrshire,Scotland,no,no website found,
Drimsynie Estate Holiday Village,PA24 8AD,,,,,,,master_parks_working.csv (no website on file),Scotland,Argyll and Bute,Scotland,no,no website found,
Drumlochart Caravan Park,DG9 0RN,,,,,,,master_parks_working.csv (no website on file),Scotland,Dumfries and Galloway,Scotland,no,no website found,
Drumneil Holidays,DG8 9NA,,,,,,,master_parks_working.csv (no website on file),Scotland,Dumfries and Galloway,Scotland,no,no website found,
Drumshademuir Caravan Park,DD8 1QT,,,,,,,master_parks_working.csv (no website on file),Scotland,Angus,Scotland,no,no website found,
Dunnibie Caravan Park,KA19 8JZ,,,,,,,master_parks_working.csv (no website on file),Scotland,South Ayrshire,Scotland,no,no website found,
East Balthangie Caravan Park,AB53 5XY,,,,,,,master_parks_working.csv (no website on file),Scotland,Aberdeenshire,Scotland,no,no website found,
East Mill Caravan Park,DD9 7EL,,,,,,,master_parks_working.csv (no website on file),Scotland,Angus,Scotland,no,no website found,
Elliot Caravan Park,DD11 1QJ,,,,,,,master_parks_working.csv (no website on file),Scotland,Angus,Scotland,no,no website found,
Faskally Home Farm Caravan Park,PH16 5LA,,,,,,,master_parks_working.csv (no website on file),Scotland,Perth and Kinross,Scotland,no,no website found,
Findhorn Sands Caravan Park,IV36 3YZ,,,,,,,master_parks_working.csv (no website on file),Scotland,Moray,Scotland,no,no website found,
Findochty Caravan Park,AB56 4QA,,,,,,,master_parks_working.csv (no website on file),Scotland,Moray,Scotland,yes,no website found,
Firth View Caravan Park,KA28 0HA,,,,,,,master_parks_working.csv (no website on file),Scotland,North Ayrshire,Scotland,yes,no website found,
Forsay Caravan Site,PH38 4NB,,,,,,,master_parks_working.csv (no website on file),Scotland,Highland,Scotland,no,no website found,
Free Church Site,IV20 1YL,,,,,,,master_parks_working.csv (no website on file),Scotland,Highland,Scotland,no,no website found,
Gairletter Caravan Park,PA23 8TP,,,,,,,master_parks_working.csv (no website on file),Scotland,Argyll and Bute,Scotland,no,no website found,
Gairloch Caravan Park,IV21 2BX,,,,,,,master_parks_working.csv (no website on file),Scotland,Highland,Scotland,no,no website found,
Galloway Point Holiday Park,DG9 9AA,,,,,,,master_parks_working.csv (no website on file),Scotland,Dumfries and Galloway,Scotland,yes,no website found,
Gart Caravan Park,FK17 8LE,,,,,,,master_parks_working.csv (no website on file),Scotland,Stirling,Scotland,no,no website found,
Gillespie Caravan Park,DG6 4TS,,,,,,,master_parks_working.csv (no website on file),Scotland,Dumfries and Galloway,Scotland,no,no website found,
Glen Afton Caravan Park,KA18 4PR,,,,,,,master_parks_working.csv (no website on file),Scotland,East Ayrshire,Scotland,no,no website found,
Glen Dochart Caravan Park,FK20 8QT,,,,,,,master_parks_working.csv (no website on file),Scotland,Stirling,Scotland,no,no website found,
Glendaruel Caravan Park,PA22 3AB,,,,,,,master_parks_working.csv (no website on file),Scotland,Argyll and Bute,Scotland,no,no website found,
Glenearly Caravan Park,DG5 4NE,,,,,,,master_parks_working.csv (no website on file),Scotland,Dumfries and Galloway,Scotland,no,no website found,
Glenesk Caravan Park,DD9 7YP,,,,,,,master_parks_working.csv (no website on file),Scotland,Aberdeenshire,Scotland,no,no website found,
Glenfinart Caravan Park,PA23 8TS,,,,,,,master_parks_working.csv (no website on file),Scotland,Argyll and Bute,Scotland,no,no website found,
Glengoulandie Country Lodges,PH16 5NL,,,,,,,master_parks_working.csv (no website on file),Scotland,Perth and Kinross,Scotland,no,no website found,
Glenloin Caravan Park,G83 7AJ,,,,,,,master_parks_working.csv (no website on file),Scotland,Argyll and Bute,Scotland,no,no website found,
Glenluce Caravan Park,DG8 0QR,,,,,,,master_parks_working.csv (no website on file),Scotland,Dumfries and Galloway,Scotland,no,no website found,
Glentrool Holiday Park,DG8 6RN,,,,,,,master_parks_working.csv (no website on file),Scotland,Dumfries and Galloway,Scotland,no,no website found,
Golspie Golf Club,KW10 6ST,,,,,,,master_parks_working.csv (no website on file),Scotland,Highland,Scotland,no,no website found,
Grampian Mobile Homes,AB32 6TJ,,,,,,,master_parks_working.csv (no website on file),Scotland,Aberdeenshire,Scotland,no,no website found,
Grangemuir Woodland Park,KY10 2RB,,,,,,,master_parks_working.csv (no website on file),Scotland,Fife,Scotland,no,no website found,
GrantownonSpey Caravan Park,PH26 3JQ,,,,,,,master_parks_working.csv (no website on file),Scotland,Highland,Scotland,no,no website found,
Greenwood Loch Holiday Park,AB53 5SS,,,,,,,master_parks_working.csv (no website on file),Scotland,Aberdeenshire,Scotland,no,no website found,
Gruinard Bay Caravan Park,IV22 2ND,,,,,,,master_parks_working.csv (no website on file),Scotland,Highland,Scotland,no,no website found,
Halleaths Caravan and Camping Park,DG11 1NA,,,,,,,master_parks_working.csv (no website on file),Scotland,Dumfries and Galloway,Scotland,no,no website found,
Haughton House Holiday Park,AB33 8NA,,,,,,,master_parks_working.csv (no website on file),Scotland,Aberdeenshire,Scotland,no,no website found,
Headiton Holidays,AB45 3RN,,,,,,,master_parks_working.csv (no website on file),Scotland,Aberdeenshire,Scotland,no,no website found,
Heads of Ayr Caravan Park,KA7 4LD,,,,,,,master_parks_working.csv (no website on file),Scotland,South Ayrshire,Scotland,no,no website found,
High Creagan Caravan Site,FK21 8TX,,,,,,,master_parks_working.csv (no website on file),Scotland,Perth and Kinross,Scotland,no,no website found,
Hillhead Caravan Park,AB51 0YX,,,,,,,master_parks_working.csv (no website on file),Scotland,Aberdeenshire,Scotland,no,no website found,
Hillview Leisure Park,KA26 9LE,https://www.hillviewpark.com,,,,,,classify_new_batch.py (not in original reference table),Scotland,,,,blocked,
Hoddom Castle Caravan Park,DG11 1AS,,,,,,,master_parks_working.csv (no website on file),Scotland,Dumfries and Galloway,Scotland,no,no website found,
Hunters Quay Holiday Village,PA23 8HP,,,,,,,master_parks_working.csv (no website on file),Scotland,Argyll and Bute,Scotland,no,no website found,
Inchmagrannachan Caravan Park,PH8 0JS,,,,,,,master_parks_working.csv (no website on file),Scotland,Perth and Kinross,Scotland,no,no website found,
Innerwick Leisure Park,EH42 1SA,,,,,,,master_parks_working.csv (no website on file),Scotland,East Lothian,Scotland,no,no website found,
Inverbeg Holiday Park,G83 8PD,,,,,,,master_parks_working.csv (no website on file),Scotland,Argyll and Bute,Scotland,no,no website found,
Invermill Caravan Park,PH8 0JR,,,,,,,master_parks_working.csv (no website on file),Scotland,Perth and Kinross,Scotland,no,no website found,
Inverroy Caravan Park,PH31 4AQ,,,,,,,master_parks_working.csv (no website on file),Scotland,Highland,Scotland,no,no website found,
Kelly Bank Holiday Park,PA18 6BB,,,,,,,master_parks_working.csv (no website on file),Scotland,Inverclyde,Scotland,no,no website found,
Keltie Bridge Caravan Park,FK17 8LJ,,,,,,,master_parks_working.csv (no website on file),Scotland,Stirling,Scotland,no,no website found,
Kingdom Caravan Park,KY6 2NG,,,,,,,master_parks_working.csv (no website on file),Scotland,Fife,Scotland,no,no website found,
Kinghorn Harbour Holiday Park,KY3 9SY,,,,,,,master_parks_working.csv (no website on file),Scotland,Fife,Scotland,no,no website found,
Kingussie Golf Club,PH21 1LR,,,,,,,master_parks_working.csv (no website on file),Scotland,Highland,Scotland,no,no website found,
Ladyhall Farm,DG1 4NN,,,,,,,master_parks_working.csv (no website on file),Scotland,Dumfries and Galloway,Scotland,no,no website found,
Laggan House Country Park,KA26 0LL,,,,,,,master_parks_working.csv (no website on file),Scotland,South Ayrshire,Scotland,no,no website found,
Lagganbeg Caravan Park,G83 8NQ,,,,,,,master_parks_working.csv (no website on file),Scotland,West Dunbartonshire,Scotland,no,no website found,
Largo House Leisure Park,KY8 6EF,,,,,,,master_parks_working.csv (no website on file),Scotland,Fife,Scotland,no,no website found,
Leachive Caravan Park,PA31 8PL,,,,,,,master_parks_working.csv (no website on file),Scotland,Argyll and Bute,Scotland,no,no website found,
Leven Beach Holiday Park,KY8 4HY,,,,,,,master_parks_working.csv (no website on file),Scotland,Fife,Scotland,yes,no website found,
Lighthouse Leisure,DG2 8AZ,,,,,,,master_parks_working.csv (no website on file),Scotland,Dumfries and Galloway,Scotland,no,no website found,
Littlewood Caravan Park,DD10 9LE,,,,,,,master_parks_working.csv (no website on file),Scotland,Angus,Scotland,no,no website found,
Loch Earn Leisure Park,PH6 2NL,,,,,,,master_parks_working.csv (no website on file),Scotland,Perth and Kinross,Scotland,no,no website found,
Loch Eck Caravan Park,PA23 8SG,,,,,,,master_parks_working.csv (no website on file),Scotland,Argyll and Bute,Scotland,no,no website found,
Loch Eck Country Lodges,PA23 8SG,,,,,,,master_parks_working.csv (no website on file),Scotland,Argyll and Bute,Scotland,no,no website found,
Loch Ken Holiday Park,DG7 3NE,,,,,,,master_parks_working.csv (no website on file),Scotland,Dumfries and Galloway,Scotland,no,no website found,
Loch Lomond Holiday Park,G83 7DW,,,,,,,master_parks_working.csv (no website on file),Scotland,Argyll and Bute,Scotland,no,no website found,
Loch Ness Lodge Retreat,PH32 4DS,,,,35.0,,,master_parks_working.csv (no website on file),Scotland,Highland,Scotland,no,no website found,
Loch Tummel Caravan Park,PH16 5NS,,,,,,,master_parks_working.csv (no website on file),Scotland,Perth and Kinross,Scotland,no,no website found,
Lochgoilhead Caravan Centre,PA24 8AD,,,,,,,master_parks_working.csv (no website on file),Scotland,Argyll and Bute,Scotland,no,no website found,
Lochland Caravan Park,DD8 1XF,,,,,,,master_parks_working.csv (no website on file),Scotland,Angus,Scotland,no,no website found,
Lochloy Caravan Park,IV12 4PH,,,,,,,master_parks_working.csv (no website on file),Scotland,Highland,Scotland,no,no website found,
Lochmanor Holiday Lodge,PH2 0QN,,,,,,,master_parks_working.csv (no website on file),Scotland,Perth and Kinross,Scotland,no,no website found,
Lovat Bridge Holiday Park,IV4 7AY,,,,,,,master_parks_working.csv (no website on file),Scotland,Highland,Scotland,no,no website found,
Luce Bay Holiday Park,DG8 0JT,,,,,,,master_parks_working.csv (no website on file),Scotland,Dumfries and Galloway,Scotland,yes,no website found,
Mains Caravan Park,PA17 5EU,,,,,,,master_parks_working.csv (no website on file),Scotland,North Ayrshire,Scotland,no,no website found,
Mains of Taymouth Village,PH15 2HN,,,,,,,master_parks_working.csv (no website on file),Scotland,Perth and Kinross,Scotland,no,no website found,
Middlemuir Caravan Park,KA5 5NR,,,,,,,master_parks_working.csv (no website on file),Scotland,South Ayrshire,Scotland,no,no website found,
Middletons Caravan Park,KA27 8NQ,,,,,,,master_parks_working.csv (no website on file),Scotland,North Ayrshire,Scotland,no,no website found,
Millport Holiday Park,KA28 0HB,,,,,,,master_parks_working.csv (no website on file),Scotland,North Ayrshire,Scotland,yes,no website found,
Milton Haven Caravan Park,DD10 0DL,,,,,,,master_parks_working.csv (no website on file),Scotland,Aberdeenshire,Scotland,no,no website found,
Monreith Sands Caravan Park,DG8 9LJ,,,,,,,master_parks_working.csv (no website on file),Scotland,Dumfries and Galloway,Scotland,no,no website found,
Mossband Caravan Park,DG2 8JP,,,,,,,master_parks_working.csv (no website on file),Scotland,Dumfries and Galloway,Scotland,no,no website found,
Mount View Caravan Park,DG12 6TN,,,,,,,master_parks_working.csv (no website on file),Scotland,Dumfries and Galloway,Scotland,no,no website found,
Mull of Galloway Holiday Park,DG9 9RD,,,,,,,master_parks_working.csv (no website on file),Scotland,Dumfries and Galloway,Scotland,no,no website found,
Nether Craig Caravan Park,PH11 8NH,,,,,,,master_parks_working.csv (no website on file),Scotland,Perth and Kinross,Scotland,no,no website found,
Newfield Caravan Park,DG1 3SE,,,,,,,master_parks_working.csv (no website on file),Scotland,Dumfries and Galloway,Scotland,no,no website found,
Newhouse Caravan Park,ML11 8NP,,,,,,,master_parks_working.csv (no website on file),Scotland,South Lanarkshire,Scotland,no,no website found,
Nivensknowe Caravan Park,EH20 9PF,,,,,,,master_parks_working.csv (no website on file),Scotland,Midlothian,Scotland,no,no website found,
North Alves Caravan Park,IV30 8XD,,,,,,,master_parks_working.csv (no website on file),Scotland,Moray,Scotland,no,no website found,
North Lodge Caravan Park,KY1 2YS,,,,,,,master_parks_working.csv (no website on file),Scotland,Fife,Scotland,no,no website found,
Old Mill Caravan Park,IV36 2TD,,,,,,,master_parks_working.csv (no website on file),Scotland,Moray,Scotland,no,no website found,
Park Avenue Caravan Park,KA27 8JU,,,,,,,master_parks_working.csv (no website on file),Scotland,North Ayrshire,Scotland,no,no website found,
Park of Brandedleys,DG2 8RG,,,,,,,master_parks_working.csv (no website on file),Scotland,Dumfries and Galloway,Scotland,no,no website found,
Peninver Sands Holiday Park,PA28 6QP,,,,,,,master_parks_working.csv (no website on file),Scotland,Argyll and Bute,Scotland,yes,no website found,
Penpont Caravan and Camping Park,DG3 4BH,,,,,,,master_parks_working.csv (no website on file),Scotland,Dumfries and Galloway,Scotland,no,no website found,
Pentire Haven Holiday Park,EX23 9QY,,,,,,,master_parks_working.csv (no website on file),Scotland,Kilkhampton,South West,no,no website found,
Peterhead Lido Caravan Park,AB42 2YP,,,,,,,master_parks_working.csv (no website on file),Scotland,Aberdeenshire,Scotland,no,no website found,
Pitgurdy Holiday Park,IV25 3HY,,,,,,,master_parks_working.csv (no website on file),Scotland,Highland,Scotland,no,no website found,
Point Sands Caravan Park,PA29 6XG,,,,,,,master_parks_working.csv (no website on file),Scotland,Argyll and Bute,Scotland,no,no website found,
Port Ban,PA29 6YD,,,,,,,master_parks_working.csv (no website on file),Scotland,Argyll and Bute,Scotland,no,no website found,
PortnaCloich Caravan Site,PA31 8PN,,,,,,,master_parks_working.csv (no website on file),Scotland,Argyll and Bute,Scotland,no,no website found,
Portsoy Links Caravan Park,AB45 2RQ,,,,,,,master_parks_working.csv (no website on file),Scotland,Aberdeenshire,Scotland,yes,no website found,
Powfoot Lakes Caravan Park,DG12 5QE,,,,,,,master_parks_working.csv (no website on file),Scotland,Dumfries and Galloway,Scotland,no,no website found,
Prestwick Holiday Park,KA9 1UH,,,,,,,master_parks_working.csv (no website on file),Scotland,South Ayrshire,Scotland,no,no website found,
Queen Elizabeth Caravan Park,AB39 2RD,,,,,,,master_parks_working.csv (no website on file),Scotland,Aberdeenshire,Scotland,no,no website found,
Queensberry Bay Caravan Park Ltd,DG12 5PN,,,,,,,master_parks_working.csv (no website on file),Scotland,Dumfries and Galloway,Scotland,no,no website found,
Queensland Holiday Park,KA26 0PZ,,,,,,,master_parks_working.csv (no website on file),Scotland,South Ayrshire,Scotland,no,no website found,
Red Gates Caravan Park,KA26 9NH,,,,,,,master_parks_working.csv (no website on file),Scotland,South Ayrshire,Scotland,no,no website found,
Red Lion Caravan Park,DD11 2PT,,,,,,,master_parks_working.csv (no website on file),Scotland,Angus,Scotland,no,no website found,
River Tilt Park,PH18 5TE,,,,,,,master_parks_working.csv (no website on file),Scotland,Perth and Kinross,Scotland,no,no website found,
Rorsay Caravan Site,PH38 4NB,,,,,,,master_parks_working.csv (no website on file),Scotland,Highland,Scotland,no,no website found,
Roseland Lodge Park,PA20 9EH,,,,,,,master_parks_working.csv (no website on file),Scotland,Argyll and Bute,Scotland,no,no website found,
Rosetta Caravan Park,EH45 8PG,,,,,,,master_parks_working.csv (no website on file),Scotland,Scottish Borders,Scotland,no,no website found,
Ryan Bay Caravan Park,DG9 8QP,,,,,,,master_parks_working.csv (no website on file),Scotland,Dumfries and Galloway,Scotland,no,no website found,
Rye,CH8 9JS,,,,,,,master_parks_working.csv (no website on file),Scotland,Llanasa,North Wales,no,no website found,
Sand Braes Caravan Park,KA27 8RE,,,,,,,master_parks_working.csv (no website on file),Scotland,North Ayrshire,Scotland,yes,no website found,
Sandhead Caravan Park,DG9 9JN,,,,,,,master_parks_working.csv (no website on file),Scotland,,,,no website found,
Sandhills Caravan Park,KY3 9YF,,,,,,,master_parks_working.csv (no website on file),Scotland,Fife,Scotland,no,no website found,
Sands Holiday Centre,IV21 2DL,,,,,,,master_parks_working.csv (no website on file),Scotland,Highland,Scotland,no,no website found,
Sands Of Luce Caravan Park,DG9 9JR,,,,,,,master_parks_working.csv (no website on file),Scotland,Dumfries and Galloway,Scotland,no,no website found,
Sandyhills Bay Leisure Park,DG5 4NY,,,,,,,master_parks_working.csv (no website on file),Scotland,Dumfries and Galloway,Scotland,no,no website found,
Scone Palace Caravan Park,PH2 6BB,,,,,,,master_parks_working.csv (no website on file),Scotland,Perth and Kinross,Scotland,no,no website found,
Scoutscroft Leisure Centre,TD14 5NA,,,,,,,master_parks_working.csv (no website on file),Scotland,Scottish Borders,Scotland,no,no website found,
Seven Acres Park,KA27 8RD,https://www.sevenacrespark.co.uk,,,,,,classify_new_batch.py (not in original reference table),Scotland,,,,blocked,
Silver Ladies Caravan Park,AB31 6NL,,,,,,,master_parks_working.csv (no website on file),Scotland,Aberdeenshire,Scotland,no,no website found,
Skelmorlie Mains Caravan Park,PA17 5EU,,,,,,,master_parks_working.csv (no website on file),Scotland,North Ayrshire,Scotland,no,no website found,
Solway Park,DG2 8AZ,,,,,,,master_parks_working.csv (no website on file),Scotland,Dumfries and Galloway,Scotland,no,no website found,
South Links Holiday Caravan Park,DD10 8EJ,,,,,,,master_parks_working.csv (no website on file),Scotland,Angus,Scotland,no,no website found,
Speyside Gardens Caravan Park,AB38 9LD,,,,,,,master_parks_working.csv (no website on file),Scotland,Moray,Scotland,no,no website found,
Springwood Estate,TD5 8LS,,,,,,,master_parks_working.csv (no website on file),Scotland,Scottish Borders,Scotland,no,no website found,
St Caravan Park,KA9 1UH,,,,,,,master_parks_working.csv (no website on file),Scotland,South Ayrshire,Scotland,no,no website found,
St Catherine Caravan Park,PA25 8AZ,,,,,,,master_parks_working.csv (no website on file),Scotland,Argyll and Bute,Scotland,yes,no website found,
St Cyrus Park,DD10 0DJ,,,,,,,master_parks_working.csv (no website on file),Scotland,Aberdeenshire,Scotland,no,no website found,
St Fillans Caravan Park,PH6 2NE,,,,,,,master_parks_working.csv (no website on file),Scotland,Perth and Kinross,Scotland,no,no website found,
Station Caravan Park,IV30 5RU,,,,,,,master_parks_working.csv (no website on file),Scotland,Moray,Scotland,yes,no website found,
Stewartfield Caravan Park,AB31 6NT,,,,,,,master_parks_working.csv (no website on file),Scotland,Aberdeenshire,Scotland,no,no website found,
Stonehaven Recreation Ground Club,AB39 2RD,,,,,,,master_parks_working.csv (no website on file),Scotland,Aberdeenshire,Scotland,no,no website found,
Straiton Caravan Park Ltd,EH20 9NR,,,,,,,master_parks_working.csv (no website on file),Scotland,Midlothian,Scotland,no,no website found,
Strathavon Caravan Park,KA26 9JB,,,,,,,master_parks_working.csv (no website on file),Scotland,South Ayrshire,Scotland,no,no website found,
Stratheck Country Park Ltd,PA23 8SG,,,,,,,master_parks_working.csv (no website on file),Scotland,Argyll and Bute,Scotland,no,no website found,
Strathlene Caravan Site,AB56 1SR,,,,,,,master_parks_working.csv (no website on file),Scotland,Moray,Scotland,no,no website found,
Stucreoch Caravan Park,PA27 8BZ,,,,,,,master_parks_working.csv (no website on file),Scotland,Argyll and Bute,Scotland,no,no website found,
Sunnymeade Caravan Park,DG9 8LN,,,,,,,master_parks_working.csv (no website on file),Scotland,Dumfries and Galloway,Scotland,yes,no website found,
Tantallon Caravan Park,EH39 5NJ,,,,,,,master_parks_working.csv (no website on file),Scotland,East Lothian,Scotland,no,no website found,
Tarland Camping and Caravanning Club Site,AB34 4UP,,,,,,,master_parks_working.csv (no website on file),Scotland,Aberdeenshire,Scotland,no,no website found,
Taymouth Holiday Centre,PH15 2HN,,,,,,,master_parks_working.csv (no website on file),Scotland,Perth and Kinross,Scotland,no,no website found,
Tayock Holiday Park,DD10 9LE,,,,,,,master_parks_working.csv (no website on file),Scotland,Angus,Scotland,no,no website found,
The Erigmore Estate,PH8 0BJ,,,,,,,master_parks_working.csv (no website on file),Scotland,Perth and Kinross,Scotland,no,no website found,
The Monks Muir Caravan Park,EH41 3SB,,,,,,,master_parks_working.csv (no website on file),Scotland,East Lothian,Scotland,no,no website found,
The Ranch Holiday Park,KA19 8DU,,,,,,,master_parks_working.csv (no website on file),Scotland,South Ayrshire,Scotland,no,no website found,
The Woods Caravan Park,FK10 3AN,,,,,,,master_parks_working.csv (no website on file),Scotland,Clackmannanshire,Scotland,no,no website found,
Thorntonloch Caravan Park,EH42 1QS,,,,,,,master_parks_working.csv (no website on file),Scotland,East Lothian,Scotland,yes,no website found,
Turnberry Holiday Park,KA26 9JW,,,,,,,master_parks_working.csv (no website on file),Scotland,South Ayrshire,Scotland,no,no website found,
Turriff Caravan Park,AB53 4ER,,,,,,,master_parks_working.csv (no website on file),Scotland,Aberdeenshire,Scotland,no,no website found,
Tweedside Caravan Park,EH44 6JS,,,,,,,master_parks_working.csv (no website on file),Scotland,Scottish Borders,Scotland,no,no website found,
Twenty Shilling Wood Caravan Park,PH6 2JY,,,,,,,master_parks_working.csv (no website on file),Scotland,Perth and Kinross,Scotland,no,no website found,
Wairds Caravan Park,DD10 0EP,,,,,,,master_parks_working.csv (no website on file),Scotland,Aberdeenshire,Scotland,no,no website found,
Walled Garden Caravan and Camping Park,KA19 7SG,,,,,,,master_parks_working.csv (no website on file),Scotland,South Ayrshire,Scotland,no,no website found,
West Barr Holiday Park,DG8 9QS,,,,,,,master_parks_working.csv (no website on file),Scotland,Dumfries and Galloway,Scotland,no,no website found,
West Beach Caravan Park,IV30 5RU,,,,,,,master_parks_working.csv (no website on file),Scotland,Moray,Scotland,yes,no website found,
West Loch Tarbert Holiday Park,PA29 6YF,,,,,,,master_parks_working.csv (no website on file),Scotland,Argyll and Bute,Scotland,no,no website found,
West Lodge Caravan Park,PH6 2LS,,,,,,,master_parks_working.csv (no website on file),Scotland,Perth and Kinross,Scotland,no,no website found,
Westbourne Caravan Park,KA28 0HA,,,,,,,master_parks_working.csv (no website on file),Scotland,North Ayrshire,Scotland,yes,no website found,
Wester Bonnyton Farm,AB45 3EP,,,,,,,master_parks_working.csv (no website on file),Scotland,Aberdeenshire,Scotland,yes,no website found,
Whitecairn Farm Caravan Park,DG8 0NZ,,,,,,,master_parks_working.csv (no website on file),Scotland,Dumfries and Galloway,Scotland,no,no website found,
Wig Bay Holiday Park,DG9 0PS,,,,,,,master_parks_working.csv (no website on file),Scotland,Dumfries and Galloway,Scotland,no,no website found,
Woodlea Caravan Park,AB53 5TY,,,,,,,master_parks_working.csv (no website on file),Scotland,Aberdeenshire,Scotland,no,no website found,
Churchfield Caravan Park,WV15 6QL,,,,,,,master_parks_working.csv (no website on file),Shropshire,Bridgnorth,Central England,no,no website found,
Lakeside Country Park,DY14 8HQ,,,,,,,master_parks_working.csv (no website on file),Shropshire,Neen Savage,Central England,no,no website found,
The Wingfield Caravan Park,SY4 1EB,,,,,,,master_parks_working.csv (no website on file),Shropshire,Bicton,Central England,no,no website found,
Chorley Caravan Park,WV16 6PP,,,,,,,master_parks_working.csv (no website on file),Shropshire,Stottesdon,Central England,no,no website found,
Fron Heulog Caravan Park,SY10 0NN,,,,,,,master_parks_working.csv (no website on file),Shropshire,Llanfihangel,North Wales,no,no website found,
Glendower Caravan Park,SY10 0EX,,,,,,,master_parks_working.csv (no website on file),Shropshire,Llangynog,North Wales,no,no website found,
Hawk Lake Caravan Park,SY4 5LN,,,,,,,master_parks_working.csv (no website on file),Shropshire,Hodnet,Central England,no,no website found,
Henstent Caravan Park,SY10 0EP,,,,,,,master_parks_working.csv (no website on file),Shropshire,Llangynog,North Wales,no,no website found,
Hollins Park Estates Ltd,WV15 6QJ,,,,,,,master_parks_working.csv (no website on file),Shropshire,Bridgnorth,Central England,no,no website found,
Lodge Coppice Caravan Park,DY14 8PX,,,,,,,master_parks_working.csv (no website on file),Shropshire,Cleobury Mortimer,Central England,no,no website found,
Mile Bank Farm,SY13 4JY,,,,,,,master_parks_working.csv (no website on file),Shropshire,Whitchurch Urban,North West,no,no website found,
Oxon Hall Holiday Home Park,SY3 5FB,,,,,,,master_parks_working.csv (no website on file),Shropshire,Bicton,Central England,no,no website found,
Oxon Pool Holiday Home Park,SY3 5FB,,,,,,,master_parks_working.csv (no website on file),Shropshire,Bicton,Central England,no,no website found,
Poollview Park,TF8 7BS,,,,,,,master_parks_working.csv (no website on file),Shropshire,Buildwas,Central England,no,no website found,
Rhea Hall Caravan Park,WV16 6HZ,,,,,,,master_parks_working.csv (no website on file),Shropshire,Highley,Central England,no,no website found,
Riverside Caravan Park,WV15 6BY,,,,,,,master_parks_working.csv (no website on file),Shropshire,Bridgnorth,Central England,no,no website found,
Royal Hill Camping Site,SY10 8ES,,,,,,,master_parks_working.csv (no website on file),Shropshire,Kinnerley,Central England,no,no website found,
Russells Caravan Park,WV15 6QJ,,,,,,,master_parks_working.csv (no website on file),Shropshire,Bridgnorth,Central England,no,no website found,
Severn Valley Caravan Site,WV15 6QJ,,,,,,,master_parks_working.csv (no website on file),Shropshire,Bridgnorth,Central England,no,no website found,
Sumerhill Caravan Park,WV15 6QJ,,,,,,,master_parks_working.csv (no website on file),Shropshire,Bridgnorth,Central England,no,no website found,
Sunny View Caravan Park,SY16 3JF,,,,,,,master_parks_working.csv (no website on file),Shropshire,Aberhafesp,North Wales,no,no website found,
Sutton Wharf Caravan Park,TF8 7JE,,,,,,,master_parks_working.csv (no website on file),Shropshire,Sutton Maddock,Central England,no,no website found,
Telford Naturist Park,TF2 9PB,,,,,,,master_parks_working.csv (no website on file),Shropshire,Donnington and Muxton,Central England,no,no website found,
The Patches Holiday Lodge Park,SY4 2LH,,,,,,,master_parks_working.csv (no website on file),Shropshire,Little Ness,Central England,no,no website found,
Thornton Farm Caravan Park,WV16 5NL,,,,,,,master_parks_working.csv (no website on file),Shropshire,Bridgnorth,Central England,no,no website found,
Unicorn Inn,WV16 6BN,,,,,,,master_parks_working.csv (no website on file),Shropshire,Chelmarsh,Central England,no,no website found,
Wear Farm,B24 9BG,,,,,,,master_parks_working.csv (no website on file),Shropshire,"Birmingham, unparished area",Central England,no,no website found,
Wood End farm,WV16 6HY,,,,,,,master_parks_working.csv (no website on file),Shropshire,Highley,Central England,no,no website found,
Wrekin View Caravan Park,TF10 8BA,,,,11.0,,,master_parks_working.csv (no website on file),Shropshire,Chetwynd,Central England,no,no website found,
Sun Valley Caravan Park,BS22 9XB,,,,,,,master_parks_working.csv (no website on file),Somerset,Kewstoke,South West,no,no website found,
Ardnave Holiday Park,BS22 9XJ,,,,,,,master_parks_working.csv (no website on file),Somerset,Kewstoke,South West,no,no website found,
Beeches Holiday Park,TA24 6JW,,,,,,,master_parks_working.csv (no website on file),Somerset,Old Cleeve,South West,no,no website found,
Broadway House Holiday Park,BS27 3DB,,,,,,,master_parks_working.csv (no website on file),Somerset,Cheddar,South West,no,no website found,
Butlins Lakeside Caravan Park,TA24 5SH,,,,,,,master_parks_working.csv (no website on file),Somerset,Minehead,South West,no,no website found,
Dulhorn Farm Caravan Park,BS24 0JQ,,,,,,,master_parks_working.csv (no website on file),Somerset,East Brent,South West,no,no website found,
Edith Mead Caravan Park,TA9 4HE,,,,,,,master_parks_working.csv (no website on file),Somerset,Burnham Without,South West,no,no website found,
Fairways Holiday Park,TA7 8PP,,,,,,,reconciled from raw listings - never in reference/classification data,Somerset,,,,listings,
Happy Days Caravan Pak,TA8 2SF,,,,,,,master_parks_working.csv (no website on file),Somerset,Brean,South West,no,no website found,
Hazelwood Caravan Park,BS22 9XE,,,,,,,master_parks_working.csv (no website on file),Somerset,Kewstoke,South West,no,no website found,
Holiday Village Caravan Park,TA8 1LA,,,,,,,master_parks_working.csv (no website on file),Somerset,Burnham-on-Sea and Highbridge,South West,yes,no website found,
Home Farm Holiday Centre,TA4 4DP,,,,,,,master_parks_working.csv (no website on file),Somerset,West Quantoxhead,South West,no,no website found,
Home Farm Holiday Park,TA9 4HD,,,,,,,master_parks_working.csv (no website on file),Somerset,Burnham Without,South West,no,no website found,
Knoll View Holiday Park,TA9 4RA,,,,,,,master_parks_working.csv (no website on file),Somerset,Burnham Without,South West,no,no website found,
Lake Farm,BS21 6TQ,,,,,,,master_parks_working.csv (no website on file),Somerset,Kenn,South West,no,no website found,
Little Haven Caravan Park,TA8 2QT,,,,,,,master_parks_working.csv (no website on file),Somerset,Berrow,South West,yes,no website found,
Mendip View Caravan Park,TA8 2RF,,,,,,,master_parks_working.csv (no website on file),Somerset,Brean,South West,no,no website found,
Netherdale Camping Site,BS25 1NH,,,,,,,master_parks_working.csv (no website on file),Somerset,Winscombe and Sandford,South West,no,no website found,
New House Farm Caravan Park,TA9 4RA,,,,,,,master_parks_working.csv (no website on file),Somerset,Burnham Without,South West,no,no website found,
Newcombe Caravan Park,TA8 2AF,,,,,,,master_parks_working.csv (no website on file),Somerset,Burnham-on-Sea and Highbridge,South West,no,no website found,
Northam Farm Caravan and Touring Park,TA8 2SE,,,,,,,master_parks_working.csv (no website on file),Somerset,Brean,South West,no,no website found,
Ocean Lodge Holiday Park,TA8 2RF,,,,,,,master_parks_working.csv (no website on file),Somerset,Brean,South West,no,no website found,
Porlock Caravan Park,TA24 8ND,,,,,,,master_parks_working.csv (no website on file),Somerset,Porlock,South West,yes,no website found,
Primrose Hill Park Homes,TA11 7AP,,,,,,,master_parks_working.csv (no website on file),Somerset,The Charltons,South West,no,no website found,
Quantock Orchard Caravan Park,TA4 4AW,,,,,,,master_parks_working.csv (no website on file),Somerset,Crowcombe,South West,no,no website found,
Rose Farm Holiday Park,TA8 2RW,,,,,,,master_parks_working.csv (no website on file),Somerset,Berrow,South West,no,no website found,
Sand Bay Caravan Park,BS22 9UU,,,,,,,master_parks_working.csv (no website on file),Somerset,Kewstoke,South West,no,no website found,
Skorbland Holiday Park,TA8 2RF,,,,,,,master_parks_working.csv (no website on file),Somerset,Brean,South West,no,no website found,
South Summerset Holiday Park,TA20 3EA,,,,,,,master_parks_working.csv (no website on file),Somerset,Whitestaunton,South West,no,no website found,
Splott Farm,BS28 4PD,,,,,,,master_parks_working.csv (no website on file),Somerset,Mark,South West,no,no website found,
St. Hermans Caravan Park,PO11 9NB,,,,,,,master_parks_working.csv (no website on file),Somerset,"Havant, unparished area",South East,yes,no website found,
Summer Lane Caravan Park,BS29 6LS,,,,,,,master_parks_working.csv (no website on file),Somerset,Banwell,South West,no,no website found,
Sunnybank Holiday Park,TA23 0UD,,,,,,,master_parks_working.csv (no website on file),Somerset,Williton,South West,no,no website found,
Swallow Point Caravan Park,BS22 9XB,,,,,,,master_parks_working.csv (no website on file),Somerset,Kewstoke,South West,no,no website found,
The Paddocks Park,TA8 2RF,,,,,,,master_parks_working.csv (no website on file),Somerset,Brean,South West,no,no website found,
Three Acres Caravan Park,TA8 2RF,,,,,,,master_parks_working.csv (no website on file),Somerset,Brean,South West,no,no website found,
Unity Farm Holiday Centre,TA8 2RB,,,,,,,master_parks_working.csv (no website on file),Somerset,Berrow,South West,yes,no website found,
Warren Bay Holiday Village,TA23 0JR,,,,,,,master_parks_working.csv (no website on file),Somerset,Old Cleeve,South West,no,no website found,
Warrens Village Limited,BS21 6TQ,,,,,,,master_parks_working.csv (no website on file),Somerset,Kenn,South West,no,no website found,
West Bay Caravan Park,TA23 0BJ,,,,,,,master_parks_working.csv (no website on file),Somerset,Watchet,South West,no,no website found,
West End Farm Caravan Park,BS24 8RH,,,,,,,master_parks_working.csv (no website on file),Somerset,Locking,South West,no,no website found,
Glencote Caravan Park,ST13 7EE,,,,,,,master_parks_working.csv (no website on file),Staffordshire,Cheddleton,Central England,no,no website found,
Hales Hall Caravan Park,ST10 4QR,,,,,,,master_parks_working.csv (no website on file),Staffordshire,Cheadle,Central England,no,no website found,
Longnor Wood Holiday Park,SK17 0NG,https://www.longnorwood.co.uk,,,,,,classify_new_batch.py (not in original reference table),Staffordshire,Fawfieldhead,Central England,no,no sales found,
Rudyard Vale Caravan Park,ST13 8RR,,,,,,,master_parks_working.csv (no website on file),Staffordshire,Horton,Central England,no,no website found,
Stableford Caravan Park,ST5 5JT,,,,,,,master_parks_working.csv (no website on file),Staffordshire,Chapel and Hill Chorlton,Central England,no,no website found,
Stationfields,B79 7JU,,,,,,,master_parks_working.csv (no website on file),Staffordshire,"Tamworth, unparished area",Central England,no,no website found,
Sunnybank Mobile Homes Park,ST19 9QH,,,,,,,master_parks_working.csv (no website on file),Staffordshire,"Lapley, Stretton and Wheaton Aston",Central England,no,no website found,
The Star Caravan and Camping Park,ST10 3DW,,,,,,,master_parks_working.csv (no website on file),Staffordshire,Cotton,Central England,no,no website found,
Aspen Country Park,IP28 6TT,,,,27.0,,,master_parks_working.csv (no website on file),Suffolk,Fornham St. Genevieve,General East,no,no website found,
Carlton Manor Caravan Park,NR33 8BL,,,,,,,master_parks_working.csv (no website on file),Suffolk,Carlton Colville,General East,no,no website found,
Falcon Mobile Home Park,IP5 3RP,,,,,,,master_parks_working.csv (no website on file),Suffolk,Martlesham,General East,no,no website found,
Five Bells Caravan Park,NR34 7JF,,,,,,,master_parks_working.csv (no website on file),Suffolk,Wrentham,General East,no,no website found,
Greenacres Park,IP14 5QE,,,,16.0,,,master_parks_working.csv (no website on file),Suffolk,Wetheringsett-cum-Brockford,General East,no,no website found,
Harbour Caravan Park,IP18 6ND,,,,,,,master_parks_working.csv (no website on file),Suffolk,Southwold,General East,no,no website found,
Haw Wood Farm Caravan Park,IP17 3QT,,,,,,,master_parks_working.csv (no website on file),Suffolk,Blythburgh,General East,no,no website found,
Heathland Beach Caravan Park,NR33 7PJ,,,,,,,master_parks_working.csv (no website on file),Suffolk,Kessingland,General East,no,no website found,
Holton Hall Park,IP19 8NH,,,,,,,master_parks_working.csv (no website on file),Suffolk,Holton,General East,no,no website found,
Lakeside Leisure Park,IP17 2QP,,,,,,,master_parks_working.csv (no website on file),Suffolk,Kelsale cum Carlton,General East,no,no website found,
Moon and Sixpence Caravan Park,IP12 4PP,,,,,,,master_parks_working.csv (no website on file),Suffolk,Martlesham,General East,no,no website found,
Orwell Meadows Holiday and Touring Park,IP10 0JS,,,,,,,master_parks_working.csv (no website on file),Suffolk,Nacton,General East,no,no website found,
Rising Sun Caravan Park,NR32 5HG,,,,,,,master_parks_working.csv (no website on file),Suffolk,Corton,General East,no,no website found,
Rozel Court,IP28 8AY,,,,,,,master_parks_working.csv (no website on file),Suffolk,"Beck Row, Holywell Row and Kenny Hill",General East,no,no website found,
Southwold Caravan Park,IP18 6ND,,,,,,,master_parks_working.csv (no website on file),Suffolk,Southwold,General East,no,no website found,
Stonham Barns Caravan Park,IP14 6AT,,,,60.0,,,master_parks_working.csv (no website on file),Suffolk,Stonham Aspal,General East,no,no website found,
The Grange Country Park,CO7 6UX,,,,155.0,,,master_parks_working.csv (no website on file),Suffolk,East Bergholt,General East,no,no website found,
Tingdene North Denes Park,NR32 1XG,,,,,,,master_parks_working.csv (no website on file),Suffolk,Lowestoft,General East,no,no website found,
WyWurry Caravan Park,NR32 5HY,,,,,,,master_parks_working.csv (no website on file),Suffolk,Corton,General East,no,no website found,
Bisley Camp,GU24 0PB,,,,,,,master_parks_working.csv (no website on file),Surrey,Pirbright,South East,no,no website found,
Dagley Farm Park Homes,GU4 8DE,,,,,,,master_parks_working.csv (no website on file),Surrey,Shalford,South East,no,no website found,
Edgeley Holiday Park,GU5 9DW,,,,,,,master_parks_working.csv (no website on file),Surrey,Albury,South East,no,no website found,
Penton Park,KT16 8QS,,,,,,,master_parks_working.csv (no website on file),Surrey,"Runnymede, unparished area",South East,no,no website found,
Roof Of The World Caravan Park,KT20 7JR,,,,,,,master_parks_working.csv (no website on file),Surrey,"Mole Valley, unparished area",South East,no,no website found,
Subrosa Mobile Home Park,RH1 3LB,,,,,,,master_parks_working.csv (no website on file),Surrey,"Reigate and Banstead, unparished area",South East,no,no website found,
60 Montalan Crescent,PO20 9BY,,,,,,,master_parks_working.csv (no website on file),Sussex,Selsey,South East,no,no website found,
Bay View Park Ltd,BN24 6DX,,,,,,,master_parks_working.csv (no website on file),Sussex,Pevensey,South East,no,no website found,
Bell Farm Caravan Park,PO20 7HY,,,,,,,master_parks_working.csv (no website on file),Sussex,Birdham,South East,no,no website found,
Blue Ridge Caravan Park,TN36 4NH,,,,,,,master_parks_working.csv (no website on file),Sussex,Icklesham,South East,no,no website found,
Bracklesham Caravan and Boat Club,PO20 8JP,,,,291.0,,,master_parks_working.csv (no website on file),Sussex,East Wittering,South East,no,no website found,
Broadway,PO20 9DL,,,,,,,master_parks_working.csv (no website on file),Sussex,Selsey,South East,no,no website found,
Dons Caravan Park,TN36 4ND,,,,,,,master_parks_working.csv (no website on file),Sussex,Icklesham,South East,no,no website found,
Downsview Caravan Park,BN5 9TG,,,,,,,master_parks_working.csv (no website on file),Sussex,Woodmancote,South East,no,no website found,
Freeways Caravan Park,PO20 9BL,,,,,,,master_parks_working.csv (no website on file),Sussex,Selsey,South East,no,no website found,
Goathland Caravan Site,PO20 9BX,,,,,,,master_parks_working.csv (no website on file),Sussex,Selsey,South East,no,no website found,
Golden Cross Holiday Park,BN27 4AW,,,,,,,master_parks_working.csv (no website on file),Sussex,Chiddingly,South East,no,no website found,
Green Lawns Caravan Park,PO20 9EJ,,,,360.0,,,master_parks_working.csv (no website on file),Sussex,Selsey,South East,no,no website found,
Greenviews,TN21 8RT,,,,51.0,,,master_parks_working.csv (no website on file),Sussex,Heathfield and Waldron,South East,no,no website found,
Holdens Farm Caravan Park,PO20 8JG,,,,525.0,,,master_parks_working.csv (no website on file),Sussex,East Wittering,South East,no,no website found,
Honeybridge Park Campsites,RH13 8NX,,,,,,,master_parks_working.csv (no website on file),Sussex,West Grinstead,South East,no,no website found,
Kingfisher Park,BN24 6AW,,,,,,,master_parks_working.csv (no website on file),Sussex,Bexhill-on-Sea,South East,no,no website found,
Kloofs Caravan Park,TN39 4RG,,,,,,,master_parks_working.csv (no website on file),Sussex,Bexhill-on-Sea,South East,no,no website found,
Lakeview,TN35 4NP,,,,,,,master_parks_working.csv (no website on file),Sussex,Guestling,South East,no,no website found,
Lidsey Caravan Park Ltd,PO22 9PG,,,,,,,master_parks_working.csv (no website on file),Sussex,Aldingbourne,South East,no,no website found,
Mill Brook Park,PO20 9BX,,,,,,,master_parks_working.csv (no website on file),Sussex,Selsey,South East,no,no website found,
Millview Caravan Park,PO20 9BQ,,,,,,,master_parks_working.csv (no website on file),Sussex,Selsey,South East,no,no website found,
Montalan Crescent,PO20 9EE,,,,,,,master_parks_working.csv (no website on file),Sussex,Selsey,South East,no,no website found,
Nook Caravan Park,PO20 9EL,,,,,,,master_parks_working.csv (no website on file),Sussex,Selsey,South East,no,no website found,
Old Mill Caravan Park,BN27 3SS,,,,,,,master_parks_working.csv (no website on file),Sussex,Chiddingly,South East,no,no website found,
Orchard Caravan Park,PO21 5ED,,,,26.0,,,master_parks_working.csv (no website on file),Sussex,Bersted,South East,no,no website found,
Orchard View Caravan Park,BN27 4SY,,,,,,,master_parks_working.csv (no website on file),Sussex,Herstmonceux,South East,no,no website found,
Private Land,PO20 9BZ,,,,,,,master_parks_working.csv (no website on file),Sussex,Selsey,South East,no,no website found,
Raylands Park,RH13 9DH,,,,,,,master_parks_working.csv (no website on file),Sussex,Southwater,South East,no,no website found,
Roundstone Caravans,RH13 9JG,,,,,,,master_parks_working.csv (no website on file),Sussex,Southwater,South East,no,no website found,
Rye Bay Caravan Park,TN36 4NE,,,,304.0,,,master_parks_working.csv (no website on file),Sussex,Icklesham,South East,no,no website found,
Scotts Holiday Village,PO20 8ED,,,,290.0,,,master_parks_working.csv (no website on file),Sussex,West Wittering,South East,no,no website found,
Sea Spray Caravan Site,TN36 4LX,,,,,,,master_parks_working.csv (no website on file),Sussex,Icklesham,South East,no,no website found,
Selsey Country Club Ltd,PO20 9DR,,,,,,,master_parks_working.csv (no website on file),Sussex,Selsey,South East,no,no website found,
Shearbarn Holiday Park,TN35 5DX,,,,,,,master_parks_working.csv (no website on file),Sussex,"Hastings, unparished area",South East,no,no website found,
Shripney Garden Caravan Park,PO22 9NS,,,,,,,master_parks_working.csv (no website on file),Sussex,Bersted,South East,no,no website found,
Sovereign View Association,TN39 4QR,,,,,,,master_parks_working.csv (no website on file),Sussex,Bexhill-on-Sea,South East,no,no website found,
Stalkhurst Caravan Park,TN35 4NN,,,,,,,master_parks_working.csv (no website on file),Sussex,"Hastings, unparished area",South East,no,no website found,
Stan Hope Caravan Park,TN36 4ND,,,,,,,master_parks_working.csv (no website on file),Sussex,Icklesham,South East,no,no website found,
Sunny Glen,TN36 4NH,,,,,,,master_parks_working.csv (no website on file),Sussex,Icklesham,South East,no,no website found,
Sunnyside Park,BN25 2QW,,,,,,,master_parks_working.csv (no website on file),Sussex,Seaford,South East,no,no website found,
The Wadeway,PO20 9BZ,,,,,,,master_parks_working.csv (no website on file),Sussex,Selsey,South East,no,no website found,
The Willows Caravan Park,PO20 3SU,,,,,,,master_parks_working.csv (no website on file),Sussex,Aldingbourne,South East,no,no website found,
Three Rivers Holiday Park,BN9 0TP,,,,,,,master_parks_working.csv (no website on file),Sussex,South Heighton,South East,no,no website found,
Walnut Tree Caravan Park,PO20 8NB,,,,180.0,,,master_parks_working.csv (no website on file),Sussex,West Wittering,South East,no,no website found,
West Sands Caravan Park,PO20 9BH,,,,1573.0,,,master_parks_working.csv (no website on file),Sussex,Selsey,South East,no,no website found,
Why Worry,BN24 6PR,,,,,,,master_parks_working.csv (no website on file),Sussex,Bexhill-on-Sea,South East,no,no website found,
Winchelsea Beach Caravan Park,TN36 4NG,,,,,,,master_parks_working.csv (no website on file),Sussex,,,,no website found,
Windmill Caravan Park,PO20 9BL,,,,,,,master_parks_working.csv (no website on file),Sussex,Selsey,South East,no,no website found,
Winnats Caravan Park,TN36 4HF,,,,,,,master_parks_working.csv (no website on file),Sussex,Icklesham,South East,no,no website found,
Billsmoor Foot Caravan Park,NE19 1AP,,,,,,,master_parks_working.csv (no website on file),Tyne And Wear,Hepple,North East,no,no website found,
Coatham Caravan Park,TS10 5AJ,,,,,,,master_parks_working.csv (no website on file),Tyne And Wear,"Redcar and Cleveland, unparished area",North East,yes,no website found,
Greenlake Caravan Park,TS27 4BN,,,,,,,master_parks_working.csv (no website on file),Tyne And Wear,Monk Hesleden,North East,no,no website found,
Haggerston Castle Caravan Park,NE26 4RR,,,,,,,master_parks_working.csv (no website on file),Tyne And Wear,"North Tyneside, unparished area",North East,yes,no website found,
Hazelgrove Caravan Park,TS12 1DE,,,,,,,master_parks_working.csv (no website on file),Tyne And Wear,"Saltburn, Marske and New Marske",North East,no,no website found,
Sandhaven Caravan Park,NE33 2NL,,,,,,,master_parks_working.csv (no website on file),Tyne And Wear,"South Tyneside, unparished area",North East,no,no website found,
The Links Caravan Park,NE26 4RR,,,,,,,master_parks_working.csv (no website on file),Tyne And Wear,"North Tyneside, unparished area",North East,yes,no website found,
Wellands Lane Caravan Park,SR6 7NP,,,,,,,master_parks_working.csv (no website on file),Tyne And Wear,"South Tyneside, unparished area",North East,no,no website found,
Clai Mawr Caravan Park,LL75 8DX,,,,,,,master_parks_working.csv (no website on file),Wales,Pentraeth,North Wales,no,no website found,
Maerdy Mawr Caravan Park,LL21 9SD,,,,,,,master_parks_working.csv (no website on file),Wales,Gwyddelwern,North Wales,no,no website found,
Ty Brick Caravan Park,LL49 9PP,,,,,,,master_parks_working.csv (no website on file),Wales,Porthmadog,North Wales,no,no website found,
Abbey View Caravan Park,CH8 9JN,,,,,,,master_parks_working.csv (no website on file),Wales,Llanasa,North Wales,no,no website found,
Afon Brenig Caravan Park,LL21 9TU,,,,,,,master_parks_working.csv (no website on file),Wales,Cerrigydrudion,North Wales,no,no website found,
Alt Gymbyd,CH7 4QU,,,,,,,master_parks_working.csv (no website on file),Wales,Llanarmon-yn-Ial,North Wales,no,no website found,
Ash Tree Caravan Park,LD1 6HR,,,,,,,master_parks_working.csv (no website on file),Wales,Llanyre,South Wales,no,no website found,
Ayr View Caravan Park,CH8 9RD,,,,,,,master_parks_working.csv (no website on file),Wales,Llanasa,North Wales,no,no website found,
Barcdy Caravan Park & Campsite,LL47 6YG,,,,,,,master_parks_working.csv (no website on file),Wales,Talsarnau,North Wales,no,no website found,
Beach Road Caravan Park,LL46 2UG,,,,,,,master_parks_working.csv (no website on file),Wales,Harlech,North Wales,no,no website found,
Beachdean Leisure Park,SA68 0PE,,,,,,,master_parks_working.csv (no website on file),Wales,Kilgetty/Begelly,South Wales,no,no website found,
Begelly Farm,SA68 0XE,,,,,,,master_parks_working.csv (no website on file),Wales,Kilgetty/Begelly,South Wales,no,no website found,
Borthwen Caravan Park,LL37 2JT,,,,,,,master_parks_working.csv (no website on file),Wales,Llangelynnin,North Wales,yes,no website found,
Broadway Caravan Park,SA33 4NU,,,,,,,master_parks_working.csv (no website on file),Wales,Laugharne Township,South Wales,no,no website found,
Bryn Gloch Caravan & Camping Park,LL54 7YY,,,,,,,master_parks_working.csv (no website on file),Wales,Betws Garmon,North Wales,no,no website found,
Bryn Goleu Caravan Park,LL53 6UT,,,,,,,master_parks_working.csv (no website on file),Wales,Llannor,North Wales,no,no website found,
Bryn Gwyn Caravan Park,LL23 7UB,,,,,,,master_parks_working.csv (no website on file),Wales,Llanuwchllyn,North Wales,no,no website found,
Bryn Y Mor Caravan Park,LL36 0AB,,,,,,,master_parks_working.csv (no website on file),Wales,Tywyn,North Wales,no,no website found,
Bryncelyn Uchaf Caravan and Camping Site,LL53 7DB,,,,,,,master_parks_working.csv (no website on file),Wales,Llanengan,North Wales,no,no website found,
Bryncoch Farm,SY18 6LL,,,,,,,master_parks_working.csv (no website on file),Wales,Llandinam,South Wales,yes,no website found,
Brynrodyn Caravan Park,SY24 5NR,,,,,,,master_parks_working.csv (no website on file),Wales,Borth,North Wales,no,no website found,
Busnant Holiday PArk,LD1 6ED,,,,,,,master_parks_working.csv (no website on file),Wales,Llanyre,South Wales,no,no website found,
Cae Morfa Caravan Park,LL65 2LZ,,,,,,,master_parks_working.csv (no website on file),Wales,Trearddur,North Wales,no,no website found,
Caer Mynydd Caravan Park,LL16 4TL,,,,,,,master_parks_working.csv (no website on file),Wales,Llanrhaeadr-yng-Nghinmeirch,North Wales,no,no website found,
Caeru Caravan Park,SY18 6LL,,,,,,,master_parks_working.csv (no website on file),Wales,Llandinam,South Wales,yes,no website found,
Caethle Farm Caravan Park,LL36 9HS,,,,,,,master_parks_working.csv (no website on file),Wales,Tywyn,North Wales,no,no website found,
Castleton Caravan Park,CF62 4LG,,,,,,,master_parks_working.csv (no website on file),Wales,St. Athan,South Wales,no,no website found,
Cava Point Sands,LL17 0AW,,,,,,,master_parks_working.csv (no website on file),Wales,Tremeirchion,North Wales,no,no website found,
Cefn Maelan Caravan Park,LL40 2LT,,,,,,,master_parks_working.csv (no website on file),Wales,Dolgellau,North Wales,no,no website found,
Cliff Caravan Park,LL65 2UR,,,,,,,master_parks_working.csv (no website on file),Wales,,,,no website found,
Corris Caravan Park,SY20 9HD,,,,,,,master_parks_working.csv (no website on file),Wales,Glantwymyn,North Wales,no,no website found,
Craig Y Mor Caravan Park,LL22 8HG,,,,,,,master_parks_working.csv (no website on file),Wales,Llanddulas and Rhyd-y-Foel,North Wales,no,no website found,
Cringoed Holiday Park,SY19 7DR,,,,,,,master_parks_working.csv (no website on file),Wales,Llanbrynmair,North Wales,no,no website found,
Cromlech Manor Farm,LL74 8SB,,,,,,,master_parks_working.csv (no website on file),Wales,Llanfair-Mathafarn-Eithaf,North Wales,no,no website found,
Cross Park Holiday Park,SA68 0RN,,,,,,,master_parks_working.csv (no website on file),Wales,East Williamston,South Wales,no,no website found,
Daisy Bank Touring Caravan Park,SY15 6EB,,,,,,,master_parks_working.csv (no website on file),Wales,Churchstoke,North Wales,yes,no website found,
Dalmore Caravan Park,LD1 5RG,,,,,,,master_parks_working.csv (no website on file),Wales,Disserth and Trecoed,South Wales,no,no website found,
DanYGraig Holiday Park,CF33 4RA,,,,,,,master_parks_working.csv (no website on file),Wales,Cornelly,South Wales,no,no website found,
Daron Valley Caravan Park,LL53 8BE,,,,,,,master_parks_working.csv (no website on file),Wales,Aberdaron,North Wales,no,no website found,
Ddol Hir Caravan Park,LL20 7PD,,,,,,,master_parks_working.csv (no website on file),Wales,Llansantffraid Glyn Ceiriog,North Wales,no,no website found,
Derwen Las Caravan Park,SA66 7SU,,,,,,,master_parks_working.csv (no website on file),Wales,Llandissilio West,South Wales,no,no website found,
Dinas Farm Caravan Park,LL45 2PH,,,,,,,master_parks_working.csv (no website on file),Wales,Llanbedr,North Wales,no,no website found,
Disserth Caravan & Camping Park,LD1 6NL,,,,,,,master_parks_working.csv (no website on file),Wales,Disserth and Trecoed,South Wales,no,no website found,
Dolgamedd Park,LL40 2DG,,,,,,,master_parks_working.csv (no website on file),Wales,Brithdir and Llanfachreth,North Wales,no,no website found,
Dolgelynen Holiday Park,SA43 2HS,,,,,,,master_parks_working.csv (no website on file),Wales,Aberporth,South Wales,no,no website found,
Dolhendre Caravan Park,LL23 7TD,,,,,,,master_parks_working.csv (no website on file),Wales,Llanuwchllyn,North Wales,no,no website found,
Dovey Valley Caravan Camping Park,SY20 8QJ,,,,,,,master_parks_working.csv (no website on file),Wales,Glantwymyn,North Wales,no,no website found,
Dronwy Caravan Park,LL65 4YB,,,,,,,master_parks_working.csv (no website on file),Wales,Llanfachraeth,North Wales,yes,no website found,
Dunkasons Caravan Park,LL19 9SY,,,,,,,master_parks_working.csv (no website on file),Wales,Llanasa,North Wales,no,no website found,
Dwyros Farm Campsite,LL53 8BS,,,,,,,master_parks_working.csv (no website on file),Wales,Aberdaron,North Wales,no,no website found,
Dyffryn Arth,SY23 5NE,,,,,,,master_parks_working.csv (no website on file),Wales,Dyffryn Arth,South Wales,no,no website found,
Dyffryn Bern Caravan Park,SA44 6RD,,,,,,,master_parks_working.csv (no website on file),Wales,Penbryn,South Wales,no,no website found,
Dyffryn Ial Caravan Site,CH7 5TA,,,,,,,master_parks_working.csv (no website on file),Wales,Llanarmon-yn-Ial,North Wales,no,no website found,
Eisteddfa Caravan and Camping Park,LL52 0PT,,,,,,,master_parks_working.csv (no website on file),Wales,Dolbenmaen,North Wales,no,no website found,
Erwbarfe Farm Caravan Park,SY23 3JR,,,,,,,master_parks_working.csv (no website on file),Wales,Blaenrheidol,South Wales,no,no website found,
Fach Caravan Park,LL53 7AD,,,,,,,master_parks_working.csv (no website on file),Wales,Llanengan,North Wales,no,no website found,
Felin Fach Caravan Park,SA66 7JG,,,,,,,master_parks_working.csv (no website on file),Wales,New Moat,South Wales,no,no website found,
FfermHendre Wen Caravan Park,LL31 9JE,,,,,,,master_parks_working.csv (no website on file),Wales,Conwy,North Wales,no,no website found,
Ffoshelyg Caravan Park,SA48 8RL,,,,,,,master_parks_working.csv (no website on file),Wales,Ciliau Aeron,South Wales,no,no website found,
Ffrith Wen,LL28 5ES,,,,,,,master_parks_working.csv (no website on file),Wales,Betws yn Rhos,North Wales,no,no website found,
Ffynnonau Farm Caravan Park,LL22 8AD,,,,,,,master_parks_working.csv (no website on file),Wales,Betws yn Rhos,North Wales,no,no website found,
Figin Farm,LL73 8PL,,,,,,,master_parks_working.csv (no website on file),Wales,Llaneugrad,North Wales,no,no website found,
Foel Bach Caravan Park,LL53 7PP,,,,,,,master_parks_working.csv (no website on file),Wales,Llanengan,North Wales,no,no website found,
Fron Farm Caravan Park,CH7 5QW,,,,,,,master_parks_working.csv (no website on file),Wales,Cilcain,North Wales,no,no website found,
Fron Francis Caravan Park,LL26 0TY,,,,,,,master_parks_working.csv (no website on file),Wales,Llanddoged and Maenan,North Wales,no,no website found,
Fron Goch Caravan Park,LL73 8PN,,,,,,,master_parks_working.csv (no website on file),Wales,Llaneugrad,North Wales,yes,no website found,
Fronalchen Caravan Park,LL40 2AG,,,,,,,master_parks_working.csv (no website on file),Wales,Brithdir and Llanfachreth,North Wales,no,no website found,
Fronarth Caravan Park,SY23 5PD,,,,,,,master_parks_working.csv (no website on file),Wales,Dyffryn Arth,South Wales,no,no website found,
Frondeg Caravan Park,SA45 9SP,,,,,,,master_parks_working.csv (no website on file),Wales,Llanarth,South Wales,no,no website found,
Gaingc View Caravan Park,LL22 9HP,,,,,,,master_parks_working.csv (no website on file),Wales,Kinmel Bay and Towyn,North Wales,yes,no website found,
Gateway Holiday Park,SA14 9SN,,,,,,,master_parks_working.csv (no website on file),Wales,Llanelli Rural,South Wales,yes,no website found,
Gell Bach Caravan Park,LL73 8PN,,,,,,,master_parks_working.csv (no website on file),Wales,Llaneugrad,North Wales,yes,no website found,
Gilfach Caravan Park,SA44 6DQ,,,,,,,master_parks_working.csv (no website on file),Wales,Llangrannog,South Wales,no,no website found,
Glan Gwna Country Holiday Park,LL55 2SG,,,,,,,master_parks_working.csv (no website on file),Wales,Waunfawr,North Wales,no,no website found,
Glan Y Mor Leisure Park,SY23 3DT,,,,,,,master_parks_working.csv (no website on file),Wales,Tirymynach,South Wales,no,no website found,
Glanaber Caravan Park,LL49 9YA,,,,,,,master_parks_working.csv (no website on file),Wales,Porthmadog,North Wales,yes,no website found,
Glandulas Farm Holiday Home Park,SY16 4HZ,,,,,,,master_parks_working.csv (no website on file),Wales,Mochdre with Penstrowed,North Wales,no,no website found,
Glascoed Hall Caravan Park,LL55 3BB,,,,,,,master_parks_working.csv (no website on file),Wales,Llanddeiniolen,North Wales,no,no website found,
Glyn Caravan Park,LL53 7UL,,,,,,,master_parks_working.csv (no website on file),Wales,Llanengan,North Wales,no,no website found,
Glyn Farm Caravans,LL27 0RZ,,,,,,,master_parks_working.csv (no website on file),Wales,Trefriw,North Wales,no,no website found,
Golden Sunset Holiday Park,LL74 8SW,,,,,,,master_parks_working.csv (no website on file),Wales,Llanfair-Mathafarn-Eithaf,North Wales,yes,no website found,
Gorse Hill Caravan Park,LL32 8HJ,,,,,,,master_parks_working.csv (no website on file),Wales,Henryd,North Wales,no,no website found,
Green Meadow Caravan Park,SY23 3DT,,,,,,,master_parks_working.csv (no website on file),Wales,Tirymynach,South Wales,no,no website found,
Green Meadow Holiday Park,SA3 1LU,,,,,,,master_parks_working.csv (no website on file),Wales,Penrice,South Wales,yes,no website found,
Greenfields Caravan Park,SA44 6HF,,,,,,,master_parks_working.csv (no website on file),Wales,Llangrannog,South Wales,no,no website found,
Greengate Caravan Park,LL49 9YA,,,,,,,master_parks_working.csv (no website on file),Wales,Porthmadog,North Wales,yes,no website found,
Greenways Holiday Park,SA3 1LY,,,,,,,master_parks_working.csv (no website on file),Wales,Penrice,South Wales,yes,no website found,
Griffithston Farm,SA69 9ED,,,,,,,master_parks_working.csv (no website on file),Wales,Saundersfoot,South Wales,no,no website found,
Gwalia Falls Holiday Park,SA43 2JL,,,,,,,master_parks_working.csv (no website on file),Wales,Penbryn,South Wales,no,no website found,
Gwydyr View,LL27 0RZ,,,,,,,master_parks_working.csv (no website on file),Wales,Trefriw,North Wales,no,no website found,
Gwyn Caravan Park,LL55 2AQ,,,,,,,master_parks_working.csv (no website on file),Wales,Llanrug,North Wales,no,no website found,
Gwyndy Caravan Site,LL49 9YH,,,,,,,master_parks_working.csv (no website on file),Wales,Porthmadog,North Wales,yes,no website found,
Gwynfair Caravan and Touring Park,LL65 2AX,,,,,,,master_parks_working.csv (no website on file),Wales,Trearddur,North Wales,yes,no website found,
Gwynus Caravan Park,LL53 6LY,,,,,,,master_parks_working.csv (no website on file),Wales,Pistyll,North Wales,no,no website found,
Hampton Court Holiday Park,SA67 8SD,,,,,,,master_parks_working.csv (no website on file),Wales,Templeton,South Wales,no,no website found,
Happy Days Holiday Park,LL22 9EW,,,,,,,master_parks_working.csv (no website on file),Wales,Kinmel Bay and Towyn,North Wales,yes,no website found,
Happy Valley Caravan Park,CF32 0NG,,,,,,,master_parks_working.csv (no website on file),Wales,Porthcawl,South Wales,no,no website found,
Harts Caravan Park,LL22 7PS,,,,,,,master_parks_working.csv (no website on file),Wales,Abergele,North Wales,no,no website found,
Hasguard Cross Caravan Park,SA62 3SL,,,,,,,master_parks_working.csv (no website on file),Wales,The Havens,South Wales,no,no website found,
Hazelbrook Caravan Park,SA70 8SY,,,,,,,master_parks_working.csv (no website on file),Wales,Carew,South Wales,no,no website found,
Heathfield Court Caravan Park,SA67 8LN,,,,,,,master_parks_working.csv (no website on file),Wales,Amroth,South Wales,no,no website found,
Helsby Caravan Park,LL53 7SF,,,,,,,master_parks_working.csv (no website on file),Wales,Llanengan,North Wales,no,no website found,
Helyg Fach Caravan Park,SA43 2EB,,,,,,,master_parks_working.csv (no website on file),Wales,Aberporth,South Wales,no,no website found,
Hendre Caravan Park,LL53 8TN,,,,,,,reconciled from raw listings - never in reference/classification data,Wales,Llannor,North Wales,no,listings,
Hendre Wen Caravan Park,LL31 9JE,,,,,,,master_parks_working.csv (no website on file),Wales,Conwy,North Wales,no,no website found,
Hendrewen Caravan Park,SY25 6QU,,,,,,,master_parks_working.csv (no website on file),Wales,Llangeitho,South Wales,no,no website found,
Henllan Caravan Park,SY21 9EJ,,,,,,,master_parks_working.csv (no website on file),Wales,Llangyniew,North Wales,no,no website found,
Henllys Caravan Park,LL32 8DJ,,,,,,,master_parks_working.csv (no website on file),Wales,Henryd,North Wales,no,no website found,
Highfields Holiday Park,SA3 1NN,,,,,,,master_parks_working.csv (no website on file),Wales,Port Eynon,South Wales,yes,no website found,
Hillend Camping Park,SA3 1JD,,,,,,,master_parks_working.csv (no website on file),Wales,"Llangennith, Llanmadoc and Cheriton",South Wales,yes,no website found,
Howelston Holiday Park,SA62 3UU,,,,,,,master_parks_working.csv (no website on file),Wales,The Havens,South Wales,no,no website found,
Irfon River Cravan Park,LD4 4BH,,,,,,,master_parks_working.csv (no website on file),Wales,Llangamarch,South Wales,no,no website found,
Is Helen Farm Caravan Park,LL54 5RN,,,,,,,master_parks_working.csv (no website on file),Wales,Caernarfon,North Wales,yes,no website found,
Island View Caravan Park,CF64 5UG,,,,,,,master_parks_working.csv (no website on file),Wales,Sully and Lavernock,South Wales,no,no website found,
Kaeran Mills Caravan Park,LL22 9DY,,,,,,,master_parks_working.csv (no website on file),Wales,Llanfair Talhaiarn,North Wales,no,no website found,
Kenfig Pool Caravan Park,CF33 4PT,,,,,,,master_parks_working.csv (no website on file),Wales,Cornelly,South Wales,no,no website found,
Kerfoot Caravan Park,LL22 9HF,,,,,,,master_parks_working.csv (no website on file),Wales,Kinmel Bay and Towyn,North Wales,yes,no website found,
Kingsbridge Caravan Park,LL58 8LR,,,,,,,master_parks_working.csv (no website on file),Wales,Beaumaris,North Wales,yes,no website found,
Lawrenny Caravan Park,SA68 0PR,,,,,,,master_parks_working.csv (no website on file),Wales,Martletwy,South Wales,yes,no website found,
Little Kings Park,SA67 8PG,,,,,,,master_parks_working.csv (no website on file),Wales,Amroth,South Wales,no,no website found,
Llanfair Bach Caravan Park,LL65 2PR,,,,,,,master_parks_working.csv (no website on file),Wales,Holyhead,North Wales,yes,no website found,
Llangors Lakeside Caravan Park,LD3 7TR,,,,,,,master_parks_working.csv (no website on file),Wales,Llangors,South Wales,no,no website found,
Llanungar Fach Caravan Park,SA62 6UA,,,,,,,master_parks_working.csv (no website on file),Wales,Solva,South Wales,no,no website found,
Lleithyr Farm Caravan Park,SA62 6PR,,,,,,,master_parks_working.csv (no website on file),Wales,St. David's and the Cathedral Close,South Wales,yes,no website found,
Llewelyn Holiday Park,LD2 3NU,,,,,,,master_parks_working.csv (no website on file),Wales,Cilmery,South Wales,no,no website found,
Llwyn Celyn Caravan Park,SY16 3DG,,,,,,,master_parks_working.csv (no website on file),Wales,Dwyriw,North Wales,no,no website found,
Llwyn Onn Caravan Park,SY21 0QG,,,,,,,master_parks_working.csv (no website on file),Wales,Llanfihangel,North Wales,no,no website found,
Llwyngwril Caravan Park,LL37 2JT,,,,,,,master_parks_working.csv (no website on file),Wales,Llangelynnin,North Wales,yes,no website found,
Llyn Y Gele Caravan Park,LL54 5EL,,,,,,,master_parks_working.csv (no website on file),Wales,Clynnog,North Wales,no,no website found,
Lodge Farm Caravan Park,SA70 8TN,,,,,,,master_parks_working.csv (no website on file),Wales,St. Mary Out Liberty,South Wales,no,no website found,
Ludchurch,SA67 8JE,,,,,,,master_parks_working.csv (no website on file),Wales,Lampeter Velfrey,South Wales,no,no website found,
Lydstep Beach Holiday Park,SA70 7SB,,,,,,,master_parks_working.csv (no website on file),Wales,Manorbier,South Wales,no,no website found,
Lyndale Caravan Park,LL22 9AD,,,,,,,master_parks_working.csv (no website on file),Wales,Abergele,North Wales,yes,no website found,
Lyons Eryl Hall Caravan Park,LL17 0EW,,,,,,,master_parks_working.csv (no website on file),Wales,Cefnmeiriadog,North Wales,no,no website found,
Lyons Pendyffryn Hall,LL34 6UF,,,,,,,master_parks_working.csv (no website on file),Wales,Penmaenmawr,North Wales,no,no website found,
Lyons Robin Hood Hol Park,LL18 3UU,,,,,,,master_parks_working.csv (no website on file),Wales,Rhyl,North Wales,yes,no website found,
Lyons Winkups Caravan Park,LL22 9EL,,,,,,,master_parks_working.csv (no website on file),Wales,Kinmel Bay and Towyn,North Wales,yes,no website found,
Mabws Bridge Park,SA62 5JB,,,,,,,master_parks_working.csv (no website on file),Wales,Mathry,South Wales,no,no website found,
Maelan Caravan Park,LL40 2LF,,,,,,,master_parks_working.csv (no website on file),Wales,Ganllwyd,North Wales,no,no website found,
Maes Bangor Caravan Park,SY23 3LT,,,,,,,master_parks_working.csv (no website on file),Wales,Melindwr,South Wales,no,no website found,
Maes Carafannau Tyn Llan Caravan Park,LL53 8NB,,,,,,,master_parks_working.csv (no website on file),Wales,Tudweiliog,North Wales,yes,no website found,
Maes Dolau Caravan Park,LL30 1SR,,,,,,,master_parks_working.csv (no website on file),Wales,Conwy,North Wales,no,no website found,
Maesperthi Caravan Park,SY20 8UN,,,,,,,master_parks_working.csv (no website on file),Wales,Cadfarch,North Wales,no,no website found,
MaesYrAfon Caravan Park,SY21 8QB,,,,,,,master_parks_working.csv (no website on file),Wales,Berriew,North Wales,no,no website found,
Manor Caravan Park,LL53 7ER,,,,,,,master_parks_working.csv (no website on file),Wales,Llanengan,North Wales,no,no website found,
Manor House Leisure Park,LL18 5UN,,,,,,,master_parks_working.csv (no website on file),Wales,Bodelwyddan,North Wales,no,no website found,
Manorafon Holiday Park,SA44 6QE,,,,,,,master_parks_working.csv (no website on file),Wales,Penbryn,South Wales,no,no website found,
Manorbier Country Park,SA70 7SN,,,,,,,master_parks_working.csv (no website on file),Wales,Manorbier,South Wales,no,no website found,
Marl Farm Caravan Park,LL31 9JA,,,,,,,master_parks_working.csv (no website on file),Wales,Conwy,North Wales,no,no website found,
Meadow House Holiday Park,SA67 8NS,,,,,,,master_parks_working.csv (no website on file),Wales,Amroth,South Wales,no,no website found,
Melin Rhos Caravan Park,LL70 9HQ,,,,,,,master_parks_working.csv (no website on file),Wales,Moelfre,North Wales,no,no website found,
Mill House Caravan Park,SY24 5LX,,,,,,,master_parks_working.csv (no website on file),Wales,Geneu'r Glyn,North Wales,no,no website found,
Milton Bridge Caravan Park,SA70 8PH,,,,,,,master_parks_working.csv (no website on file),Wales,Carew,South Wales,no,no website found,
Min y Ffrwd Caravan Park,LL78 7JQ,,,,,,,master_parks_working.csv (no website on file),Wales,Llanfair-Mathafarn-Eithaf,North Wales,no,no website found,
Misty Waters Caravan and Chalet Park,CH8 9AL,,,,,,,master_parks_working.csv (no website on file),Wales,Whitford,North Wales,no,no website found,
Moat Farm Caravan Park,SY21 8BL,,,,,,,master_parks_working.csv (no website on file),Wales,Manafon,North Wales,no,no website found,
Moelfre View Caravan Park,LL43 2AJ,,,,,,,master_parks_working.csv (no website on file),Wales,Dyffryn Ardudwy,North Wales,no,no website found,
Moel-Y-Berth,LL53 8NT,,,,,,,master_parks_working.csv (no website on file),Wales,Tudweiliog,North Wales,yes,no website found,
Moreton Farm Leisure Park,SA69 9EA,,,,,,,master_parks_working.csv (no website on file),Wales,Saundersfoot,South Wales,no,no website found,
Morfa Farm Caravan Park,SY23 5BU,,,,,,,master_parks_working.csv (no website on file),Wales,Llanrhystyd,South Wales,no,no website found,
Morfa Lodge Caravan Site,LL54 5TP,,,,,,,master_parks_working.csv (no website on file),Wales,Llandwrog,North Wales,no,no website found,
Mossfield Caravan Park,LL22 9NF,,,,,,,master_parks_working.csv (no website on file),Wales,Kinmel Bay and Towyn,North Wales,yes,no website found,
Mounds Caravan Park,CH8 9JN,,,,,,,master_parks_working.csv (no website on file),Wales,Llanasa,North Wales,no,no website found,
Mount Farm,SA62 6XL,,,,,,,master_parks_working.csv (no website on file),Wales,Solva,South Wales,no,no website found,
Mumbles Hill Caravan Park,SA3 4HZ,,,,,,,master_parks_working.csv (no website on file),Wales,Mumbles,South Wales,no,no website found,
Myrtle Holiday Park,SA68 0RE,,,,,,,master_parks_working.csv (no website on file),Wales,Jeffreyston,South Wales,no,no website found,
Nant Newydd Caravan Park,LL78 7JJ,,,,,,,master_parks_working.csv (no website on file),Wales,Llanddyfnan,North Wales,no,no website found,
Natures Point Porth Pistyll,LL53 6LR,,,,,,,master_parks_working.csv (no website on file),Wales,Pistyll,North Wales,no,no website found,
Neptune Hall Caravan Park,LL36 0DL,,,,,,,master_parks_working.csv (no website on file),Wales,Tywyn,North Wales,no,no website found,
Neuadd Caravan Park,SA45 9TY,,,,,,,master_parks_working.csv (no website on file),Wales,Llanllwchaiarn,South Wales,no,no website found,
New Inn Caravan Park,SA67 8NW,,,,,,,master_parks_working.csv (no website on file),Wales,Amroth,South Wales,no,no website found,
Newgale Beach Holiday Park,SA62 6BD,,,,,,,master_parks_working.csv (no website on file),Wales,Nolton and Roch,South Wales,no,no website found,
Nine Wells Caravan Park,SA62 6UH,,,,,,,master_parks_working.csv (no website on file),Wales,St. David's and the Cathedral Close,South Wales,no,no website found,
Noble Court Holiday Park,SA67 7ES,,,,,,,master_parks_working.csv (no website on file),Wales,Narberth,South Wales,no,no website found,
Nolton Bay Caravan Park,SA62 3NH,,,,,,,master_parks_working.csv (no website on file),Wales,Nolton and Roch,South Wales,no,no website found,
Oakfield Caravan Park Ltd,LL18 5LH,,,,,,,master_parks_working.csv (no website on file),Wales,Kinmel Bay and Towyn,North Wales,yes,no website found,
Oakland Caravan Park,SA67 8NS,,,,,,,master_parks_working.csv (no website on file),Wales,Amroth,South Wales,no,no website found,
Ogwen Bank Holiday Park,LL57 3LQ,,,,,,,master_parks_working.csv (no website on file),Wales,Llanllechid,North Wales,no,no website found,
Old Mill Caravan and Camping Park,SA69 9BB,,,,,,,master_parks_working.csv (no website on file),Wales,Saundersfoot,South Wales,no,no website found,
Old Vicarage Park,SA34 0PG,,,,,,,master_parks_working.csv (no website on file),Wales,Eglwyscummin,South Wales,no,no website found,
Palins Holiday Park,LL18 5LE,,,,,,,master_parks_working.csv (no website on file),Wales,Kinmel Bay and Towyn,North Wales,yes,no website found,
Pall Mall Farm  Caravan Park,LL36 9RU,,,,,,,master_parks_working.csv (no website on file),Wales,Tywyn,North Wales,no,no website found,
Pant Mawr Caravan Park,LL46 2SS,,,,,,,master_parks_working.csv (no website on file),Wales,Harlech,North Wales,no,no website found,
Pant Y Neudd Park,LL36 9HW,,,,,,,master_parks_working.csv (no website on file),Wales,Tywyn,North Wales,no,no website found,
Pantglas Farm Caravan Park,SA34 0NS,,,,,,,master_parks_working.csv (no website on file),Wales,Amroth,South Wales,no,no website found,
Pantymwyn Caravan Park,CH7 5EF,,,,,,,master_parks_working.csv (no website on file),Wales,Gwernaffield with Pantymwyn,North Wales,no,no website found,
Parc Caerelwan,LL43 2AX,,,,,,,master_parks_working.csv (no website on file),Wales,Dyffryn Ardudwy,North Wales,no,no website found,
Parc Carafanau,SY20 8UN,,,,,,,master_parks_working.csv (no website on file),Wales,Cadfarch,North Wales,no,no website found,
Parc Carafannau Meusydd,LL28 5SL,,,,,,,master_parks_working.csv (no website on file),Wales,Llansanffraid Glan Conwy,North Wales,no,no website found,
Parc Elernion,LL54 5AA,,,,,,,master_parks_working.csv (no website on file),Wales,Trefor a Llanaelhaearn,North Wales,no,no website found,
Parc Llwydiarth Caravan Park,SY21 0QE,,,,,,,master_parks_working.csv (no website on file),Wales,Banwy,North Wales,no,no website found,
Parc Morlais Holiday Lodge Park,SY23 5LZ,,,,,,,master_parks_working.csv (no website on file),Wales,Llansantffraed,South Wales,no,no website found,
Parciau Caravans Ltd,LL73 8NY,,,,,,,master_parks_working.csv (no website on file),Wales,Llaneugrad,North Wales,no,no website found,
Park Farm Caravans,SA70 7SU,,,,,,,master_parks_working.csv (no website on file),Wales,Manorbier,South Wales,no,no website found,
Park Hall Caravan Site,SA62 6LS,,,,,,,master_parks_working.csv (no website on file),Wales,Brawdy,South Wales,no,no website found,
Parsonage Farm Caravan Park,SA67 8PR,,,,,,,master_parks_working.csv (no website on file),Wales,Amroth,South Wales,no,no website found,
Pen Isaf Farm Caravan Park,LL22 8RN,,,,,,,master_parks_working.csv (no website on file),Wales,Llangernyw,North Wales,no,no website found,
Pen Parc Caravan Park,LL78 7JG,,,,,,,master_parks_working.csv (no website on file),Wales,Llanfair-Mathafarn-Eithaf,North Wales,no,no website found,
Pen Y Berth Caravan Park,LL53 7HG,,,,,,,master_parks_working.csv (no website on file),Wales,Llanbedrog,North Wales,no,no website found,
Pen Y Bryn Caravan Park,LL22 8PL,,,,,,,master_parks_working.csv (no website on file),Wales,Betws yn Rhos,North Wales,no,no website found,
Pen Y Glol Caravan Park,CH8 8RQ,,,,,,,master_parks_working.csv (no website on file),Wales,Whitford,North Wales,no,no website found,
Penally Court Farm,SA70 7PR,,,,,,,master_parks_working.csv (no website on file),Wales,Penally,South Wales,no,no website found,
Penally Court Kiln Park,SA70 7RA,,,,,,,master_parks_working.csv (no website on file),Wales,Penally,South Wales,no,no website found,
Pencarnan Farm,SA62 6PY,,,,,,,master_parks_working.csv (no website on file),Wales,St. David's and the Cathedral Close,South Wales,yes,no website found,
Pendeilo Leisure Park,SA67 8PR,,,,,,,master_parks_working.csv (no website on file),Wales,Amroth,South Wales,no,no website found,
Pendyffryn Farm Caravan Park,LL34 6UE,,,,,,,master_parks_working.csv (no website on file),Wales,Penmaenmawr,North Wales,no,no website found,
Penlan Y Mor Caravan Park,SA47 0QE,,,,,,,master_parks_working.csv (no website on file),Wales,Llanllwchaiarn,South Wales,no,no website found,
Penllech Uchaf,LL53 8PA,,,,,,,master_parks_working.csv (no website on file),Wales,Tudweiliog,North Wales,yes,no website found,
Penllyn Holiday Park,LL36 0DP,,,,,,,master_parks_working.csv (no website on file),Wales,Tywyn,North Wales,no,no website found,
Penmaenbach Caravan Park,SY20 9LD,,,,,,,master_parks_working.csv (no website on file),Wales,Pennal,North Wales,no,no website found,
Penrefail Caravan Park,LL22 8PN,,,,,,,master_parks_working.csv (no website on file),Wales,Llanfair Talhaiarn,North Wales,no,no website found,
Penrhiw Pistyll Caravan Park,SA45 9TQ,,,,,,,master_parks_working.csv (no website on file),Wales,New Quay,South Wales,no,no website found,
Penrhiwiau Caravan Park,LL53 7RR,,,,,,,master_parks_working.csv (no website on file),Wales,Llanengan,North Wales,no,no website found,
Penrhos Caravan Park,LL35 0RT,,,,,,,master_parks_working.csv (no website on file),Wales,Aberdovey,North Wales,no,no website found,
Penrhos Holiday Park,SY23 5AY,,,,,,,master_parks_working.csv (no website on file),Wales,Llanrhystyd,South Wales,no,no website found,
Penrhyn Hall Farm Caravan Park,LL30 3EE,,,,,,,master_parks_working.csv (no website on file),Wales,Llandudno,North Wales,no,no website found,
Penrhyn Point Holiday Site,LL74 8RU,,,,,,,master_parks_working.csv (no website on file),Wales,Llanfair-Mathafarn-Eithaf,North Wales,no,no website found,
Penserri Holiday Park,LL64 5JR,,,,,,,master_parks_working.csv (no website on file),Wales,Llanfaelog,North Wales,yes,no website found,
Pentre Felin County Caravan Park,LL22 8UB,,,,,,,master_parks_working.csv (no website on file),Wales,Llangernyw,North Wales,no,no website found,
PenYBryn Caravan Park,LL53 8PB,,,,,,,master_parks_working.csv (no website on file),Wales,Tudweiliog,North Wales,yes,no website found,
PenYBryn Farm Country Lodge Park,LL22 8YL,,,,,,,master_parks_working.csv (no website on file),Wales,Betws yn Rhos,North Wales,no,no website found,
PenYFan Caravan and Leisure Park,NP12 0HY,,,,,,,master_parks_working.csv (no website on file),Wales,Argoed,South Wales,no,no website found,
PenyFfrith Caravan Park,LL19 7AR,,,,,,,master_parks_working.csv (no website on file),Wales,Prestatyn,North Wales,yes,no website found,
PenYGarth Caravan Park,LL23 7ES,,,,,,,master_parks_working.csv (no website on file),Wales,Llangywer,North Wales,no,no website found,
PenYWern Caravan Park,SY23 4JT,,,,,,,master_parks_working.csv (no website on file),Wales,Trawsgoed,South Wales,no,no website found,
Pidgeon House Caravan Park,LL73 8NY,,,,,,,master_parks_working.csv (no website on file),Wales,Llaneugrad,North Wales,no,no website found,
Pilbach Holiday Park,SA44 5RT,,,,,,,master_parks_working.csv (no website on file),Wales,Beulah,South Wales,no,no website found,
Pines Caravan Park,LD1 6NN,,,,,,,master_parks_working.csv (no website on file),Wales,Nantmel,South Wales,no,no website found,
Plas Caravan Park,LL63 5TU,,,,,,,reconciled from raw listings - never in reference/classification data,Wales,Llanfaelog,North Wales,no,listings,
Plas Dolguog Hotel Holiday Park,SY20 8UJ,,,,,,,master_parks_working.csv (no website on file),Wales,Cadfarch,North Wales,no,no website found,
Plas Moel Y Garnedd Caravan Park,LL23 7YG,,,,,,,master_parks_working.csv (no website on file),Wales,Llanycil,North Wales,no,no website found,
Plas Morfa Caravan Park,SY23 5LX,,,,,,,master_parks_working.csv (no website on file),Wales,Llansantffraed,South Wales,no,no website found,
Pleasant Valley Caravan Park,SA67 8NT,,,,,,,master_parks_working.csv (no website on file),Wales,Amroth,South Wales,no,no website found,
Porth Dafarch South Caravan Park,LL65 2LS,,,,,,,master_parks_working.csv (no website on file),Wales,Trearddur,North Wales,no,no website found,
Porth Y Post,LL65 2UP,,,,,,,master_parks_working.csv (no website on file),Wales,Trearddur,North Wales,no,no website found,
Primrose Caravan Park,LL22 9EN,,,,,,,master_parks_working.csv (no website on file),Wales,Kinmel Bay and Towyn,North Wales,yes,no website found,
Private Land,LL72 8HN,,,,,,,master_parks_working.csv (no website on file),Wales,Moelfre,North Wales,yes,no website found,
Pyscodlyn Caravan and Camping Park,NP7 7ER,,,,,,,master_parks_working.csv (no website on file),Wales,Abergavenny,South Wales,no,no website found,
Redlands Touring Caravan and Camping Park,SA62 3SJ,,,,,,,master_parks_working.csv (no website on file),Wales,The Havens,South Wales,no,no website found,
Rendezvous Caravan Park,LL22 8HE,,,,,,,master_parks_working.csv (no website on file),Wales,Llanddulas and Rhyd-y-Foel,North Wales,no,no website found,
Rhos Caravan Park,LL75 8DZ,,,,,,,master_parks_working.csv (no website on file),Wales,Pentraeth,North Wales,no,no website found,
Rhosgoch Holiday Park,LD2 3JB,,,,,,,master_parks_working.csv (no website on file),Wales,Painscastle,South Wales,no,no website found,
Rhosson Ganol Caravan Park,SA62 6PY,,,,,,,master_parks_working.csv (no website on file),Wales,St. David's and the Cathedral Close,South Wales,yes,no website found,
Rhynys Caravan Park,LL70 9HJ,,,,,,,master_parks_working.csv (no website on file),Wales,Moelfre,North Wales,no,no website found,
Rose Park Organic Farm Caravan Camping,SA67 8QJ,,,,,,,master_parks_working.csv (no website on file),Wales,Amroth,South Wales,no,no website found,
Rose Villa Caravan Park,LL32 8HZ,,,,,,,master_parks_working.csv (no website on file),Wales,Conwy,North Wales,no,no website found,
Rose Villa Caravan Site,LL34 6TW,,,,,,,master_parks_working.csv (no website on file),Wales,Penmaenmawr,North Wales,no,no website found,
Rowen Holiday Park,LL43 2AD,,,,,,,master_parks_working.csv (no website on file),Wales,Dyffryn Ardudwy,North Wales,no,no website found,
Rowston Holiday Park Ltd,SA70 8TL,,,,,,,master_parks_working.csv (no website on file),Wales,St. Mary Out Liberty,South Wales,no,no website found,
Rumbleway Caravan Park,SA70 8TR,,,,,,,master_parks_working.csv (no website on file),Wales,St. Mary Out Liberty,South Wales,no,no website found,
San Remo Chalet Park,LL22 9LA,,,,,,,master_parks_working.csv (no website on file),Wales,Kinmel Bay and Towyn,North Wales,yes,no website found,
Sandy Haven Camping Park,SA73 3ST,,,,,,,master_parks_working.csv (no website on file),Wales,Herbrandston,South Wales,yes,no website found,
Scar Farm Holiday Home Park,SA69 9AH,,,,,,,master_parks_working.csv (no website on file),Wales,Saundersfoot,South Wales,no,no website found,
Schooner Park LImited,SA45 9SG,,,,,,,master_parks_working.csv (no website on file),Wales,Llanllwchaiarn,South Wales,no,no website found,
Sea Breeze Caravan Park,LL75 8EJ,,,,,,,master_parks_working.csv (no website on file),Wales,Llanfair-Mathafarn-Eithaf,North Wales,no,no website found,
Sea Nymph Caravan Park,LL43 2AE,,,,,,,master_parks_working.csv (no website on file),Wales,Dyffryn Ardudwy,North Wales,no,no website found,
Sea Shells Holiday Park,LL22 9LB,,,,,,,master_parks_working.csv (no website on file),Wales,Kinmel Bay and Towyn,North Wales,yes,no website found,
Sealands Farm Caravan Park,SA3 1LU,,,,,,,master_parks_working.csv (no website on file),Wales,Penrice,South Wales,yes,no website found,
Seren Y Dyffryn Caravan Park,LL28 5YF,,,,,,,master_parks_working.csv (no website on file),Wales,Mochdre,North Wales,no,no website found,
Severn Caravan Park,SY21 8RT,,,,,,,master_parks_working.csv (no website on file),Wales,Forden with Leighton and Trelystan,North Wales,no,no website found,
Shoreline Leisure Park,SA16 0HD,,,,,,,master_parks_working.csv (no website on file),Wales,Pembrey and Burry Port Town,South Wales,yes,no website found,
Shoreside Caravan Park,LL64 5QX,,,,,,,master_parks_working.csv (no website on file),Wales,Llanfaelog,North Wales,yes,no website found,
Silver Bay Caravan Park,LL65 2RZ,,,,,,,master_parks_working.csv (no website on file),Wales,Rhoscolyn,North Wales,yes,no website found,
South Caravan Holiday Park,SA34 0NL,,,,,,,master_parks_working.csv (no website on file),Wales,Lampeter Velfrey,South Wales,no,no website found,
Spinney Holiday and Leisure Park,CF64 5UH,,,,,,,master_parks_working.csv (no website on file),Wales,Sully and Lavernock,South Wales,no,no website found,
Spring Gardens Caravan Park,LL17 0HY,,,,,,,master_parks_working.csv (no website on file),Wales,Bodelwyddan,North Wales,no,no website found,
St Madoc,SA3 1DE,,,,,,,master_parks_working.csv (no website on file),Wales,"Llangennith, Llanmadoc and Cheriton",South Wales,no,no website found,
St Michael Park,LL22 9LN,,,,,,,master_parks_working.csv (no website on file),Wales,Kinmel Bay and Towyn,North Wales,yes,no website found,
Starre Gorse Caravan Park,SA67 8LR,,,,,,,master_parks_working.csv (no website on file),Wales,Amroth,South Wales,no,no website found,
Stephen Valley Caravan Park,SA33 5AN,,,,,,,master_parks_working.csv (no website on file),Wales,Llansteffan,South Wales,no,no website found,
Stone Pitt Caravan and Camping Park,SA68 0XE,,,,,,,master_parks_working.csv (no website on file),Wales,Kilgetty/Begelly,South Wales,no,no website found,
Stones Caravan Park,LL22 9HT,,,,,,,master_parks_working.csv (no website on file),Wales,Kinmel Bay and Towyn,North Wales,yes,no website found,
Strand Caravan Park,LL74 8SR,,,,,,,master_parks_working.csv (no website on file),Wales,Llanfair-Mathafarn-Eithaf,North Wales,no,no website found,
Summerhill Caravan Park,SA67 8LU,,,,,,,master_parks_working.csv (no website on file),Wales,Amroth,South Wales,no,no website found,
Sun Beach Holiday Park,LL55 3PD,,,,,,,master_parks_working.csv (no website on file),Wales,Llanddeiniolen,North Wales,no,no website found,
Sunnyvale Caravan Park,LL18 5AS,,,,,,,master_parks_working.csv (no website on file),Wales,Kinmel Bay and Towyn,North Wales,yes,no website found,
Tan Llan Caravan Site,LL53 8AQ,,,,,,,master_parks_working.csv (no website on file),Wales,Tudweiliog,North Wales,yes,no website found,
Tan Rallt Caravan Park,LL22 8EE,,,,,,,master_parks_working.csv (no website on file),Wales,Betws yn Rhos,North Wales,no,no website found,
Tan Y Rogo Caravan Park,LL22 8EY,,,,,,,master_parks_working.csv (no website on file),Wales,Llanddulas and Rhyd-y-Foel,North Wales,no,no website found,
Tandderwen Caravan Park,LL30 3LD,,,,,,,master_parks_working.csv (no website on file),Wales,Llandudno,North Wales,no,no website found,
Tanrogo Caravan Park,LL22 8HB,,,,,,,master_parks_working.csv (no website on file),Wales,Llanddulas and Rhyd-y-Foel,North Wales,no,no website found,
TanYBanc Caravan Park,LL70 9PQ,,,,,,,master_parks_working.csv (no website on file),Wales,Moelfre,North Wales,no,no website found,
Tanyfron Caravan and Camping Park,LL40 2AA,,,,,,,master_parks_working.csv (no website on file),Wales,Dolgellau,North Wales,no,no website found,
TanYLan Caravan Park,SA17 5UH,,,,,,,master_parks_working.csv (no website on file),Wales,St. Ishmael,South Wales,yes,no website found,
Tanylan Farm Holidays,SA17 5HJ,,,,,,,master_parks_working.csv (no website on file),Wales,St. Ishmael,South Wales,yes,no website found,
Tavern Caravan Park,SY21 8NN,,,,,,,master_parks_working.csv (no website on file),Wales,Forden with Leighton and Trelystan,North Wales,no,no website found,
Terfyn Bella Caravans,LL18 3YE,,,,,,,master_parks_working.csv (no website on file),Wales,Rhyl,North Wales,yes,no website found,
The Bungalow Camp Caravan Park,LL18 5LE,,,,,,,master_parks_working.csv (no website on file),Wales,Kinmel Bay and Towyn,North Wales,yes,no website found,
The Cove Caravan Park,SA62 3UU,,,,,,,master_parks_working.csv (no website on file),Wales,The Havens,South Wales,no,no website found,
The Feathers Caravan Park,SA19 8AY,,,,,,,master_parks_working.csv (no website on file),Wales,Llanwrda,South Wales,no,no website found,
The Grove Caravan Park,SA33 4PH,,,,,,,master_parks_working.csv (no website on file),Wales,Pendine,South Wales,no,no website found,
The Lee Caravan Park,LL65 2AX,,,,,,,master_parks_working.csv (no website on file),Wales,Trearddur,North Wales,yes,no website found,
The Mill Caravan Site,LL45 2NS,,,,,,,master_parks_working.csv (no website on file),Wales,Llanbedr,North Wales,no,no website found,
The Paddocks Lodge Park,LL22 9NF,,,,,,,master_parks_working.csv (no website on file),Wales,Kinmel Bay and Towyn,North Wales,yes,no website found,
The Park Motel and Restaurant,LD1 6RF,,,,,,,master_parks_working.csv (no website on file),Wales,Nantmel,South Wales,no,no website found,
The Quarry Site,LL73 8PN,,,,,,,master_parks_working.csv (no website on file),Wales,Llaneugrad,North Wales,yes,no website found,
The Trotting Mare Caravan Park,LL13 0LE,,,,,,,master_parks_working.csv (no website on file),Wales,Overton,Central England,no,no website found,
Thornley Leisure,LL22 8HA,,,,,,,master_parks_working.csv (no website on file),Wales,Llanddulas and Rhyd-y-Foel,North Wales,no,no website found,
Thornley Leisure Park,LL53 7LD,,,,,,,master_parks_working.csv (no website on file),Wales,Llanengan,North Wales,no,no website found,
Torbant Caravan Park,SA62 5JN,,,,,,,master_parks_working.csv (no website on file),Wales,Llanrhian,South Wales,no,no website found,
Towyn Farm,LL53 8PD,,,,,,,master_parks_working.csv (no website on file),Wales,Tudweiliog,North Wales,yes,no website found,
Traeth Bychan Caravan Park,LL73 8PN,,,,,,,master_parks_working.csv (no website on file),Wales,Llaneugrad,North Wales,yes,no website found,
Trallwyn Hall Caravan Park,LL53 6RL,,,,,,,master_parks_working.csv (no website on file),Wales,Llanystumdwy,North Wales,no,no website found,
Trannon Caravan Park,SY17 5PU,,,,,,,master_parks_working.csv (no website on file),Wales,Trefeglwys,North Wales,no,no website found,
Transfynydd Holiday Village,LL41 4YB,,,,,,,master_parks_working.csv (no website on file),Wales,Trawsfynydd,North Wales,no,no website found,
Trawsfynydd Holiday Village,LL41 4YB,,,,,,,master_parks_working.csv (no website on file),Wales,Trawsfynydd,North Wales,no,no website found,
Trearddur Bay Country Park,LL65 2TS,,,,,,,master_parks_working.csv (no website on file),Wales,Trearddur,North Wales,no,no website found,
Trederwen Caravan Park,SY22 6SY,,,,,,,master_parks_working.csv (no website on file),Wales,Llansantffraid,North Wales,no,no website found,
Trefgarn Owen Caravan Park,SA62 6NE,,,,,,,master_parks_working.csv (no website on file),Wales,Brawdy,South Wales,no,no website found,
Tremfan Hall Caravan Park,LL53 7NN,,,,,,,master_parks_working.csv (no website on file),Wales,Llanbedrog,North Wales,no,no website found,
Tretio Caravan Park,SA62 6DE,,,,,,,master_parks_working.csv (no website on file),Wales,St. David's and the Cathedral Close,South Wales,yes,no website found,
Trevayne Farm Caravan Park,SA69 9DL,,,,,,,master_parks_working.csv (no website on file),Wales,St. Mary Out Liberty,South Wales,no,no website found,
Troed Y Rhiw Caravan Park,SA43 1RX,,,,,,,master_parks_working.csv (no website on file),Wales,Y Ferwig,South Wales,no,no website found,
Ty Bont Caravan Park,CH7 5NJ,,,,,,,master_parks_working.csv (no website on file),Wales,Gwernaffield with Pantymwyn,North Wales,no,no website found,
Ty Gwyn Caravan Park,LL26 0UD,,,,,,,master_parks_working.csv (no website on file),Wales,Llanddoged and Maenan,North Wales,no,no website found,
Ty Hen,LL64 5QS,,,,,,,master_parks_working.csv (no website on file),Wales,Llanfaelog,North Wales,yes,no website found,
Ty Mawr Caravan Holiday Home Park,SY24 5LB,,,,,,,master_parks_working.csv (no website on file),Wales,Llangynfelyn,North Wales,yes,no website found,
Tyddyn Callod Park,LL53 7LA,,,,,,,master_parks_working.csv (no website on file),Wales,Llanengan,North Wales,no,no website found,
Tyddyn Cethin Caravan Park,LL52 0NF,,,,,,,master_parks_working.csv (no website on file),Wales,Llanystumdwy,North Wales,no,no website found,
Tyddyn Heilyn Site,LL53 6SW,,,,,,,master_parks_working.csv (no website on file),Wales,Llanystumdwy,North Wales,no,no website found,
Tyddyn Hendwr Farm Caravan Park,LL21 0SN,,,,,,,master_parks_working.csv (no website on file),Wales,Llandrillo,North Wales,no,no website found,
Tydu Vale Caravan Park,SA44 6LQ,,,,,,,master_parks_working.csv (no website on file),Wales,Llandysiliogogo,South Wales,no,no website found,
Tydynn Du Caravan Park,LL34 6RE,,,,,,,master_parks_working.csv (no website on file),Wales,Penmaenmawr,North Wales,no,no website found,
Tygwyn Farm Caravan Park,LL22 9HA,,,,,,,master_parks_working.csv (no website on file),Wales,Kinmel Bay and Towyn,North Wales,yes,no website found,
Tyn Don,LL53 7LG,,,,,,,master_parks_working.csv (no website on file),Wales,Llanengan,North Wales,no,no website found,
Tyn N Pwll Caravan Park,SY20 9JF,,,,,,,master_parks_working.csv (no website on file),Wales,Mawddwy,North Wales,no,no website found,
Tyn Twll Farm,LL40 2UG,,,,,,,master_parks_working.csv (no website on file),Wales,Llanelltyd,North Wales,no,no website found,
Tynllwyn Caravan and Camping Park,LL36 9RD,,,,,,,master_parks_working.csv (no website on file),Wales,Bryn-crug,North Wales,no,no website found,
TynyMorfa Caravan Park,CH8 9JN,,,,,,,master_parks_working.csv (no website on file),Wales,Llanasa,North Wales,no,no website found,
Tytandderwen Caravan Park,LL23 7EP,,,,,,,master_parks_working.csv (no website on file),Wales,Llangywer,North Wales,no,no website found,
Vaenol Farm Caravan Park,LL36 9HS,,,,,,,master_parks_working.csv (no website on file),Wales,Tywyn,North Wales,no,no website found,
Valley Of Rocks Caravan Park,LL65 2LL,,,,,,,master_parks_working.csv (no website on file),Wales,Holyhead,North Wales,no,no website found,
Vanner Abbey Farm,LL40 2HE,,,,,,,master_parks_working.csv (no website on file),Wales,Llanelltyd,North Wales,no,no website found,
Vigin Farm Caravan Park,LL73 8PN,,,,,,,master_parks_working.csv (no website on file),Wales,Llaneugrad,North Wales,yes,no website found,
Vyrnwy Caravan Park,SY22 6SY,,,,,,,master_parks_working.csv (no website on file),Wales,Llansantffraid,North Wales,no,no website found,
Waen Fach Caravan Park,LL36 9SB,,,,,,,master_parks_working.csv (no website on file),Wales,Llanegryn,North Wales,no,no website found,
Walton Court Caravan and Camping Site,LD8 2PY,,,,,,,master_parks_working.csv (no website on file),Wales,Old Radnor,South Wales,no,no website found,
Waters Edge Leisure Park,SA43 1PP,,,,,,,master_parks_working.csv (no website on file),Wales,Y Ferwig,South Wales,no,no website found,
Wern Caravan Park,LL53 6LW,,,,,,,master_parks_working.csv (no website on file),Wales,Pistyll,North Wales,no,no website found,
Werngoch Caravan Park,LL23 7ST,,,,,,,master_parks_working.csv (no website on file),Wales,Llanuwchllyn,North Wales,no,no website found,
West Angle Bay Caravan Park,SA71 4HN,,,,,,,master_parks_working.csv (no website on file),Wales,Pembroke,South Wales,no,no website found,
Westwood Caravan Park,LL29 8SW,,,,,,,master_parks_working.csv (no website on file),Wales,Llysfaen,North Wales,no,no website found,
White Park Farm,SA69 9AX,,,,,,,master_parks_working.csv (no website on file),Wales,Saundersfoot,South Wales,no,no website found,
White Tower Caravan Park,LL54 5UH,,,,,,,master_parks_working.csv (no website on file),Wales,Llanwnda,North Wales,no,no website found,
Whitewell Caravan Park,SA70 7RY,,,,,,,master_parks_working.csv (no website on file),Wales,Penally,South Wales,no,no website found,
Wide Horizons Caravan Park,SA46 0ET,,,,,,,master_parks_working.csv (no website on file),Wales,Henfynyw,South Wales,no,no website found,
Willow Touring and Camping Park,LL53 7RW,,,,,,,master_parks_working.csv (no website on file),Wales,Llanengan,North Wales,no,no website found,
Windmills Camping Park,SA70 8TJ,,,,,,,master_parks_working.csv (no website on file),Wales,St. Mary Out Liberty,South Wales,no,no website found,
Wisemans Bridge Inn Caravan Park,SA69 9AU,,,,,,,master_parks_working.csv (no website on file),Wales,Amroth,South Wales,no,no website found,
Wood Office Caravan Park,SA67 8RR,,,,,,,master_parks_working.csv (no website on file),Wales,Templeton,South Wales,no,no website found,
Woodland Park,SA5 4QP,,,,,,,master_parks_working.csv (no website on file),Wales,Waunarlwydd,South Wales,no,no website found,
Woodland View Caravan Park,SY18 6LH,,,,,,,master_parks_working.csv (no website on file),Wales,Llanidloes Without,South Wales,no,no website found,
Woodlands View Caravan Park,SY18 6LH,,,,,,,master_parks_working.csv (no website on file),Wales,Llanidloes Without,South Wales,no,no website found,
Wyeside Caravan and Camping Park,LD6 5LB,,,,,,,master_parks_working.csv (no website on file),Wales,Rhayader,South Wales,no,no website found,
Y Fron Caravan Park,SY24 5LR,,,,,,,master_parks_working.csv (no website on file),Wales,Borth,North Wales,no,no website found,
Y Noddfa Luxury Lodge Park,LL53 6YA,,,,,,,master_parks_working.csv (no website on file),Wales,Llannor,North Wales,no,no website found,
YFelin Caravan Park,LL21 0TT,,,,,,,master_parks_working.csv (no website on file),Wales,Llandrillo,North Wales,no,no website found,
Ynysymaengwyn Caravan Park,LL36 9RY,,,,,,,master_parks_working.csv (no website on file),Wales,Bryn-crug,North Wales,no,no website found,
Monnow Bridge Caravan Site,NP25 5AD,,,,,,,master_parks_working.csv (no website on file),Wales,Monmouth,South Wales,no,no website found,
Plas Y Bryn Chalet Park,LL54 7YE,,,,,,,master_parks_working.csv (no website on file),Wales,Bontnewydd,North Wales,no,no website found,
Avon Park,CV37 0NS,https://www.stratfordparks.co.uk,,,,,,classify_new_batch.py (not in original reference table),Warwickshire,,,,blocked,Stratford Parks
Avonside Caravan Park,CV37 8PW,,,,,,,master_parks_working.csv (no website on file),Warwickshire,Welford-on-Avon,Central England,no,no website found,
Binton Bridges Caravan Park,CV37 8PN,,,,,,,master_parks_working.csv (no website on file),Warwickshire,Welford-on-Avon,Central England,no,no website found,
Caldwell Caravan Park,CV11 4QT,,,,,,,master_parks_working.csv (no website on file),Warwickshire,"Nuneaton and Bedworth, unparished area",Central England,no,no website found,
Dovecote Riverside Caravan Park,B50 4NP,,,,,,,master_parks_working.csv (no website on file),Warwickshire,Bidford-on-Avon,Central England,no,no website found,
Mill Farm Park,CV12 9SF,,,,,,,master_parks_working.csv (no website on file),Warwickshire,"Nuneaton and Bedworth, unparished area",Central England,no,no website found,
Orchard Lodge Holiday Park,B50 4NP,,,,,,,master_parks_working.csv (no website on file),Warwickshire,Bidford-on-Avon,Central England,no,no website found,
Riverside Caravan Park,CV37 7AB,,,,,,,master_parks_working.csv (no website on file),Warwickshire,Stratford-upon-Avon,Central England,no,no website found,
The Three Horses,B49 6DG,,,,,,,master_parks_working.csv (no website on file),Warwickshire,Wixford,Central England,no,no website found,
Topiary Park,B50 4PQ,,,,,,,master_parks_working.csv (no website on file),Warwickshire,Bidford-on-Avon,Central England,no,no website found,
Welford Riverside Park,CV37 8PN,,,,,,,master_parks_working.csv (no website on file),Warwickshire,Welford-on-Avon,Central England,no,no website found,
Willow Park,WR11 8UP,,,,,,,master_parks_working.csv (no website on file),Warwickshire,Salford Priors,Central England,no,no website found,
Wootton Hall,B95 6EF,,,,,,,master_parks_working.csv (no website on file),Warwickshire,Wootton Wawen,Central England,no,no website found,
Boroughbridge Camping and CaravananningClub Site,YO51 9LS,,,,,,,master_parks_working.csv (no website on file),Wiltshire,Roecliffe,Yorkshire and Humber,no,no website found,
Heath Farm Park,SP3 4BH,,,,,,,master_parks_working.csv (no website on file),Wiltshire,Barford St. Martin,South West,no,no website found,
Rawlins Park,SN8 1RQ,,,,,,,master_parks_working.csv (no website on file),Wiltshire,Avebury,South West,no,no website found,
The Chase,SN14 6LA,,,,,,,master_parks_working.csv (no website on file),Wiltshire,Stanton St. Quintin,South West,no,no website found,
Avon Riverside Park,WR11 2PG,,,,,,,master_parks_working.csv (no website on file),Worcestershire,Evesham,Central England,no,no website found,
Bewdley Caravan Park,DY14 9UW,,,,,,,master_parks_working.csv (no website on file),Worcestershire,Rock,Central England,no,no website found,
Brant Farm Camping and Caravan Park,WR6 6TD,,,,,,,master_parks_working.csv (no website on file),Worcestershire,Shrawley,Central England,no,no website found,
Brant Farm Caravan Park,DY12 1QB,,,,,,,master_parks_working.csv (no website on file),Worcestershire,Bewdley,Central England,no,no website found,
Charleswood Caravan Site,DY12 1AP,,,,,,,master_parks_working.csv (no website on file),Worcestershire,Kidderminster Foreign,Central England,no,no website found,
Croft Farm Leisure,GL20 7EE,,,,,,,master_parks_working.csv (no website on file),Worcestershire,Bredon,Central England,no,no website found,
Dunhampton Caravan Park,DY13 9SW,,,,,,,master_parks_working.csv (no website on file),Worcestershire,Ombersley,Central England,no,no website found,
Evesham Vale Caravan Park,WR11 2RD,,,,,,,master_parks_working.csv (no website on file),Worcestershire,Charlton,Central England,no,no website found,
Field Barn Holiday Park,WR10 3LY,,,,,,,master_parks_working.csv (no website on file),Worcestershire,Cropthorne,Central England,no,no website found,
Four Acres Caravan Park,DY13 9PB,,,,,,,master_parks_working.csv (no website on file),Worcestershire,Stourport-on-Severn,Central England,no,no website found,
Goodmore Hill Farm,DY14 9UQ,,,,,,,master_parks_working.csv (no website on file),Worcestershire,Rock,Central England,no,no website found,
Green Lawns Caravan Park,DY13 9PB,,,,360.0,,,master_parks_working.csv (no website on file),Worcestershire,Stourport-on-Severn,Central England,no,no website found,
Gumburn Park,WR2 6NS,,,,,,,master_parks_working.csv (no website on file),Worcestershire,Grimley,Central England,no,no website found,
Hampton Ferry Caravan Park,WR11 4BP,,,,,,,master_parks_working.csv (no website on file),Worcestershire,Evesham,Central England,no,no website found,
Harvington Lock Caravan Park,WR11 8PA,,,,,,,master_parks_working.csv (no website on file),Worcestershire,Harvington,Central England,no,no website found,
Holt Fleet Farm,WR6 6NW,,,,,,,master_parks_working.csv (no website on file),Worcestershire,Ombersley,Central England,no,no website found,
Ketch Caravan Park,WR5 3HW,,,,,,,master_parks_working.csv (no website on file),Worcestershire,St. Peter the Great County,Central England,no,no website found,
Kingsford Caravan Park,DY11 5TA,,,,,,,master_parks_working.csv (no website on file),Worcestershire,Wolverley and Cookley,Central England,no,no website found,
Little Lakes Golf and Country Club,DY12 2UZ,,,,,,,master_parks_working.csv (no website on file),Worcestershire,Ribbesford,Central England,no,no website found,
Long Acres Park,WR11 7RN,,,,,,,master_parks_working.csv (no website on file),Worcestershire,Evesham,Central England,no,no website found,
Manor Farm Leisure,WR11 8PA,,,,,,,master_parks_working.csv (no website on file),Worcestershire,Harvington,Central England,no,no website found,
Mutton Hall Caravan Park,WR9 0HT,,,,,,,master_parks_working.csv (no website on file),Worcestershire,Ombersley,Central England,no,no website found,
Norgroves End Caravan Park,DY14 9LX,,,,,,,master_parks_working.csv (no website on file),Worcestershire,Bayton,Central England,no,no website found,
Oakmere Park,WR8 0DZ,,,,,,,master_parks_working.csv (no website on file),Worcestershire,Hanley Castle,Central England,no,no website found,
Peachley Caravan Park,WR2 6QR,,,,,,,master_parks_working.csv (no website on file),Worcestershire,Lower Broadheath,Central England,no,no website found,
Peacock Caravan Park,WR15 8LL,,,,,,,master_parks_working.csv (no website on file),Worcestershire,Boraston,Central England,no,no website found,
Redstone Caravan Park,DY13 0LD,,,,,,,master_parks_working.csv (no website on file),Worcestershire,Stourport-on-Severn,Central England,no,no website found,
Rivermead Holiday Home Park,WR10 2JF,https://www.rivermeadholidayhomepark.co.uk,,,,,,classify_new_batch.py (not in original reference table),Worcestershire,,,,blocked,
Riverside Caravan Park,DY12 2RE,,,,,,,master_parks_working.csv (no website on file),Worcestershire,Bewdley,Central England,no,no website found,
Rousbine Caravan Park,DY14 9DD,,,,,,,master_parks_working.csv (no website on file),Worcestershire,Rock,Central England,no,no website found,
Severnside Caravan Park,DY13 9PY,,,,,,,master_parks_working.csv (no website on file),Worcestershire,Stourport-on-Severn,Central England,no,no website found,
Temeside Caravan Park,WR6 6RU,,,,,,,master_parks_working.csv (no website on file),Worcestershire,Shelsley Kings,Central England,no,no website found,
The Boyce Caravan Park,WR6 5UB,,,,,,,master_parks_working.csv (no website on file),Worcestershire,Stanford Bishop,Central England,no,no website found,
Weir Meadow Park,WR11 3AA,,,,,,,master_parks_working.csv (no website on file),Worcestershire,Evesham,Central England,no,no website found,
Wide Horizons Holiday Park,DY14 9JG,,,,,,,master_parks_working.csv (no website on file),Worcestershire,Mamble,Central England,no,no website found,
Willow Park,WR11 8UB,,,,,,,master_parks_working.csv (no website on file),Worcestershire,Aldington,Central England,no,no website found,
Woodhouse Farm,DY12 3LD,,,,,,,master_parks_working.csv (no website on file),Worcestershire,Upper Arley,Central England,no,no website found,
Wyre Forest Caravan Park,DY14 9UN,,,,,,,master_parks_working.csv (no website on file),Worcestershire,Rock,Central England,no,no website found,
Wyre Forest Park Ltd.,DY14 9UN,,,,,,,master_parks_working.csv (no website on file),Worcestershire,Rock,Central England,no,no website found,
Wyre Mill Club,WR10 2JF,,,,,,,master_parks_working.csv (no website on file),Worcestershire,Wyre Piddle,Central England,no,no website found,
Yew Tree Farm Caravan Park,DY14 9TE,,,,,,,master_parks_working.csv (no website on file),Worcestershire,Rock,Central England,no,no website found,
Patrington Haven Leisure Park,HU12 0PT,,,,,,,master_parks_working.csv (no website on file),Yorkshire,Patrington,Yorkshire and Humber,no,no website found,
Wayside Caravan Park,YO18 8PG,,,,64.0,,,master_parks_working.csv (no website on file),Yorkshire,Wrelton,Yorkshire and Humber,no,no website found,
Westfield Caravan Site,HG3 5BX,,,,,,,master_parks_working.csv (no website on file),Yorkshire,Stonebeck Down,Yorkshire and Humber,no,no website found,
Airy Hill Cottages & Caravan Park,YO21 1PZ,,,,,,,master_parks_working.csv (no website on file),Yorkshire,Whitby,Yorkshire and Humber,no,no website found,
Ashdene,HX5 9JB,,,,,,,master_parks_working.csv (no website on file),Yorkshire,"Calderdale, unparished area",Yorkshire and Humber,no,no website found,
Atlas Mill Caravan Park,HD6 1ES,,,,,,,master_parks_working.csv (no website on file),Yorkshire,"Calderdale, unparished area",Yorkshire and Humber,no,no website found,
Beachbank Caravan Park,YO25 8TU,,,,,,,master_parks_working.csv (no website on file),Yorkshire,Ulrome,Yorkshire and Humber,no,no website found,
Beachview Caravan Park,YO11 3NP,,,,,,,master_parks_working.csv (no website on file),Yorkshire,Cayton,Yorkshire and Humber,no,no website found,
Bluebell Caravan Site,YO51 9DN,,,,,,,master_parks_working.csv (no website on file),Yorkshire,Kirby Hill,Yorkshire and Humber,no,no website found,
Centenary Way Camping and Caravan Park,YO14 0HU,,,,,,,master_parks_working.csv (no website on file),Yorkshire,Filey,Yorkshire and Humber,no,no website found,
Centre House Caravan Park,YO25 8TP,,,,,,,master_parks_working.csv (no website on file),Yorkshire,Ulrome,Yorkshire and Humber,no,no website found,
Clifftop Holiday Park,YO14 9PT,,,,,,,master_parks_working.csv (no website on file),Yorkshire,Gristhorpe,Yorkshire and Humber,no,no website found,
Colling Camp,YO14 0HJ,,,,,,,master_parks_working.csv (no website on file),Yorkshire,Filey,Yorkshire and Humber,no,no website found,
Cowden Caravan Park,HU11 4UL,,,,,,,master_parks_working.csv (no website on file),Yorkshire,Mappleton,Yorkshire and Humber,no,no website found,
Crook Farm Caravan Park Ltd,BD17 5ED,,,,,,,master_parks_working.csv (no website on file),Yorkshire,Baildon,Yorkshire and Humber,no,no website found,
Crows Nest Caravan Park,YO14 9PS,,,,,,,master_parks_working.csv (no website on file),Yorkshire,Gristhorpe,Yorkshire and Humber,no,no website found,
Crowtrees Park,BD23 4SD,,,,,,,master_parks_working.csv (no website on file),Yorkshire,Wigglesworth,North West,no,no website found,
Dalton Bridge House,YO7 3HP,,,,,,,master_parks_working.csv (no website on file),Yorkshire,Dalton,Yorkshire and Humber,no,no website found,
Easington Beach Caravan Park,HU12 0TY,,,,,,,master_parks_working.csv (no website on file),Yorkshire,Easington,Yorkshire and Humber,no,no website found,
Easingwold Caravan Park,YO61 3NF,,,,,,,master_parks_working.csv (no website on file),Yorkshire,Easingwold,Yorkshire and Humber,no,no website found,
Eastlands Caravan Park,YO16 4DB,,,,,,,master_parks_working.csv (no website on file),Yorkshire,Bridlington,Yorkshire and Humber,no,no website found,
Eshton Road Caravan Park,BD23 3PN,,,,,,,master_parks_working.csv (no website on file),Yorkshire,Gargrave,Yorkshire and Humber,no,no website found,
Falsgrave Leisure Villlage,YO12 4BG,,,,,,,master_parks_working.csv (no website on file),Yorkshire,Scarborough,Yorkshire and Humber,no,no website found,
Flask Inn Holiday Home Park,YO22 4QH,,,,,,,master_parks_working.csv (no website on file),Yorkshire,Fylingdales,Yorkshire and Humber,no,no website found,
Florida Keys,YO41 5PF,,,,,,,master_parks_working.csv (no website on file),Yorkshire,Barmby Moor,Yorkshire and Humber,no,no website found,
Flying Horseshoe Campsite,LA2 8ES,,,,,,,master_parks_working.csv (no website on file),Yorkshire,Clapham cum Newby,Yorkshire and Humber,no,no website found,
Folly Garth Caravan Park,YO61 3ES,,,,,,,master_parks_working.csv (no website on file),Yorkshire,Easingwold,Yorkshire and Humber,no,no website found,
Four Acres Caravan Park,YO25 8DG,,,,,,,master_parks_working.csv (no website on file),Yorkshire,Atwick,Yorkshire and Humber,no,no website found,
Gatehouse Caravan Site,TS13 5JR,,,,,,,master_parks_working.csv (no website on file),Yorkshire,Hinderwell,Yorkshire and Humber,no,no website found,
Golden Sands Caravan Park,HU19 2QF,,,,,,,master_parks_working.csv (no website on file),Yorkshire,Hollym,Yorkshire and Humber,no,no website found,
Grange Caravan Park,YO25 8SY,,,,,,,master_parks_working.csv (no website on file),Yorkshire,Skipsea,Yorkshire and Humber,no,no website found,
Gransmoor Lodge,YO25 8HY,,,,,,,master_parks_working.csv (no website on file),Yorkshire,Burton Agnes,Yorkshire and Humber,no,no website found,
Greenacre East Caravan Park,YO15 1AH,,,,,,,master_parks_working.csv (no website on file),Yorkshire,Flamborough,Yorkshire and Humber,no,no website found,
Greenacre West Caravan Park,YO15 1AH,,,,,,,master_parks_working.csv (no website on file),Yorkshire,Flamborough,Yorkshire and Humber,no,no website found,
Haighfield Caravan Park,LS17 9DY,,,,,,,master_parks_working.csv (no website on file),Yorkshire,Bardsey cum Rigton,Yorkshire and Humber,no,no website found,
Harden and Bingley Holiday Park,BD16 1DF,,,,,,,master_parks_working.csv (no website on file),Yorkshire,Wilsden,Yorkshire and Humber,no,no website found,
Hawthorns Caravan Park,YO16 6XA,,,,,,,master_parks_working.csv (no website on file),Yorkshire,Bridlington,Yorkshire and Humber,no,no website found,
Headlands Caravan Site,YO51 9LS,,,,,,,master_parks_working.csv (no website on file),Yorkshire,Roecliffe,Yorkshire and Humber,no,no website found,
Heron Lakes Luxury Lodge Park,HU17 9SL,,,,,,,master_parks_working.csv (no website on file),Yorkshire,Routh,Yorkshire and Humber,no,no website found,
Highgate Howe Holiday Home Park,YO22 4JY,,,,,,,master_parks_working.csv (no website on file),Yorkshire,Hawsker-cum-Stainsacre,Yorkshire and Humber,no,no website found,
Hollicarrs Caravan Park,YO19 6ED,,,,,,,master_parks_working.csv (no website on file),Yorkshire,Escrick,Yorkshire and Humber,no,no website found,
Holme Head Caravan Park,LA6 3ET,,,,,,,master_parks_working.csv (no website on file),Yorkshire,Thornton in Lonsdale,Yorkshire and Humber,no,no website found,
Honeycott Caravan Park,DL8 3LH,,,,,,,master_parks_working.csv (no website on file),Yorkshire,Hawes,Yorkshire and Humber,no,no website found,
Jasmine Park,YO13 9BE,,,,,,,master_parks_working.csv (no website on file),Yorkshire,Snainton,Yorkshire and Humber,no,no website found,
Lakeside Holiday park,YO60 7DA,,,,,,,master_parks_working.csv (no website on file),Yorkshire,Henderskelfe,Yorkshire and Humber,no,no website found,
Lowfield Caravan Park,YO14 0HJ,,,,,,,master_parks_working.csv (no website on file),Yorkshire,Filey,Yorkshire and Humber,no,no website found,
Malton Grange Holiday Lodge Park,YO17 6TL,,,,,,,master_parks_working.csv (no website on file),Yorkshire,Amotherby,Yorkshire and Humber,no,no website found,
Maple Country Park,HU18 1EL,,,,,,,master_parks_working.csv (no website on file),Yorkshire,Hornsea,Yorkshire and Humber,no,no website found,
Marton Valley Caravan Park,YO15 1DU,,,,,,,master_parks_working.csv (no website on file),Yorkshire,Bridlington,Yorkshire and Humber,no,no website found,
Martonia Caravan Park,YO15 1DX,,,,,,,master_parks_working.csv (no website on file),Yorkshire,Bridlington,Yorkshire and Humber,no,no website found,
Merry Lees Caravan Park,YO12 4NN,,,,,,,master_parks_working.csv (no website on file),Yorkshire,Folkton,Yorkshire and Humber,no,no website found,
Moor Lodge Caravan Park,LS17 9DZ,,,,,,,master_parks_working.csv (no website on file),Yorkshire,Bardsey cum Rigton,Yorkshire and Humber,no,no website found,
Moor Valley Caravan Park,LS20 8PG,,,,,,,master_parks_working.csv (no website on file),Yorkshire,"Leeds, unparished area",Yorkshire and Humber,no,no website found,
Newbiggin Gardens Caravan Park,YO14 9PG,,,,,,,master_parks_working.csv (no website on file),Yorkshire,Gristhorpe,Yorkshire and Humber,no,no website found,
Newholme Caravan Park,HG4 3DR,,,,,,,master_parks_working.csv (no website on file),Yorkshire,Grewelthorpe,Yorkshire and Humber,no,no website found,
North Marine Holiday Park,YO15 1AU,,,,,,,master_parks_working.csv (no website on file),Yorkshire,Flamborough,Yorkshire and Humber,no,no website found,
Northcliffe Holiday Park,YO22 4LL,,,,,,,master_parks_working.csv (no website on file),Yorkshire,Hawsker-cum-Stainsacre,Yorkshire and Humber,no,no website found,
Nostell Priory Holiday Park,WF4 1QE,,,,,,,master_parks_working.csv (no website on file),Yorkshire,Huntwick with Foulby and Nostell,Yorkshire and Humber,no,no website found,
Olicana Caravan Park,LS29 0RD,,,,,,,master_parks_working.csv (no website on file),Yorkshire,Addingham,Yorkshire and Humber,no,no website found,
Orchard Caravan Park,DL11 6TT,,,,26.0,,,master_parks_working.csv (no website on file),Yorkshire,"Reeth, Fremington and Healaugh",Yorkshire and Humber,no,no website found,
Palm Grove Court Park,DN8 4EB,,,,,,,master_parks_working.csv (no website on file),Yorkshire,Thorne,Yorkshire and Humber,no,no website found,
Park Estate,YO16 6TG,,,,,,,master_parks_working.csv (no website on file),Yorkshire,Bridlington,Yorkshire and Humber,no,no website found,
Park Rose Village,YO15 3QF,,,,,,,master_parks_working.csv (no website on file),Yorkshire,Carnaby,Yorkshire and Humber,no,no website found,
Pinemoor Caravan Park,HG3 2RZ,,,,,,,master_parks_working.csv (no website on file),Yorkshire,Killinghall,Yorkshire and Humber,no,no website found,
Promenade Caravan Park,HU18 1LT,,,,,,,master_parks_working.csv (no website on file),Yorkshire,Hornsea,Yorkshire and Humber,no,no website found,
Railings Caravan Park,YO15 1DX,,,,,,,master_parks_working.csv (no website on file),Yorkshire,Bridlington,Yorkshire and Humber,no,no website found,
Robins Hood Bay,YO22 4JU,,,,,,,master_parks_working.csv (no website on file),Yorkshire,Hawsker-cum-Stainsacre,Yorkshire and Humber,no,no website found,
Runswick Bay Caravan and Camping Park,TS13 5HU,,,,,,,master_parks_working.csv (no website on file),Yorkshire,Hinderwell,Yorkshire and Humber,no,no website found,
Sandholme Lodge Holiday Park,HU15 2QQ,,,,,,,master_parks_working.csv (no website on file),Yorkshire,Newport,Yorkshire and Humber,no,no website found,
Scalm Park Leisure,YO8 3RD,,,,,,,master_parks_working.csv (no website on file),Yorkshire,Selby,Yorkshire and Humber,no,no website found,
Schoolwood Farm Holiday Park,LS29 9JU,,,,,,,master_parks_working.csv (no website on file),Yorkshire,Addingham,Yorkshire and Humber,no,no website found,
Sea Dale Caravan Park,YO14 0HT,,,,,,,master_parks_working.csv (no website on file),Yorkshire,Filey,Yorkshire and Humber,no,no website found,
Seathorne Holiday Village,HU19 2BS,,,,,,,master_parks_working.csv (no website on file),Yorkshire,Withernsea,Yorkshire and Humber,no,no website found,
Shaw Ghyll Farm,DL8 3LY,,,,30.0,,,master_parks_working.csv (no website on file),Yorkshire,High Abbotside,Yorkshire and Humber,no,no website found,
Shaws Trailer Park,HG2 7NE,,,,,,,master_parks_working.csv (no website on file),Yorkshire,Harrogate,Yorkshire and Humber,no,no website found,
Skipsea Beach Bank Caravan Park,YO25 8TU,,,,,,,master_parks_working.csv (no website on file),Yorkshire,Ulrome,Yorkshire and Humber,no,no website found,
Skirlington Leisure Park,YO25 8SY,,,,,,,master_parks_working.csv (no website on file),Yorkshire,Skipsea,Yorkshire and Humber,no,no website found,
South Cliff Caravan Park,YO15 3QN,,,,,,,master_parks_working.csv (no website on file),Yorkshire,Bridlington,Yorkshire and Humber,no,no website found,
Southfields Caravan Park,YO25 8TU,,,,,,,master_parks_working.csv (no website on file),Yorkshire,Ulrome,Yorkshire and Humber,no,no website found,
Sowerby Caravan Park,YO7 3AG,,,,,,,master_parks_working.csv (no website on file),Yorkshire,Sowerby,Yorkshire and Humber,no,no website found,
Stoupe Cross Farm Caravan Park,YO22 4JU,,,,,,,master_parks_working.csv (no website on file),Yorkshire,Hawsker-cum-Stainsacre,Yorkshire and Humber,no,no website found,
Street Head Caravan Park,DL8 3TE,,,,,,,master_parks_working.csv (no website on file),Yorkshire,Newbiggin,Yorkshire and Humber,no,no website found,
Sycamores Caravan Park,YO42 4HT,,,,,,,master_parks_working.csv (no website on file),Yorkshire,Barmby Moor,Yorkshire and Humber,no,no website found,
Tarn Caravan Park,BD23 3LQ,,,,,,,master_parks_working.csv (no website on file),Yorkshire,Stirton with Thorlby,Yorkshire and Humber,no,no website found,
Tavern House Caravan Park,DL11 7RA,,,,22.0,,,master_parks_working.csv (no website on file),Yorkshire,Newsham,Yorkshire and Humber,no,no website found,
The Chequers Inn,HG3 3JN,,,,,,,master_parks_working.csv (no website on file),Yorkshire,"Bishop Thornton, Shaw Mills and Warsill",Yorkshire and Humber,no,no website found,
The Greens,DL8 3LJ,,,,15.0,,,master_parks_working.csv (no website on file),Yorkshire,Hawes,Yorkshire and Humber,no,no website found,
The Haven Caravan Park,YO13 0HH,,,,,,,master_parks_working.csv (no website on file),Yorkshire,Burniston,Yorkshire and Humber,no,no website found,
The Hollicarrs,YO19 6EA,,,,,,,master_parks_working.csv (no website on file),Yorkshire,Escrick,Yorkshire and Humber,no,no website found,
The Pines at Runswick Bay,TS13 5HR,,,,,,,master_parks_working.csv (no website on file),Yorkshire,Hinderwell,Yorkshire and Humber,no,no website found,
The Quernhow CafÃ© and Caravan Park,YO7 4LG,,,,,,,master_parks_working.csv (no website on file),Yorkshire,Kirklington-cum-Upsland,Yorkshire and Humber,no,no website found,
Toft Hill Farm,TS9 7HJ,,,,,,,master_parks_working.csv (no website on file),Yorkshire,Kirkby,Yorkshire and Humber,no,no website found,
Tosside Caravan Park,BD23 4SD,,,,,,,master_parks_working.csv (no website on file),Yorkshire,Wigglesworth,North West,no,no website found,
Trailer and Marina Leven Ltd,HU17 5LW,,,,,,,master_parks_working.csv (no website on file),Yorkshire,Leven,Yorkshire and Humber,no,no website found,
Ugthorpe Lodge Caravan Park,YO21 2BE,,,,,,,master_parks_working.csv (no website on file),Yorkshire,Ugthorpe,Yorkshire and Humber,no,no website found,
Upper Abbots Royd Caravan Park,HX4 0DE,,,,,,,master_parks_working.csv (no website on file),Yorkshire,Ripponden,Yorkshire and Humber,no,no website found,
Upper Carr Caravan Park,YO18 7JP,,,,,,,master_parks_working.csv (no website on file),Yorkshire,Pickering,Yorkshire and Humber,no,no website found,
Upwood Holiday Park,BD22 9SS,,,,,,,master_parks_working.csv (no website on file),Yorkshire,Oxenhope,Yorkshire and Humber,no,no website found,
Welford Field Caravan Park,YO25 8DF,,,,,,,master_parks_working.csv (no website on file),Yorkshire,Atwick,Yorkshire and Humber,no,no website found,
West Park,WF8 3HY,,,,,,,master_parks_working.csv (no website on file),Yorkshire,Darrington,Yorkshire and Humber,no,no website found,
Whitby Bay Holiday Park,YO22 4JX,,,,,,,master_parks_working.csv (no website on file),Yorkshire,Hawsker-cum-Stainsacre,Yorkshire and Humber,no,no website found,
White House Farm Caravan Park,TS9 7DF,,,,,,,master_parks_working.csv (no website on file),Yorkshire,Great and Little Broughton,Yorkshire and Humber,no,no website found,
White Rose Club Ltd,YO60 7QZ,,,,,,,master_parks_working.csv (no website on file),Yorkshire,Flaxton,Yorkshire and Humber,no,no website found,
Wold View Holiday Park,YO41 1HU,,,,,,,master_parks_working.csv (no website on file),Yorkshire,Stamford Bridge,Yorkshire and Humber,no,no website found,
Woodcarr Park,DN9 1PN,,,,,,,master_parks_working.csv (no website on file),Yorkshire,Belton,Yorkshire and Humber,no,no website found,
Wrens of Ryedale Touring Park,YO62 7SD,,,,,,,master_parks_working.csv (no website on file),Yorkshire,Harome,Yorkshire and Humber,no,no website found,
Dalbeattie Forest Lodge & Caravan Park,DG5 4QU,https://www.hoeysleisure.co.uk,,07900 634210,,,False,manually added - confirmed missing during Hoey's Leisure chain analysis,Dumfries and Galloway,Dalbeattie,Scotland,no,listings,Hoey's Leisure
Seaview Holiday Park,DT3 6DZ,https://www.haven.com/parks/dorset/seaview,,01305 833212,,,False,manually added - Haven parks list (haven_holiday_parks_all_38.xlsx),Dorset,Weymouth,South West,no,listings,Haven
